,author_id,z_score,features,feature_stats,tfidf,author,feature_names
0,0,"[np.float64(2.4790538209119384), np.float64(2.373834008773136), np.float64(2.3398088015446166), np.float64(2.027477042506582), np.float64(1.6629103948400235)]","[1325, 168, 740, 1357, 867]","[0, 0, 0, 0, 0]","[np.float64(0.0), np.float64(0.0008854545268868092), np.float64(-9.434225793992845e-12), np.float64(0.0014643375268351391), np.float64(0.0)]",Abgaryan,"['(PRON, ->, PRON, orphan)' '(PRON, ->, NUM, nummod:gov)'
 '(VERB, <-, SCONJ, cc)' '(VERB, <-, NOUN, obl)' '(VERB, <-, NOUN, obj)']"
1,1,"[np.float64(8.158170240398247), np.float64(1.5159146644469381), np.float64(0.9889926554006953), np.float64(0.7873130101521331), np.float64(0.6952465238958365)]","[202, 1203, 859, 761, 544]","[2, 0, 0, 0, 0]","[np.float64(0.009154163506935709), np.float64(0.0049501769642688095), np.float64(0.00012135779367977136), np.float64(0.0007054259627362366), np.float64(0.0071867548477061215)]",Adamov,"['(VERB, ->, ADV, xcomp)' '(ADJ, <-, PRON, det)' '(NUM, ->, VERB, acl)'
 '(AUX, ->, PROPN, root)' '(VERB, <-, CCONJ, mark)']"
2,2,"[np.float64(5.631719024779759), np.float64(4.263029948049097), np.float64(2.520621680114124), np.float64(2.1972227649063067), np.float64(2.179593667222476)]","[257, 804, 1209, 983, 599]","[105, 0, 0, 0, 0]","[np.float64(0.011749249293074934), np.float64(0.022109006843696873), np.float64(0.0024653051529485957), np.float64(0.0017327236864594013), np.float64(0.024753319793529335)]",Aksakov,"['(PRON, <-, ADV, advmod)' '(ADV, ->, PART, cc)' '(NOUN, ->, ADV, amod)'
 '(ADJ, ->, PROPN, flat:foreign)' '(ADV, ->, PART, root)']"
3,3,"[np.float64(5.511714088768367), np.float64(2.450139743689057), np.float64(2.2815189010449335), np.float64(1.4596428376349724), np.float64(0.9591872736594297)]","[519, 824, 1340, 1158, 388]","[0, 0, 77, 0, 0]","[np.float64(0.012542343394256559), np.float64(0.018813515091384837), np.float64(0.0062711716971282794), np.float64(0.0), np.float64(0.004402692155736427)]",AkuninBorisova,"['(PRON, <-, AUX, cop)' '(VERB, <-, ADV, parataxis)'
 '(VERB, ->, DET, iobj)' '(AUX, <-, ADV, mark)' '(PRON, <-, DET, det)']"
4,4,"[np.float64(5.4905153382781045), np.float64(5.255299185845161), np.float64(5.182334765506475), np.float64(4.1859177287118134), np.float64(2.9334091493034875)]","[603, 1326, 59, 161, 990]","[0, 1, 0, 0, 26]","[np.float64(0.0008032008066118069), np.float64(0.005685273413870737), np.float64(0.0), np.float64(0.035294931900155625), np.float64(0.0189405256530417)]",AkuninBrusnikin,"['(ADJ, <-, NUM, advmod)' '(AUX, ->, NOUN, appos)'
 '(VERB, ->, PROPN, xcomp)' '(VERB, ->, PROPN, flat:foreign)'
 '(DET, <-, CCONJ, advmod)']"
5,5,"[np.float64(2.366089280053233), np.float64(2.224955520108612), np.float64(2.116072760454988), np.float64(1.726872482804384), np.float64(1.6162796930689414)]","[1235, 702, 1396, 1339, 1071]","[0, 0, 0, 0, 0]","[np.float64(0.00039147996884083413), np.float64(0.009990990558230608), np.float64(0.02335666822125917), np.float64(0.014625003030349871), np.float64(0.0029805776108596973)]",Akunin,"['(X, <-, PRON, iobj)' '(ADJ, ->, PAD, conj)' '(NUM, <-, AUX, cop)'
 '(ADJ, <-, ADV, iobj)' '(NOUN, <-, ADJ, appos)']"
6,6,"[np.float64(2.5732614901643838), np.float64(1.8623228673664642), np.float64(1.8146998336896965), np.float64(1.7112160379456922), np.float64(1.5094502400500482)]","[1093, 1221, 690, 1403, 809]","[2, 0, 0, 0, 0]","[np.float64(0.0015493284050849955), np.float64(0.009203268216422372), np.float64(0.0006996337602004225), np.float64(0.0057054190663644614), np.float64(0.003681875456146238)]",Aldanov,"['(NUM, <-, SCONJ, advmod)' '(NOUN, <-, PAD, cop)'
 '(SCONJ, <-, ADP, case)' '(NOUN, ->, PRON, flat:name)'
 '(DET, ->, PRON, fixed)']"
7,7,"[np.float64(3.874255551041907), np.float64(3.858194869642337), np.float64(3.3456282606051087), np.float64(3.067279255122015), np.float64(3.045154405596274)]","[240, 1428, 476, 781, 242]","[0, 0, 1, 1, 0]","[np.float64(0.000881461581578597), np.float64(0.01790472395426923), np.float64(0.015866780055632086), np.float64(-1.830464729592419e-11), np.float64(0.007990118873040372)]",Aleshkovsky,"['(PROPN, <-, PRON, nmod)' '(PART, ->, PROPN, parataxis)'
 '(NOUN, ->, ADV, appos)' '(INTJ, ->, INTJ, root)' '(PROPN, ->, DET, det)']"
8,8,"[np.float64(24.474510721194736), np.float64(8.492469716263026), np.float64(7.2206930085068395), np.float64(6.002058332014767), np.float64(5.555205628645285)]","[1144, 1211, 715, 518, 608]","[8, 0, 0, 0, 0]","[np.float64(0.0), np.float64(0.0035325980102686436), np.float64(0.0), np.float64(6.892290142481179e-05), np.float64(0.009524800155474309)]",Alexander Hofman,"['(PROPN, <-, NOUN, nmod)' '(ADV, ->, SYM, mark)' '(PROPN, ->, ADJ, conj)'
 '(VERB, ->, VERB, punct)' '(PUNCT, <-, ADJ, amod)']"
9,9,"[np.float64(6.118627680298684), np.float64(6.118627680298684), np.float64(6.118627680298683), np.float64(5.353344823611159), np.float64(5.178174554152604)]","[327, 722, 521, 1443, 518]","[1, 1, 0, 21, 0]","[np.float64(0.0028834591631977467), np.float64(0.009515962384397064), np.float64(0.004923246917397193), np.float64(-5.136272113107831e-11), np.float64(0.0)]",Astafiev,"['(PUNCT, ->, NOUN, nsubj)' '(ADJ, ->, PROPN, flat:name)'
 '(DET, ->, PRON, acl)' '(NOUN, ->, CCONJ, cc)' '(VERB, ->, VERB, punct)']"
10,10,"[np.float64(6.118627680298684), np.float64(4.923254536461747), np.float64(4.059430583940205), np.float64(1.9928905241099908), np.float64(1.9048795469787074)]","[527, 859, 1364, 533, 1103]","[0, 21, 0, 0, 0]","[np.float64(0.07161274213582654), np.float64(0.0044476048236341895), np.float64(0.0003858930926396109), np.float64(0.015067777940811768), np.float64(0.00864288765774524)]",Bakhtin,"['(NOUN, <-, NOUN, conj)' '(NUM, ->, VERB, acl)'
 '(ADJ, ->, PROPN, discourse)' '(DET, ->, PRON, nsubj)'
 '(NOUN, ->, NOUN, mark)']"
11,11,"[np.float64(13.779226578370764), np.float64(2.3078070068002514), np.float64(1.342591792234199), np.float64(1.0301564309090019), np.float64(0.821991802618921)]","[852, 305, 1092, 773, 161]","[100, 0, 0, 1, 0]","[np.float64(0.00179323674996528), np.float64(0.02272090601629553), np.float64(0.0), np.float64(0.00089661837498264), np.float64(-3.1063190040140704e-11)]",Barinova,"['(NOUN, <-, PART, cc)' '(PRON, ->, NOUN, acl:relcl)'
 '(PROPN, ->, VERB, acl)' '(PRON, <-, VERB, cop)'
 '(VERB, ->, PROPN, flat:foreign)']"
12,12,"[np.float64(5.0814076201589895), np.float64(2.345257606926425), np.float64(2.058057506018639), np.float64(1.3336622518625982), np.float64(0.9605312420134695)]","[151, 1367, 1071, 101, 841]","[0, 1, 0, 0, 0]","[np.float64(0.0), np.float64(0.0), np.float64(-3.6746236161453866e-12), np.float64(0.0), np.float64(0.0)]",bashinform 202,"['(ADJ, ->, ADJ, obl)' '(NOUN, ->, ADP, appos)' '(NOUN, <-, ADJ, appos)'
 '(ADJ, ->, VERB, conj)' '(NUM, ->, NUM, punct)']"
13,13,"[np.float64(2.0663182306773917), np.float64(1.6330083485114457), np.float64(0.811194680229219), np.float64(0.4042669454950073), np.float64(0.3959206051119886)]","[483, 715, 937, 667, 863]","[0, 0, 1, 0, 0]","[np.float64(0.0016740404845001322), np.float64(0.0003003364097037683), np.float64(0.008627626157059939), np.float64(0.0), np.float64(0.001376165193736312)]",Belyaev,"['(ADV, ->, ADJ, fixed)' '(PROPN, ->, ADJ, conj)' '(ADJ, ->, PROPN, obj)'
 '(VERB, ->, ADJ, parataxis)' '(PART, ->, VERB, root)']"
14,14,"[np.float64(3.0100989760122756), np.float64(2.953207811898299), np.float64(2.557834745399482), np.float64(2.4208502224136987), np.float64(1.9812127577473047)]","[1325, 1020, 603, 1340, 716]","[0, 0, 0, 75, 0]","[np.float64(0.0), np.float64(0.011760207506646306), np.float64(0.01347926252781779), np.float64(0.0), np.float64(0.0)]",Belyanin,"['(PRON, ->, PRON, orphan)' '(ADV, <-, DET, nsubj)'
 '(ADJ, <-, NUM, advmod)' '(VERB, ->, DET, iobj)' '(ADV, <-, NOUN, csubj)']"
15,15,"[np.float64(21.253867526581413), np.float64(17.146270083430778), np.float64(1.5822918464899065), np.float64(1.1737008424183195), np.float64(0.4730472344417808)]","[815, 1204, 56, 38, 1117]","[21, 24, 0, 0, 0]","[np.float64(-5.704316884347017e-11), np.float64(0.0), np.float64(0.0), np.float64(0.0), np.float64(0.006494391317431936)]",Bobkova,"['(VERB, <-, VERB, nsubj)' '(PRON, <-, ADV, case)'
 '(NUM, <-, PART, advmod)' '(DET, ->, PART, conj)'
 '(ADJ, <-, PART, advmod)']"
16,16,"[np.float64(2.1806811311202114), np.float64(2.14962385301916), np.float64(0.9857217422074003), np.float64(0.9193789612082472), np.float64(0.6728312915315454)]","[469, 280, 1385, 56, 101]","[0, 0, 0, 1, 0]","[np.float64(0.0011639625382511042), np.float64(0.0030962938024927723), np.float64(0.0021702438891438107), np.float64(0.0072364204457752495), np.float64(0.0030962938024927723)]",BonchOsmolovskaya,"['(DET, ->, PART, discourse)' '(ADJ, <-, SCONJ, obl)'
 '(AUX, <-, DET, det)' '(NUM, <-, PART, advmod)' '(ADJ, ->, VERB, conj)']"
17,17,"[np.float64(2.0286652641831298), np.float64(1.6301417548612445), np.float64(1.5231771313327391), np.float64(1.368868656644515), np.float64(1.235434648872984)]","[68, 280, 1383, 305, 493]","[0, 0, 0, 0, 0]","[np.float64(0.0029338350866086253), np.float64(0.000249723785027055), np.float64(0.0029089584311899454), np.float64(0.002413193271205551), np.float64(-8.599150888545897e-12)]",Brustein,"['(NOUN, <-, PART, acl)' '(ADJ, <-, SCONJ, obl)' '(DET, ->, PROPN, obl)'
 '(PRON, ->, NOUN, acl:relcl)' '(NOUN, ->, NOUN, obl)']"
18,18,"[np.float64(3.059313840149343), np.float64(3.0593138401493425), np.float64(3.059313840149342), np.float64(2.930884912583799), np.float64(2.692465672426453)]","[43, 1396, 1085, 124, 415]","[1, 0, 4, 0, 0]","[np.float64(0.008390134496531261), np.float64(0.03703632682981643), np.float64(0.0), np.float64(0.0012700193525342278), np.float64(0.0036939365889267716)]",Bulgakov,"['(NOUN, <-, X, nummod:entity)' '(NUM, <-, AUX, cop)'
 '(VERB, ->, CCONJ, advmod)' '(AUX, <-, PROPN, obl)'
 '(ADV, <-, ADV, advcl)']"
19,19,"[np.float64(2.224955520108612), np.float64(1.9330859930870807), np.float64(1.7331285729198913), np.float64(0.7931996510218241), np.float64(0.7069201087984448)]","[851, 733, 1053, 1389, 113]","[124, 0, 0, 0, 18]","[np.float64(0.0014822480420088908), np.float64(0.023671462671062495), np.float64(0.01294098419575875), np.float64(0.002246666680772403), np.float64(0.0005197221112531767)]",Bulychev,"['(NOUN, <-, NUM, nummod)' '(VERB, <-, VERB, appos)'
 '(ADV, ->, NUM, nummod)' '(PROPN, ->, ADJ, parataxis)'
 '(ADV, ->, NOUN, advmod)']"
20,20,"[np.float64(1.4368603920454006), np.float64(1.305084528102574), np.float64(1.1767590861278767), np.float64(1.10914715890671), np.float64(1.0346709479892366)]","[747, 28, 485, 869, 1255]","[0, 0, 0, 0, 0]","[np.float64(0.005873056741332526), np.float64(0.004331787097007071), np.float64(0.001191017194423237), np.float64(0.0014418345498506515), np.float64(0.004219345705755983)]",Bushkov,"['(PRON, ->, ADV, punct)' '(VERB, ->, PROPN, ccomp)'
 '(NOUN, <-, PART, amod)' '(ADJ, <-, ADP, advmod)'
 '(DET, ->, PART, orphan)']"
21,21,"[np.float64(2.719390080132748), np.float64(2.469905394769983), np.float64(2.0568605325381295), np.float64(1.8047587014828235), np.float64(1.796388253678085)]","[1117, 290, 1232, 306, 795]","[124, 0, 9, 0, 0]","[np.float64(0.0002565983233080053), np.float64(0.0005928569954635346), np.float64(0.008846862067355875), np.float64(0.004692487260867614), np.float64(0.0)]",Bykov,"['(ADJ, <-, PART, advmod)' '(NOUN, ->, PART, conj)'
 '(ADV, ->, PRON, nmod)' '(PRON, ->, ADV, advmod)' '(ADV, <-, PRON, cop)']"
22,22,"[np.float64(7.471456997315483), np.float64(-0.04099583035376001), np.float64(-0.04099583035376002), np.float64(-0.040995830353760025), np.float64(-0.040995830353760025)]","[1078, 493, 963, 92, 352]","[0, 110, 0, 1, 0]","[np.float64(0.0), np.float64(0.0), np.float64(0.009705092678246265), np.float64(0.0), np.float64(0.0)]",Chechin,"['(PROPN, ->, PROPN, conj)' '(NOUN, ->, NOUN, obl)'
 '(NUM, ->, ADJ, fixed)' '(ADJ, <-, NOUN, nsubj:pass)'
 '(NOUN, <-, X, nsubj)']"
23,23,"[np.float64(5.291103437122169), np.float64(3.9463177599432933), np.float64(3.5064689190315113), np.float64(3.246533743635017), np.float64(2.515691939872752)]","[825, 282, 983, 1190, 146]","[0, 0, 0, 0, 0]","[np.float64(0.004589756072230144), np.float64(0.13225888342809491), np.float64(0.0), np.float64(0.012822857360840528), np.float64(0.0014375557398383337)]",Chekhov,"['(DET, ->, PART, appos)' '(SYM, ->, NUM, parataxis)'
 '(ADJ, ->, PROPN, flat:foreign)' '(PRON, ->, ADJ, conj)'
 '(NOUN, ->, DET, parataxis)']"
24,24,"[np.float64(3.0232422373178247), np.float64(0.97376352381553), np.float64(0.9353805362063455), np.float64(0.9162815601356161), np.float64(0.546992576086326)]","[1156, 1235, 1083, 1216, 715]","[0, 116, 0, 0, 0]","[np.float64(0.0), np.float64(0.0), np.float64(0.0), np.float64(0.0014903188868336126), np.float64(0.0013612567672619154)]",Cherkasova,"['(ADV, <-, ADV, parataxis)' '(X, <-, PRON, iobj)'
 '(PROPN, ->, PRON, flat)' '(ADJ, <-, SCONJ, obj)'
 '(PROPN, ->, ADJ, conj)']"
25,25,"[np.float64(11.38155145546358), np.float64(9.025582002725095), np.float64(8.158170240398244), np.float64(8.158170240398244), np.float64(8.158170240398244)]","[979, 1389, 339, 1034, 1052]","[0, 0, 124, 2, 0]","[np.float64(0.006088938837048322), np.float64(0.0063999179408674245), np.float64(0.002335604412024184), np.float64(0.03490852652305808), np.float64(0.008776174087972977)]",Convlab,"['(ADJ, <-, ADP, case)' '(PROPN, ->, ADJ, parataxis)'
 '(ADJ, ->, NUM, nummod:gov)' '(DET, ->, ADP, advcl)'
 '(ADV, <-, ADJ, iobj)']"
26,26,"[np.float64(3.7530331755474466), np.float64(2.1765834395860084), np.float64(1.5429924764006424), np.float64(1.161262041947689), np.float64(1.0436270946403603)]","[1372, 827, 461, 186, 405]","[0, 0, 0, 0, 1]","[np.float64(0.01326647118705878), np.float64(0.0010096553160022239), np.float64(0.009476050847899129), np.float64(0.020847311865378085), np.float64(0.0)]",Derevyanko,"['(CCONJ, <-, DET, det)' '(VERB, ->, PRON, orphan)'
 '(PRON, <-, PART, orphan)' '(VERB, <-, PRON, nmod)'
 '(CCONJ, <-, PUNCT, root)']"
27,27,"[np.float64(5.879801148406265), np.float64(3.0543207140903474), np.float64(1.0230266414730365), np.float64(-0.04099583035376001), np.float64(-0.04099583035376002)]","[57, 493, 56, 758, 615]","[2, 1, 0, 0, 0]","[np.float64(0.0), np.float64(-8.064515722209117e-11), np.float64(0.0024122265059146357), np.float64(0.0028073544872984644), np.float64(0.03620087587158474)]",DoctorPiter,"['(PROPN, ->, PUNCT, nmod)' '(NOUN, ->, NOUN, obl)'
 '(NUM, <-, PART, advmod)' '(ADJ, ->, PRON, obl)'
 '(NOUN, ->, PROPN, nmod)']"
28,28,"[np.float64(2.640638952463913), np.float64(2.5632298258475292), np.float64(1.846164105513515), np.float64(1.7838905350983356), np.float64(1.7248676576212778)]","[186, 1350, 352, 795, 863]","[0, 0, 0, 1, 2]","[np.float64(0.01093507705549827), np.float64(0.009238431522000904), np.float64(0.0023956724425723344), np.float64(0.0), np.float64(0.0177547408152471)]",Dombrowski,"['(VERB, <-, PRON, nmod)' '(NUM, <-, ADV, advmod)' '(NOUN, <-, X, nsubj)'
 '(ADV, <-, PRON, cop)' '(PART, ->, VERB, root)']"
29,29,"[np.float64(15.849691929406223), np.float64(1.893443472476619), np.float64(1.0744765500051001), np.float64(1.0240097699338802), np.float64(1.010890460571828)]","[111, 1232, 973, 758, 1350]","[0, 124, 0, 0, 0]","[np.float64(0.0794439358002273), np.float64(0.021666527945516535), np.float64(0.001603144181185943), np.float64(0.0), np.float64(0.0)]",Doronina,"['(ADJ, ->, NOUN, nmod)' '(ADV, ->, PRON, nmod)'
 '(NOUN, <-, PUNCT, punct)' '(ADJ, ->, PRON, obl)'
 '(NUM, <-, ADV, advmod)']"
30,30,"[np.float64(2.3444079621278773), np.float64(1.7481793372281957), np.float64(1.7481793372281953), np.float64(1.7481793372281953), np.float64(1.7481793372281953)]","[898, 663, 180, 527, 611]","[0, 0, 0, 0, 0]","[np.float64(0.003972320666678498), np.float64(0.01177897318846886), np.float64(0.0036676351709649226), np.float64(0.0006276511324352357), np.float64(0.00849158121638402)]",Dostoevsky,"['(PROPN, ->, ADV, amod)' '(ADJ, ->, PART, obl)' '(ADV, ->, NOUN, case)'
 '(NOUN, <-, NOUN, conj)' '(ADJ, ->, DET, root)']"
31,31,"[np.float64(2.830192848906381), np.float64(1.8181746776675514), np.float64(0.7131445887504021), np.float64(0.4305466561390217), np.float64(0.20998628012814563)]","[667, 1146, 28, 624, 818]","[1, 0, 0, 25, 0]","[np.float64(0.0016052850548425052), np.float64(0.002819009532938351), np.float64(0.038331481969963645), np.float64(0.0), np.float64(0.0)]",Dovlatov,"['(VERB, ->, ADJ, parataxis)' '(VERB, <-, PRON, case)'
 '(VERB, ->, PROPN, ccomp)' '(PROPN, ->, PART, advmod)'
 '(VERB, ->, DET, conj)']"
32,32,"[np.float64(3.5316445294661043), np.float64(3.1713223222237774), np.float64(2.2233612534042986), np.float64(1.9438535661891867), np.float64(1.8162065727757986)]","[669, 959, 979, 1147, 463]","[0, 0, 0, 0, 9]","[np.float64(0.0020077478556380667), np.float64(0.028240719528058233), np.float64(0.010587676264681583), np.float64(0.03131450054374664), np.float64(0.0036031042296224888)]",Dragunski,"['(ADJ, <-, PRON, nmod)' '(AUX, ->, ADP, case)' '(ADJ, <-, ADP, case)'
 '(ADV, <-, PART, cc)' '(PROPN, <-, VERB, amod)']"
33,33,"[np.float64(2.349074458832241), np.float64(1.220762342707937), np.float64(0.0008796058448333775), np.float64(-0.04099583035376001), np.float64(-0.04099583035376001)]","[802, 824, 1428, 715, 1063]","[1, 0, 0, 0, 1]","[np.float64(0.0), np.float64(-3.672234837791652e-11), np.float64(0.0), np.float64(0.0), np.float64(0.0)]",Drobyshevsky Rupasova,"['(ADJ, ->, VERB, advcl)' '(VERB, <-, ADV, parataxis)'
 '(PART, ->, PROPN, parataxis)' '(PROPN, ->, ADJ, conj)'
 '(PRON, <-, NOUN, parataxis)']"
34,34,"[np.float64(6.96571396816076), np.float64(6.3549181964192885), np.float64(5.732804528970618), np.float64(5.336765709510699), np.float64(4.8293648043045065)]","[242, 663, 521, 97, 1026]","[0, 0, 0, 0, 0]","[np.float64(0.0), np.float64(0.006286520836236773), np.float64(0.003853734630607599), np.float64(0.0027877718435990336), np.float64(0.0010618862333606307)]",Drobyshevsky,"['(PROPN, ->, DET, det)' '(ADJ, ->, PART, obl)' '(DET, ->, PRON, acl)'
 '(VERB, ->, NUM, nummod)' '(PROPN, ->, NUM, flat:foreign)']"
35,35,"[np.float64(3.5183105721458365), np.float64(1.636153054107656), np.float64(0.9401620852393489), np.float64(0.7801033179675252), np.float64(0.7278760354713126)]","[101, 306, 664, 1096, 533]","[0, 0, 0, 0, 124]","[np.float64(0.0), np.float64(0.04198487771698446), np.float64(0.0030379287599574464), np.float64(0.0), np.float64(0.023324932064991373)]",Dubchak,"['(ADJ, ->, VERB, conj)' '(PRON, ->, ADV, advmod)'
 '(PROPN, ->, PROPN, nsubj)' '(VERB, ->, NOUN, nsubj)'
 '(DET, ->, PRON, nsubj)']"
36,36,"[np.float64(1.2519158619807393), np.float64(-0.04099583035376002), np.float64(-0.04099583035376002), np.float64(-0.04099583035376002), np.float64(-0.04099583035376002)]","[388, 234, 413, 1190, 1430]","[0, 0, 0, 0, 0]","[np.float64(-5.289333139779405e-12), np.float64(0.0), np.float64(0.0), np.float64(0.0), np.float64(0.019796390382927943)]",EdimDoma,"['(PRON, <-, DET, det)' '(PROPN, <-, ADV, obl)' '(ADJ, ->, NOUN, nsubj)'
 '(PRON, ->, ADJ, conj)' '(PUNCT, <-, ADP, case)']"
37,37,"[np.float64(2.47930899843345), np.float64(1.504492934031075), np.float64(1.1268528410531897), np.float64(0.9336423982276569), np.float64(0.7946944312114348)]","[714, 476, 202, 815, 866]","[0, 0, 1, 0, 0]","[np.float64(0.0032688345789359924), np.float64(-3.584387402106903e-12), np.float64(0.002406615537665683), np.float64(0.0), np.float64(0.00021428509467116605)]",Efremov,"['(SCONJ, <-, VERB, advcl)' '(NOUN, ->, ADV, appos)'
 '(VERB, ->, ADV, xcomp)' '(VERB, <-, VERB, nsubj)'
 '(PRON, <-, ADJ, nsubj)']"
38,38,"[np.float64(8.158170240398244), np.float64(6.739879258335319), np.float64(4.110992765389171), np.float64(3.4116296951481475), np.float64(3.233125688600279)]","[1049, 1373, 824, 1232, 57]","[0, 0, 0, 0, 1]","[np.float64(0.018100845462214243), np.float64(0.004411785839054588), np.float64(0.004836411965445451), np.float64(0.0013464398082212172), np.float64(0.0)]",Epstein,"['(NOUN, ->, CCONJ, advmod)' '(VERB, ->, VERB, cop)'
 '(VERB, <-, ADV, parataxis)' '(ADV, ->, PRON, nmod)'
 '(PROPN, ->, PUNCT, nmod)']"
39,39,"[np.float64(2.243668166762169), np.float64(1.5026799744578991), np.float64(1.2486153096793928), np.float64(1.1527870209148012), np.float64(1.0670973484028574)]","[378, 736, 922, 235, 151]","[0, 1, 0, 0, 0]","[np.float64(0.008220274809616974), np.float64(0.0), np.float64(0.0021737656305384104), np.float64(0.008169476592821075), np.float64(0.000989553707654104)]",Exler,"['(VERB, <-, AUX, advcl)' '(ADJ, <-, VERB, advcl)' '(PRON, ->, DET, acl)'
 '(NOUN, <-, ADV, discourse)' '(ADJ, ->, ADJ, obl)']"
40,40,"[np.float64(2.229141631375253), np.float64(1.910855440212202), np.float64(1.6838707920820113), np.float64(1.683380164789112), np.float64(1.6374363767232665)]","[1282, 573, 519, 103, 879]","[0, 0, 0, 85, 0]","[np.float64(0.008419986625636545), np.float64(0.005474986373597231), np.float64(0.008284044685238344), np.float64(0.0), np.float64(0.006014250123215764)]",Fadeev,"['(ADV, ->, ADJ, advcl)' '(PROPN, ->, PRON, det)' '(PRON, <-, AUX, cop)'
 '(ADJ, <-, DET, parataxis)' '(PRON, <-, NOUN, appos)']"
41,41,"[np.float64(5.115075728376246), np.float64(4.020431248471759), np.float64(3.242364112320441), np.float64(2.478356190172438), np.float64(2.4532441157400724)]","[776, 305, 1356, 1248, 486]","[1, 0, 0, 0, 1]","[np.float64(0.007959331979236305), np.float64(0.003816504047815379), np.float64(-3.5629927688488575e-12), np.float64(0.009290204518628062), np.float64(0.0)]",Furmanov,"['(ADP, ->, VERB, fixed)' '(PRON, ->, NOUN, acl:relcl)'
 '(PROPN, ->, NUM, nummod)' '(ADJ, ->, NOUN, obj)'
 '(VERB, ->, ADJ, fixed)']"
42,42,"[np.float64(8.158170240398242), np.float64(7.9441622176620506), np.float64(7.474136444401945), np.float64(7.070333404110634), np.float64(5.389102540872243)]","[740, 703, 623, 309, 1159]","[0, 0, 74, 0, 0]","[np.float64(0.0011159261754569694), np.float64(0.0046951627346843855), np.float64(0.004926620767540893), np.float64(0.005493335783114348), np.float64(0.006274004975854369)]",Gachev,"['(VERB, <-, SCONJ, cc)' '(VERB, <-, VERB, cop)' '(ADJ, <-, NOUN, nmod)'
 '(NOUN, <-, PAD, conj)' '(PROPN, ->, X, orphan)']"
43,43,"[np.float64(6.101625228289663), np.float64(3.6075927623566972), np.float64(3.464442953224607), np.float64(1.72909994410373), np.float64(1.5296622673949536)]","[1091, 646, 603, 651, 326]","[0, 0, 0, 0, 0]","[np.float64(0.007004921710850831), np.float64(0.06116840536374751), np.float64(0.0012923835655196598), np.float64(0.0), np.float64(0.0)]",Gasymov,"['(NOUN, ->, PART, aux)' '(ADJ, ->, PRON, iobj)' '(ADJ, <-, NUM, advmod)'
 '(VERB, <-, ADP, case)' '(PRON, <-, NOUN, advcl)']"
44,44,"[np.float64(1.924693790798794), np.float64(1.782951558718166), np.float64(1.7383551338775762), np.float64(1.3663707606833146), np.float64(1.2803245533691963)]","[378, 176, 727, 713, 615]","[0, 0, 0, 0, 0]","[np.float64(0.0), np.float64(0.0), np.float64(0.0037473581080704325), np.float64(0.0), np.float64(-4.8805633933179396e-12)]",Gaydar,"['(VERB, <-, AUX, advcl)' '(PROPN, <-, NOUN, root)'
 '(NOUN, ->, DET, nummod:gov)' '(NOUN, ->, X, parataxis)'
 '(NOUN, ->, PROPN, nmod)']"
45,45,"[np.float64(2.9356493363373266), np.float64(1.1179777981241799), np.float64(0.3177276679635615), np.float64(0.13778822045821332), np.float64(-0.04099583035376002)]","[166, 651, 1350, 667, 161]","[0, 0, 0, 0, 0]","[np.float64(0.01661255347359357), np.float64(0.0), np.float64(0.00106367194787183), np.float64(0.001195714842936833), np.float64(0.002324369921917792)]",GazetaRu,"['(VERB, ->, VERB, parataxis)' '(VERB, <-, ADP, case)'
 '(NUM, <-, ADV, advmod)' '(VERB, ->, ADJ, parataxis)'
 '(VERB, ->, PROPN, flat:foreign)']"
46,46,"[np.float64(2.776311427891526), np.float64(1.8726240187650056), np.float64(1.669636995044677), np.float64(1.599508189390015), np.float64(1.5805969216838165)]","[186, 1324, 521, 486, 661]","[0, 0, 0, 0, 2]","[np.float64(0.0030386392212702514), np.float64(0.0008900405064857453), np.float64(0.001095402766354393), np.float64(0.005526393280236766), np.float64(0.011143225041334272)]",Gelb,"['(VERB, <-, PRON, nmod)' '(NOUN, ->, ADV, cc)' '(DET, ->, PRON, acl)'
 '(VERB, ->, ADJ, fixed)' '(AUX, ->, ADJ, parataxis)']"
47,47,"[np.float64(4.1621940831524995), np.float64(2.9782837867952834), np.float64(2.256363600799019), np.float64(1.839295558964952), np.float64(1.7932361025880768)]","[88, 1220, 493, 347, 146]","[0, 0, 0, 0, 0]","[np.float64(0.0010055423214084733), np.float64(0.002075271212568747), np.float64(0.004150542425137494), np.float64(0.00043260760637513614), np.float64(0.0)]",Gorelov,"['(PROPN, <-, VERB, parataxis)' '(PRON, <-, PUNCT, punct)'
 '(NOUN, ->, NOUN, obl)' '(NUM, ->, ADJ, obl)'
 '(NOUN, ->, DET, parataxis)']"
48,48,"[np.float64(4.685655574823583), np.float64(3.4998002316716255), np.float64(2.4773455150497234), np.float64(-0.04099583035376001), np.float64(-0.04099583035376002)]","[1117, 852, 1357, 867, 111]","[0, 0, 9, 0, 0]","[np.float64(0.0), np.float64(0.0), np.float64(0.0), np.float64(0.0), np.float64(0.0)]",GorVestnik,"['(ADJ, <-, PART, advmod)' '(NOUN, <-, PART, cc)' '(VERB, <-, NOUN, obl)'
 '(VERB, <-, NOUN, obj)' '(ADJ, ->, NOUN, nmod)']"
49,49,"[np.float64(3.629618383012915), np.float64(2.6241899862354474), np.float64(1.1001555616507739), np.float64(1.0078018263565496), np.float64(0.77008410579923)]","[1092, 493, 710, 29, 987]","[0, 0, 0, 111, 0]","[np.float64(0.0), np.float64(0.015035755276529398), np.float64(0.0019728634017530423), np.float64(0.00041333070687406395), np.float64(0.02365956685694373)]",Granin,"['(PROPN, ->, VERB, acl)' '(NOUN, ->, NOUN, obl)' '(VERB, ->, SCONJ, obl)'
 '(NOUN, ->, PRON, iobj)' '(ADV, ->, PART, conj)']"
50,50,"[np.float64(2.7807970308251253), np.float64(1.8171813496560196), np.float64(1.520715149518847), np.float64(1.3591855322736552), np.float64(1.3500229404470996)]","[715, 146, 752, 827, 1052]","[0, 0, 0, 46, 0]","[np.float64(0.005453762170951999), np.float64(0.0005796333627348772), np.float64(0.0004434256822516149), np.float64(0.0037148919418697707), np.float64(0.0)]",Grekova,"['(PROPN, ->, ADJ, conj)' '(NOUN, ->, DET, parataxis)'
 '(DET, ->, PUNCT, punct)' '(VERB, ->, PRON, orphan)'
 '(ADV, <-, ADJ, iobj)']"
51,51,"[np.float64(2.7276515662201377), np.float64(2.067291436916047), np.float64(1.3856372442325766), np.float64(1.0946786727667739), np.float64(0.5880826774052323)]","[686, 1049, 262, 1337, 1147]","[103, 0, 1, 0, 0]","[np.float64(0.0025029798679463214), np.float64(0.0021789591449827305), np.float64(0.0), np.float64(0.003878740100874946), np.float64(0.0005111104122260972)]",Grin,"['(NOUN, <-, PRON, mark)' '(NOUN, ->, CCONJ, advmod)'
 '(AUX, ->, ADV, conj)' '(DET, ->, DET, advmod)' '(ADV, <-, PART, cc)']"
52,52,"[np.float64(6.787118416951359), np.float64(4.021046565399906), np.float64(3.481276502644866), np.float64(2.1246392729457124), np.float64(2.0398412532792105)]","[824, 234, 372, 1358, 981]","[0, 0, 0, 0, 0]","[np.float64(0.026392392931931637), np.float64(0.0), np.float64(0.00164933827585062), np.float64(0.0), np.float64(0.021420132769782708)]",Gusev,"['(VERB, <-, ADV, parataxis)' '(PROPN, <-, ADV, obl)'
 '(NUM, ->, ADV, fixed)' '(NOUN, <-, X, flat:foreign)'
 '(DET, ->, PROPN, orphan)']"
53,53,"[np.float64(7.370285123355107), np.float64(2.201901336963908), np.float64(1.235943851710696), np.float64(0.6693814819100975), np.float64(-0.04099583035376002)]","[1425, 463, 869, 973, 69]","[0, 0, 3, 0, 1]","[np.float64(0.0), np.float64(0.0), np.float64(0.003250938915870388), np.float64(0.0), np.float64(0.00010628599173117968)]",Gusiatnikova,"['(ADV, ->, VERB, acl:relcl)' '(PROPN, <-, VERB, amod)'
 '(ADJ, <-, ADP, advmod)' '(NOUN, <-, PUNCT, punct)'
 '(PUNCT, <-, ADP, root)']"
54,54,"[np.float64(2.058619101423657), np.float64(1.8293489320447844), np.float64(0.957179314257598), np.float64(0.8808458368826673), np.float64(0.5461342087957773)]","[24, 179, 779, 1144, 849]","[0, 0, 0, 0, 0]","[np.float64(0.0), np.float64(0.004954007772285146), np.float64(0.002299201897990994), np.float64(-9.643797132859977e-12), np.float64(0.0003483625491020213)]",Hoffman,"['(ADV, ->, PART, discourse)' '(VERB, <-, SCONJ, obj)'
 '(ADJ, ->, X, flat:foreign)' '(PROPN, <-, NOUN, nmod)'
 '(VERB, <-, ADV, obl)']"
55,55,"[np.float64(2.9388263323724364), np.float64(2.719390080132749), np.float64(2.719390080132748), np.float64(2.6780994249132224), np.float64(2.1637867418005943)]","[803, 781, 261, 1160, 264]","[2, 0, 0, 4, 0]","[np.float64(0.0027891551218035522), np.float64(0.0029781575232280524), np.float64(0.0005531404626749015), np.float64(0.011629882817513966), np.float64(0.013745784991359531)]",Kassil,"['(ADJ, ->, AUX, conj)' '(INTJ, ->, INTJ, root)'
 '(ADJ, ->, INTJ, parataxis)' '(NOUN, ->, ADP, root)'
 '(PART, ->, NOUN, obl)']"
56,56,"[np.float64(2.719390080132748), np.float64(2.719390080132748), np.float64(1.9219952558041595), np.float64(1.7024838104784445), np.float64(1.226718962829649)]","[29, 1093, 422, 1018, 1191]","[0, 2, 0, 71, 0]","[np.float64(0.01904794674959992), np.float64(0.0008627749505260023), np.float64(0.00904124040510658), np.float64(0.035649820236604304), np.float64(0.0)]",Kataev,"['(NOUN, ->, PRON, iobj)' '(NUM, <-, SCONJ, advmod)'
 '(AUX, <-, ADJ, advmod)' '(NUM, ->, VERB, conj)' '(ADJ, ->, PRON, mark)']"
57,57,"[np.float64(1.7267948115004434), np.float64(1.2698281620262009), np.float64(1.1553907932343783), np.float64(1.0330574164903048), np.float64(1.0291156938457449)]","[711, 981, 874, 946, 29]","[0, 2, 0, 109, 0]","[np.float64(0.0008390174963781475), np.float64(0.003487145799800556), np.float64(0.0009501981894870585), np.float64(0.003388301425287372), np.float64(0.0016299944309120075)]",Kaverin,"['(PROPN, ->, PROPN, nmod)' '(DET, ->, PROPN, orphan)'
 '(NOUN, ->, NOUN, punct)' '(VERB, <-, ADJ, orphan)'
 '(NOUN, ->, PRON, iobj)']"
58,58,"[np.float64(1.8578514904153434), np.float64(0.7810366105120661), np.float64(0.04377797900212701), np.float64(-0.04099583035376001), np.float64(-0.04099583035376002)]","[1169, 1166, 251, 615, 589]","[0, 0, 0, 1, 2]","[np.float64(0.0), np.float64(0.0), np.float64(0.0), np.float64(0.0006598508574139436), np.float64(0.006720972609599886)]",Kirsanova Anodina Aksenov,"['(NOUN, <-, X, nummod)' '(AUX, ->, VERB, csubj)' '(ADJ, <-, ADJ, conj)'
 '(NOUN, ->, PROPN, nmod)' '(NUM, ->, NOUN, advcl)']"
59,59,"[np.float64(12.23725536059737), np.float64(12.23725536059737), np.float64(11.889263063265517), np.float64(4.803334544810378), np.float64(3.927683083200102)]","[466, 1137, 225, 1173, 315]","[0, 0, 0, 1, 0]","[np.float64(0.001301964390848103), np.float64(0.010800077235130755), np.float64(0.006241302869019147), np.float64(0.0032549109771202577), np.float64(0.007695950511280981)]",Knabe,"['(VERB, <-, SCONJ, obl)' '(VERB, ->, NOUN, appos)' '(AUX, <-, ADJ, root)'
 '(VERB, <-, X, advcl)' '(PROPN, ->, NOUN, det)']"
60,60,"[np.float64(4.547114057130696), np.float64(2.107986823473438), np.float64(1.0201952398570664), np.float64(1.0140475746955695), np.float64(0.9763075138778969)]","[277, 25, 533, 450, 1140]","[0, 2, 0, 0, 0]","[np.float64(0.01626903128699868), np.float64(0.0), np.float64(0.0004977979481829625), np.float64(0.0), np.float64(0.001448668893872517)]",Koni,"['(CCONJ, ->, PART, advmod)' '(PART, ->, ADJ, conj)'
 '(DET, ->, PRON, nsubj)' '(DET, <-, ADV, obl)' '(NOUN, ->, ADV, conj)']"
61,61,"[np.float64(4.894902144238945), np.float64(2.9561026598590985), np.float64(1.863660581989674), np.float64(1.8299126168030995), np.float64(1.5366365612670636)]","[63, 280, 28, 519, 202]","[0, 0, 1, 2, 1]","[np.float64(0.00044364421465235653), np.float64(0.0), np.float64(0.02130804147249218), np.float64(0.0006592417114820343), np.float64(0.007661919368508948)]",Kozlov,"['(PUNCT, <-, CCONJ, cc)' '(ADJ, <-, SCONJ, obl)'
 '(VERB, ->, PROPN, ccomp)' '(PRON, <-, AUX, cop)'
 '(VERB, ->, ADV, xcomp)']"
62,62,"[np.float64(1.607185036298753), np.float64(1.5146225905538753), np.float64(1.4880796584413716), np.float64(1.4664180650285514), np.float64(1.274072510466187)]","[806, 305, 1156, 990, 792]","[0, 0, 1, 2, 0]","[np.float64(4.655878803646039e-05), np.float64(0.0016652197713011615), np.float64(0.02757042870337265), np.float64(0.0009788489606077076), np.float64(0.0007239722815830693)]",Krapivin,"['(PROPN, ->, PROPN, acl)' '(PRON, ->, NOUN, acl:relcl)'
 '(ADV, <-, ADV, parataxis)' '(DET, <-, CCONJ, advmod)'
 '(SCONJ, <-, ADV, advmod)']"
63,63,"[np.float64(2.7193900801327486), np.float64(2.7193900801327486), np.float64(2.719390080132748), np.float64(1.8696298996145073), np.float64(1.640966476622407)]","[186, 1085, 1100, 540, 604]","[0, 0, 0, 2, 0]","[np.float64(0.006226001269225351), np.float64(3.3864625011051025e-05), np.float64(0.001161999229630582), np.float64(0.014675901959354358), np.float64(0.0031787544139646406)]",Kuprin,"['(VERB, <-, PRON, nmod)' '(VERB, ->, CCONJ, advmod)'
 '(VERB, ->, ADP, advmod)' '(PART, ->, NOUN, conj)'
 '(ADV, <-, PRON, discourse)']"
64,64,"[np.float64(4.584224621380012), np.float64(2.8649105624518736), np.float64(2.3401095506871346), np.float64(1.8293972814763497), np.float64(1.6566471183960545)]","[908, 762, 615, 973, 708]","[1, 0, 1, 0, 0]","[np.float64(0.010507111219111381), np.float64(0.0035023704063704606), np.float64(-1.4557721293000665e-11), np.float64(0.009125416047043878), np.float64(0.027557405633424212)]",Lermontov,"['(DET, ->, NOUN, conj)' '(NOUN, <-, INTJ, cc)' '(NOUN, ->, PROPN, nmod)'
 '(NOUN, <-, PUNCT, punct)' '(PUNCT, ->, PRON, orphan)']"
65,65,"[np.float64(4.165616756993829), np.float64(3.736680665122528), np.float64(3.136348790968354), np.float64(3.019404583767525), np.float64(2.983004324045738)]","[125, 142, 56, 678, 1383]","[0, 0, 0, 0, 0]","[np.float64(0.0011827161559182192), np.float64(0.025833666821526484), np.float64(0.0019271880021603843), np.float64(0.02322575608533094), np.float64(0.0013205392194158027)]",Losev,"['(ADV, ->, ADV, csubj)' '(DET, ->, PAD, fixed)' '(NUM, <-, PART, advmod)'
 '(NOUN, ->, PUNCT, advmod)' '(DET, ->, PROPN, obl)']"
66,66,"[np.float64(2.013583545428778), np.float64(1.4195630941131834), np.float64(0.8412412210697786), np.float64(0.6303055887706749), np.float64(0.3379759873094885)]","[1100, 1174, 736, 388, 824]","[0, 0, 1, 0, 0]","[np.float64(0.0002003677190677506), np.float64(0.014790996148109858), np.float64(-2.7237768333289068e-11), np.float64(0.03227221854563621), np.float64(0.0024824783496643246)]",Lubimova,"['(VERB, ->, ADP, advmod)' '(VERB, ->, PRON, iobj)'
 '(ADJ, <-, VERB, advcl)' '(PRON, <-, DET, det)'
 '(VERB, <-, ADV, parataxis)']"
67,67,"[np.float64(3.0593138401493416), np.float64(2.894866449951652), np.float64(2.3527295802388015), np.float64(1.6083115287898915), np.float64(1.3442310012202763)]","[1256, 1430, 703, 1283, 166]","[0, 0, 0, 86, 0]","[np.float64(0.0), np.float64(0.0008159806745167624), np.float64(0.013345507440986873), np.float64(0.0), np.float64(0.03277758580870598)]",Lukyanenko,"['(NOUN, ->, PRON, nsubj)' '(PUNCT, <-, ADP, case)'
 '(VERB, <-, VERB, cop)' '(NOUN, ->, ADJ, nummod)'
 '(VERB, ->, VERB, parataxis)']"
68,68,"[np.float64(12.048621964374377), np.float64(10.88152073325233), np.float64(3.557726875505021), np.float64(1.8715252060447756), np.float64(1.8435502159321002)]","[94, 852, 1280, 954, 168]","[0, 0, 100, 0, 0]","[np.float64(0.013179418030371176), np.float64(0.018827740043387393), np.float64(0.001215711332412366), np.float64(0.06024876813883967), np.float64(-2.0448747740209444e-12)]",Lungu,"['(AUX, <-, NOUN, orphan)' '(NOUN, <-, PART, cc)' '(ADV, ->, ADV, obl)'
 '(AUX, <-, NOUN, obl)' '(PRON, ->, NUM, nummod:gov)']"
69,69,"[np.float64(5.361440566015739), np.float64(5.219692728620005), np.float64(4.079085120199123), np.float64(4.079085120199123), np.float64(4.0018467616025815)]","[264, 1096, 1007, 1078, 133]","[0, 0, 0, 1, 124]","[np.float64(0.021049161120486402), np.float64(0.0010653033288117056), np.float64(0.0036428427940675035), np.float64(0.018185189994411675), np.float64(0.0009408433026070239)]",Makushinskiyi,"['(PART, ->, NOUN, obl)' '(VERB, ->, NOUN, nsubj)'
 '(VERB, ->, NOUN, orphan)' '(PROPN, ->, PROPN, conj)'
 '(PRON, ->, PART, cc)']"
70,70,"[np.float64(8.158170240398247), np.float64(8.158170240398245), np.float64(8.158170240398244), np.float64(8.158170240398244), np.float64(8.158170240398244)]","[1382, 526, 556, 1100, 1282]","[0, 0, 0, 0, 0]","[np.float64(0.0341889158274682), np.float64(0.08596577380650726), np.float64(0.006605670207009949), np.float64(0.004241039711062865), np.float64(0.005065432747687744)]",Malevish,"['(X, <-, X, amod)' '(ADJ, ->, PROPN, csubj)' '(NOUN, ->, ADJ, iobj)'
 '(VERB, ->, ADP, advmod)' '(ADV, ->, ADJ, advcl)']"
71,71,"[np.float64(2.447451072119474), np.float64(2.0865255855813243), np.float64(2.0809977792473986), np.float64(1.8379042586499135), np.float64(1.5928261785144195)]","[933, 246, 225, 198, 168]","[0, 0, 0, 0, 0]","[np.float64(0.00568629416348104), np.float64(0.001920333201261866), np.float64(0.003702739778372841), np.float64(0.01298470336545686), np.float64(0.013905987493885939)]",Mamin-Sibiryak,"['(CCONJ, <-, VERB, root)' '(NOUN, ->, PART, advcl)'
 '(AUX, <-, ADJ, root)' '(DET, ->, AUX, conj)'
 '(PRON, ->, NUM, nummod:gov)']"
72,72,"[np.float64(10.782603747142025), np.float64(6.083621067420635), np.float64(4.072325638549179), np.float64(3.798726963524244), np.float64(2.4309424816317535)]","[804, 234, 519, 1122, 954]","[0, 0, 0, 2, 0]","[np.float64(0.0), np.float64(0.01668011649011297), np.float64(0.015057993251261906), np.float64(0.004125891983427491), np.float64(-2.6798115641503495e-11)]",Mamina,"['(ADV, ->, PART, cc)' '(PROPN, <-, ADV, obl)' '(PRON, <-, AUX, cop)'
 '(PRON, ->, NOUN, parataxis)' '(AUX, <-, NOUN, obl)']"
73,73,"[np.float64(6.223226937909302), np.float64(0.7937405151014219), np.float64(0.7819406809783473), np.float64(0.7376018914207972), np.float64(0.12142386146297268)]","[837, 1122, 1024, 111, 306]","[0, 0, 0, 0, 0]","[np.float64(0.0), np.float64(0.0006385547953671372), np.float64(0.0), np.float64(0.05614727736562615), np.float64(0.0)]",Marchik,"['(NOUN, <-, DET, orphan)' '(PRON, ->, NOUN, parataxis)'
 '(VERB, <-, PART, root)' '(ADJ, ->, NOUN, nmod)'
 '(PRON, ->, ADV, advmod)']"
74,74,"[np.float64(2.447451072119474), np.float64(2.246815563235856), np.float64(1.9519516852093468), np.float64(1.691885472316889), np.float64(1.542017898047542)]","[1339, 1056, 251, 1013, 22]","[0, 56, 2, 0, 0]","[np.float64(0.0), np.float64(0.000590493730389959), np.float64(0.01234476144752159), np.float64(0.024374630795479618), np.float64(0.03366732570694893)]",Marinina,"['(ADJ, <-, ADV, iobj)' '(NOUN, <-, SCONJ, advmod)' '(ADJ, <-, ADJ, conj)'
 '(PROPN, <-, SCONJ, obl)' '(ADV, <-, ADJ, csubj)']"
75,75,"[np.float64(11.324136970791255), np.float64(2.50016944353665), np.float64(0.5055883817901179), np.float64(-0.041064615304018004), np.float64(-0.041064615304018004)]","[1383, 881, 948, 1174, 1439]","[0, 24, 0, 0, 0]","[np.float64(0.01888485561448326), np.float64(0.0), np.float64(0.0), np.float64(0.0), np.float64(0.0)]",Mikhalkov,"['(DET, ->, PROPN, obl)' '(DET, ->, ADJ, amod)' '(X, <-, PROPN, compound)'
 '(VERB, ->, PRON, iobj)' '(DET, ->, PROPN, flat:name)']"
76,76,"[np.float64(3.7411385074861125), np.float64(3.2518523605327387), np.float64(3.2089304772953415), np.float64(2.4536695514165343), np.float64(2.114555621864489)]","[1018, 37, 908, 990, 113]","[0, 0, 0, 0, 1]","[np.float64(0.029628945577815133), np.float64(0.004920526889318867), np.float64(0.000744691464568521), np.float64(0.0), np.float64(0.008174292314078395)]",Moshkov,"['(NUM, ->, VERB, conj)' '(NOUN, <-, CCONJ, parataxis)'
 '(DET, ->, NOUN, conj)' '(DET, <-, CCONJ, advmod)'
 '(ADV, ->, NOUN, advmod)']"
77,77,"[np.float64(3.337189516131025), np.float64(0.24789277731624576), np.float64(0.09234279078629536), np.float64(-0.04099583035376002), np.float64(-0.04099583035376002)]","[1096, 1357, 795, 589, 973]","[1, 0, 0, 0, 0]","[np.float64(0.0), np.float64(0.016588838193831123), np.float64(0.005291627514455685), np.float64(0.003894183475259025), np.float64(0.0)]",NakedScience,"['(VERB, ->, NOUN, nsubj)' '(VERB, <-, NOUN, obl)' '(ADV, <-, PRON, cop)'
 '(NUM, ->, NOUN, advcl)' '(NOUN, <-, PUNCT, punct)']"
78,78,"[np.float64(13.630676353721707), np.float64(11.830854204392345), np.float64(9.722196640541343), np.float64(8.222884951510398), np.float64(8.001076316271352)]","[986, 1385, 561, 849, 1166]","[2, 0, 0, 0, 0]","[np.float64(0.001736343840833575), np.float64(0.0), np.float64(0.005209031522500725), np.float64(6.736402136891044e-05), np.float64(0.0004010795913578015)]",nlobooks[ru],"['(VERB, ->, NOUN, xcomp)' '(AUX, <-, DET, det)'
 '(ADV, <-, PRON, parataxis)' '(VERB, <-, ADV, obl)'
 '(AUX, ->, VERB, csubj)']"
79,79,"[np.float64(3.413017968685272), np.float64(2.0911567679096654), np.float64(1.9489163245799517), np.float64(0.899497964308234), np.float64(0.6054272957551877)]","[1166, 762, 862, 646, 1188]","[0, 0, 2, 0, 2]","[np.float64(0.002569945088383776), np.float64(0.0004076334894478026), np.float64(0.009895541749428891), np.float64(0.0), np.float64(0.0)]",Nosov,"['(AUX, ->, VERB, csubj)' '(NOUN, <-, INTJ, cc)' '(ADJ, <-, PART, obj)'
 '(ADJ, ->, PRON, iobj)' '(INTJ, ->, VERB, parataxis)']"
80,80,"[np.float64(2.9738024789907294), np.float64(2.505437604209437), np.float64(2.2160552273918013), np.float64(1.533480248472001), np.float64(1.3039555221461767)]","[696, 714, 1091, 1256, 686]","[0, 0, 0, 0, 2]","[np.float64(0.0005249780285193898), np.float64(0.000286800216794966), np.float64(0.002835021367362236), np.float64(0.0008634110411968955), np.float64(0.0)]",Oseeva,"['(VERB, <-, NOUN, csubj)' '(SCONJ, <-, VERB, advcl)'
 '(NOUN, ->, PART, aux)' '(NOUN, ->, PRON, nsubj)'
 '(NOUN, <-, PRON, mark)']"
81,81,"[np.float64(5.733168961052694), np.float64(3.088305648856283), np.float64(0.6893914950722838), np.float64(-0.041064615304018), np.float64(-0.041064615304018)]","[29, 683, 1156, 646, 1174]","[1, 0, 0, 0, 0]","[np.float64(-8.064515722209117e-11), np.float64(0.00017773998472468222), np.float64(0.012173313717785354), np.float64(0.002915654764198836), np.float64(0.0004682101373441249)]",Oster,"['(NOUN, ->, PRON, iobj)' '(PRON, ->, NOUN, conj)'
 '(ADV, <-, ADV, parataxis)' '(ADJ, ->, PRON, iobj)'
 '(VERB, ->, PRON, iobj)']"
82,82,"[np.float64(24.474510721194736), np.float64(2.3396814546043982), np.float64(1.9066607751821159), np.float64(1.2640559268816707), np.float64(0.5320378222183837)]","[1356, 234, 1100, 623, 1166]","[58, 5, 0, 30, 0]","[np.float64(0.0), np.float64(0.006370877826084814), np.float64(0.006121166568426964), np.float64(0.025483511304339256), np.float64(0.0)]",Plevako,"['(PROPN, ->, NUM, nummod)' '(PROPN, <-, ADV, obl)'
 '(VERB, ->, ADP, advmod)' '(ADJ, <-, NOUN, nmod)'
 '(AUX, ->, VERB, csubj)']"
83,83,"[np.float64(6.118627680298684), np.float64(3.8483771917993552), np.float64(2.494791355888826), np.float64(2.4773981319151077), np.float64(1.9802451491117699)]","[856, 880, 1018, 1147, 1053]","[0, 0, 0, 0, 0]","[np.float64(0.0), np.float64(0.00221090100844519), np.float64(0.01945263320995168), np.float64(0.0011890222760526246), np.float64(0.002541996289413468)]",Preobrazhensky,"['(PRON, <-, VERB, aux)' '(PART, ->, VERB, csubj)' '(NUM, ->, VERB, conj)'
 '(ADV, <-, PART, cc)' '(ADV, ->, NUM, nummod)']"
84,84,"[np.float64(3.6863516388211814), np.float64(2.220247471342571), np.float64(1.9371097009048648), np.float64(1.422160011175697), np.float64(1.0594873097010682)]","[372, 1166, 863, 339, 400]","[0, 0, 0, 0, 0]","[np.float64(0.020094273970307372), np.float64(0.0015619148420669157), np.float64(0.0), np.float64(0.00583882053060884), np.float64(0.0015619148420669157)]",Prokofeva,"['(NUM, ->, ADV, fixed)' '(AUX, ->, VERB, csubj)' '(PART, ->, VERB, root)'
 '(ADJ, ->, NUM, nummod:gov)' '(ADV, ->, PRON, nsubj)']"
85,85,"[np.float64(10.480075909809855), np.float64(1.4904086086329884), np.float64(1.4054802161579472), np.float64(1.1528421613974116), np.float64(0.7887670281988955)]","[1025, 961, 871, 28, 990]","[1, 0, 1, 0, 0]","[np.float64(0.0), np.float64(0.003814400342750803), np.float64(0.0), np.float64(0.05922917359289026), np.float64(0.0)]",Pushkin,"['(INTJ, ->, X, conj)' '(NOUN, ->, ADJ, det)'
 '(NOUN, ->, PUNCT, nummod:gov)' '(VERB, ->, PROPN, ccomp)'
 '(DET, <-, CCONJ, advmod)']"
86,86,"[np.float64(23.469197125001227), np.float64(20.117696298610536), np.float64(16.770959767518164), np.float64(9.064094632718879), np.float64(2.52196340702256)]","[815, 1096, 752, 1117, 284]","[0, 88, 124, 0, 0]","[np.float64(0.0), np.float64(0.0), np.float64(0.0), np.float64(0.0), np.float64(0.0074328727315695784)]",pvlida,"['(VERB, <-, VERB, nsubj)' '(VERB, ->, NOUN, nsubj)'
 '(DET, ->, PUNCT, punct)' '(ADJ, <-, PART, advmod)'
 '(NOUN, <-, ADJ, iobj)']"
87,87,"[np.float64(1.9820936979064454), np.float64(1.8664594843869402), np.float64(1.1524073154021046), np.float64(1.090761482465716), np.float64(0.941092176539085)]","[599, 476, 1422, 28, 307]","[0, 0, 0, 0, 0]","[np.float64(0.014751134075266393), np.float64(0.02566957896691453), np.float64(0.006439686619197583), np.float64(0.0040952621120795), np.float64(0.011630718480196317)]",Regentov,"['(ADV, ->, PART, root)' '(NOUN, ->, ADV, appos)' '(PART, <-, DET, nsubj)'
 '(VERB, ->, PROPN, ccomp)' '(NOUN, ->, ADJ, nsubj)']"
88,88,"[np.float64(6.082134550534205), np.float64(6.01038148523095), np.float64(3.511720431228388), np.float64(3.3047562268867843), np.float64(2.8355727211708825)]","[1122, 1092, 450, 202, 1140]","[0, 0, 113, 111, 0]","[np.float64(0.004121232425272599), np.float64(0.0), np.float64(0.0005464429837453988), np.float64(0.0010135473749431846), np.float64(0.007297966663758483)]",Rubina,"['(PRON, ->, NOUN, parataxis)' '(PROPN, ->, VERB, acl)'
 '(DET, <-, ADV, obl)' '(VERB, ->, ADV, xcomp)' '(NOUN, ->, ADV, conj)']"
89,89,"[np.float64(1.5046261427050245), np.float64(1.3664248391752825), np.float64(1.3565742764782844), np.float64(1.217338216701474), np.float64(0.9671107538212476)]","[257, 362, 386, 880, 1279]","[0, 0, 0, 0, 2]","[np.float64(0.021862535021914712), np.float64(0.0), np.float64(0.0009159341040424195), np.float64(0.0019690389214564157), np.float64(0.010826508688868872)]",Rybakov,"['(PRON, <-, ADV, advmod)' '(PROPN, ->, ADV, nsubj)'
 '(PUNCT, ->, VERB, amod)' '(PART, ->, VERB, csubj)'
 '(PUNCT, ->, NOUN, appos)']"
90,90,"[np.float64(6.739257932981088), np.float64(2.888426152843137), np.float64(2.2798498585369726), np.float64(1.793631999632297), np.float64(1.4337214029987555)]","[634, 448, 1149, 821, 615]","[0, 13, 2, 0, 0]","[np.float64(0.00020090277342490082), np.float64(0.0), np.float64(0.003962118535886415), np.float64(0.0009686516713166562), np.float64(0.011839199618474652)]",Salnikov,"['(INTJ, ->, PRON, root)' '(PROPN, ->, INTJ, flat)'
 '(ADJ, ->, AUX, xcomp)' '(AUX, <-, SCONJ, mark)'
 '(NOUN, ->, PROPN, nmod)']"
91,91,"[np.float64(4.551048160078711), np.float64(3.059313840149343), np.float64(3.059313840149342), np.float64(3.059313840149342), np.float64(3.059313840149342)]","[87, 716, 546, 650, 1289]","[30, 0, 0, 0, 1]","[np.float64(0.03045982652340556), np.float64(0.030935143433436525), np.float64(0.015891321795525472), np.float64(0.004125897851938243), np.float64(0.005887224336141831)]",SaltykovSchedrin,"['(PART, ->, PRON, fixed)' '(ADV, <-, NOUN, csubj)'
 '(VERB, <-, INTJ, advcl)' '(NOUN, <-, PROPN, root)'
 '(NUM, <-, NOUN, nummod:gov)']"
92,92,"[np.float64(21.703015226151006), np.float64(9.481541847125479), np.float64(2.7363220520371643), np.float64(1.674702983175835), np.float64(1.5939440269893752)]","[476, 179, 752, 779, 331]","[6, 0, 0, 0, 0]","[np.float64(0.0068913599909562785), np.float64(0.0), np.float64(0.0), np.float64(0.027936686409418647), np.float64(0.003837041820960443)]",Semihatov,"['(NOUN, ->, ADV, appos)' '(VERB, <-, SCONJ, obj)'
 '(DET, ->, PUNCT, punct)' '(ADJ, ->, X, flat:foreign)'
 '(NOUN, ->, VERB, acl)']"
93,93,"[np.float64(3.766752126818257), np.float64(3.59044623468139), np.float64(3.3655024346277855), np.float64(3.273852319725976), np.float64(3.067818525743223)]","[305, 97, 322, 1261, 837]","[0, 2, 122, 15, 61]","[np.float64(0.001450342566911748), np.float64(0.009312276662692744), np.float64(0.022824027204566947), np.float64(0.008777860189522323), np.float64(8.684783215901057e-05)]",Serafimovich,"['(PRON, ->, NOUN, acl:relcl)' '(VERB, ->, NUM, nummod)'
 '(PRON, <-, ADV, mark)' '(ADJ, <-, PRON, mark)' '(NOUN, <-, DET, orphan)']"
94,94,"[np.float64(2.523611530301785), np.float64(2.3429852960524364), np.float64(2.208186824110388), np.float64(1.6482998219348495), np.float64(1.5308914441296382)]","[762, 186, 425, 59, 604]","[0, 0, 0, 0, 0]","[np.float64(0.007225021434836465), np.float64(0.019357421571402626), np.float64(0.004165401486451115), np.float64(0.025356831723522377), np.float64(0.002845502765624132)]",Sergeev-Tsenskij,"['(NOUN, <-, INTJ, cc)' '(VERB, <-, PRON, nmod)' '(ADV, ->, NOUN, root)'
 '(VERB, ->, PROPN, xcomp)' '(ADV, <-, PRON, discourse)']"
95,95,"[np.float64(3.274274824175386), np.float64(2.901647268003983), np.float64(2.390317100952657), np.float64(2.361227293401104), np.float64(2.115503121427899)]","[869, 42, 1261, 457, 463]","[0, 0, 2, 0, 0]","[np.float64(0.0), np.float64(0.0), np.float64(0.006503796279480343), np.float64(0.0), np.float64(0.024682393092311055)]",Shevtsov,"['(ADJ, <-, ADP, advmod)' '(ADV, ->, PART, csubj)' '(ADJ, <-, PRON, mark)'
 '(ADV, <-, AUX, advcl)' '(PROPN, <-, VERB, amod)']"
96,96,"[np.float64(3.2870793345149343), np.float64(2.8495298717335684), np.float64(2.5980643632975196), np.float64(2.3483493961403576), np.float64(1.9059876861620384)]","[87, 745, 366, 271, 1201]","[0, 1, 0, 2, 0]","[np.float64(0.029873482495564797), np.float64(0.004617963571380224), np.float64(0.0072564100450853986), np.float64(0.015327128334892732), np.float64(0.016755869423147055)]",Shukshin,"['(PART, ->, PRON, fixed)' '(NOUN, ->, INTJ, det)' '(PRON, ->, PRON, acl)'
 '(INTJ, ->, NUM, nsubj)' '(PRON, <-, PART, cc)']"
97,97,"[np.float64(4.881962053227535), np.float64(4.46853414005127), np.float64(3.984661099435818), np.float64(3.246471349588526), np.float64(3.0792103203023626)]","[669, 1204, 1147, 851, 588]","[19, 0, 0, 0, 0]","[np.float64(0.06647872514175458), np.float64(0.010543040952323968), np.float64(0.0), np.float64(0.0), np.float64(0.0)]",ShushpanovLouk,"['(ADJ, <-, PRON, nmod)' '(PRON, <-, ADV, case)' '(ADV, <-, PART, cc)'
 '(NOUN, <-, NUM, nummod)' '(NOUN, <-, PRON, amod)']"
98,98,"[np.float64(3.4868599289777418), np.float64(2.84457575366927), np.float64(0.7895710892857286), np.float64(0.7615578237598636), np.float64(0.7524681865994487)]","[166, 400, 683, 572, 56]","[0, 0, 0, 0, 0]","[np.float64(0.0023634266942643223), np.float64(0.0), np.float64(0.005466752299162819), np.float64(0.019658361009415794), np.float64(0.018385583603343237)]",Shushpanov,"['(VERB, ->, VERB, parataxis)' '(ADV, ->, PRON, nsubj)'
 '(PRON, ->, NOUN, conj)' '(PRON, ->, VERB, parataxis)'
 '(NUM, <-, PART, advmod)']"
99,99,"[np.float64(6.118627680298684), np.float64(6.118627680298683), np.float64(4.510680037368906), np.float64(3.645060171752246), np.float64(2.1377957432992645)]","[64, 25, 628, 415, 1007]","[0, 0, 0, 0, 1]","[np.float64(0.03210545187455434), np.float64(0.012262192379019477), np.float64(0.0), np.float64(0.0037244832381908882), np.float64(0.048781568508412324)]",Simonov,"['(PART, <-, VERB, root)' '(PART, ->, ADJ, conj)' '(ADJ, ->, ADJ, iobj)'
 '(ADV, <-, ADV, advcl)' '(VERB, ->, NOUN, orphan)']"
100,100,"[np.float64(1.2126762171552539), np.float64(0.752659695124587), np.float64(0.32508377748144923), np.float64(-0.04099583035376001), np.float64(-0.04099583035376001)]","[28, 821, 1096, 1053, 1190]","[0, 0, 0, 0, 0]","[np.float64(0.00515643282547696), np.float64(0.008414917178961262), np.float64(0.004828857259541271), np.float64(0.0041457106866859515), np.float64(0.004307870678323894)]",Soloviev,"['(VERB, ->, PROPN, ccomp)' '(AUX, <-, SCONJ, mark)'
 '(VERB, ->, NOUN, nsubj)' '(ADV, ->, NUM, nummod)'
 '(PRON, ->, ADJ, conj)']"
101,101,"[np.float64(8.136371287783547), np.float64(4.05829734607659), np.float64(3.2498909556126745), np.float64(2.715892934159871), np.float64(1.9535939521928265)]","[765, 1078, 628, 740, 339]","[34, 1, 1, 0, 0]","[np.float64(0.0), np.float64(0.04341400182358171), np.float64(0.0), np.float64(0.0), np.float64(0.011595823895885076)]",Solovyov,"['(VERB, <-, AUX, mark)' '(PROPN, ->, PROPN, conj)' '(ADJ, ->, ADJ, iobj)'
 '(VERB, <-, SCONJ, cc)' '(ADJ, ->, NUM, nummod:gov)']"
102,102,"[np.float64(1.7115765930428954), np.float64(1.5681255517331127), np.float64(1.2935257653623784), np.float64(0.9680061808630002), np.float64(0.9607305453173626)]","[1112, 1117, 740, 519, 1029]","[0, 0, 0, 0, 0]","[np.float64(0.004377135075704507), np.float64(-2.2744844723682926e-11), np.float64(0.009208057000067195), np.float64(0.0003702733494217573), np.float64(0.004300831258355201)]",Stepnova,"['(PRON, <-, ADJ, root)' '(ADJ, <-, PART, advmod)' '(VERB, <-, SCONJ, cc)'
 '(PRON, <-, AUX, cop)' '(PROPN, <-, PROPN, det)']"
103,103,"[np.float64(2.447451072119473), np.float64(2.001099105646821), np.float64(1.6742254799637597), np.float64(1.4378316306662546), np.float64(1.3492184690214664)]","[1373, 792, 469, 966, 88]","[0, 1, 1, 0, 0]","[np.float64(0.004519533907405152), np.float64(0.007951580476901584), np.float64(0.0), np.float64(0.035742080784756464), np.float64(0.0)]",Strugatskie,"['(VERB, ->, VERB, cop)' '(SCONJ, <-, ADV, advmod)'
 '(DET, ->, PART, discourse)' '(AUX, <-, ADV, root)'
 '(PROPN, <-, VERB, parataxis)']"
104,104,"[np.float64(3.49635867445639), np.float64(3.329123262601795), np.float64(1.5576633634945956), np.float64(1.4640141522881667), np.float64(1.4374583101823135)]","[1431, 362, 1161, 9, 1063]","[0, 0, 0, 0, 0]","[np.float64(0.0), np.float64(0.01356982401423922), np.float64(0.0), np.float64(-1.807289431415496e-11), np.float64(0.0)]",Tamonikov,"['(VERB, ->, NUM, iobj)' '(PROPN, ->, ADV, nsubj)'
 '(NUM, ->, NOUN, flat:name)' '(ADJ, <-, ADP, obl)'
 '(PRON, <-, NOUN, parataxis)']"
105,105,"[np.float64(3.2492534610130024), np.float64(2.297831728740373), np.float64(2.0527267150968527), np.float64(1.91740533915445), np.float64(1.557104843325817)]","[20, 1390, 417, 25, 1044]","[0, 0, 0, 0, 0]","[np.float64(0.001774525640189158), np.float64(0.002576312963979175), np.float64(0.039039564084161475), np.float64(0.01774525640189158), np.float64(0.003549051280378316)]",TEDRus,"['(NOUN, <-, ADV, compound)' '(PART, ->, PART, flat:name)'
 '(PRON, ->, NOUN, iobj)' '(PART, ->, ADJ, conj)' '(NUM, <-, NOUN, amod)']"
106,106,"[np.float64(4.894902144238947), np.float64(4.894902144238947), np.float64(1.3016503083313014), np.float64(1.221710881657929), np.float64(1.1759361681233749)]","[1206, 1280, 624, 708, 582]","[1, 2, 0, 0, 0]","[np.float64(0.00037839403777899493), np.float64(0.0), np.float64(0.004849033434218952), np.float64(0.0), np.float64(0.0)]",Teffi,"['(ADJ, <-, PRON, discourse)' '(ADV, ->, ADV, obl)'
 '(PROPN, ->, PART, advmod)' '(PUNCT, ->, PRON, orphan)'
 '(NUM, <-, CCONJ, advmod)']"
107,107,"[np.float64(2.8284877531000787), np.float64(2.240746053550637), np.float64(2.162531835576812), np.float64(2.1385322128923785), np.float64(2.136543315439345)]","[686, 593, 220, 987, 1387]","[0, 103, 0, 0, 0]","[np.float64(0.0009588543367334921), np.float64(0.005326619284872965), np.float64(0.0009286494050127048), np.float64(0.06476526049949209), np.float64(0.006641511087610555)]",Tolstoy,"['(NOUN, <-, PRON, mark)' '(NUM, <-, X, root)'
 '(DET, <-, DET, nummod:gov)' '(ADV, ->, PART, conj)'
 '(PAD, ->, NUM, conj)']"
108,108,"[np.float64(4.894902144238947), np.float64(4.579676509862288), np.float64(4.156392371315451), np.float64(3.763390080925614), np.float64(2.9892429146254194)]","[176, 1091, 1411, 39, 101]","[0, 2, 0, 0, 1]","[np.float64(0.011969788201537917), np.float64(0.01634728188268879), np.float64(0.0013125712276819863), np.float64(0.011924114958829607), np.float64(0.0013995556025521994)]",Turgenev,"['(PROPN, <-, NOUN, root)' '(NOUN, ->, PART, aux)'
 '(NOUN, ->, SYM, nummod:entity)' '(PRON, <-, VERB, advmod)'
 '(ADJ, ->, VERB, conj)']"
109,109,"[np.float64(2.6897399542431257), np.float64(2.646764237572809), np.float64(2.2037432217841437), np.float64(1.584755337258573), np.float64(1.2170014839405325)]","[803, 1167, 775, 1096, 1147]","[0, 0, 0, 0, 0]","[np.float64(0.005324528104510028), np.float64(0.004189630552054059), np.float64(0.0015289709637134475), np.float64(0.006217117112329785), np.float64(0.0015289709637134475)]",Uspensky,"['(ADJ, ->, AUX, conj)' '(AUX, <-, PART, orphan)'
 '(NUM, ->, PROPN, parataxis)' '(VERB, ->, NOUN, nsubj)'
 '(ADV, <-, PART, cc)']"
110,110,"[np.float64(2.528952640576089), np.float64(2.2249555201086126), np.float64(2.2249555201086118), np.float64(2.026152842086772), np.float64(1.7686256407607066)]","[1423, 1096, 328, 969, 1383]","[0, 0, 124, 0, 0]","[np.float64(0.005611150035535583), np.float64(-1.0520630324142612e-11), np.float64(0.0008394857601883734), np.float64(0.003412155556871913), np.float64(0.002033048533455253)]",Vainery,"['(ADJ, ->, PART, discourse)' '(VERB, ->, NOUN, nsubj)'
 '(ADJ, <-, PAD, nsubj)' '(ADJ, <-, ADJ, nummod:gov)'
 '(DET, ->, PROPN, obl)']"
111,111,"[np.float64(13.817607526245995), np.float64(12.237255360597372), np.float64(12.144038039344396), np.float64(10.420851283977312), np.float64(9.518716609888935)]","[235, 500, 615, 1350, 1096]","[0, 8, 0, 0, 0]","[np.float64(0.002438999664973745), np.float64(0.01116065906504609), np.float64(0.0016259997766491633), np.float64(0.0038664310023669908), np.float64(0.0017771956392012012)]",vestnik nsu,"['(NOUN, <-, ADV, discourse)' '(PRON, ->, PAD, orphan)'
 '(NOUN, ->, PROPN, nmod)' '(NUM, <-, ADV, advmod)'
 '(VERB, ->, NOUN, nsubj)']"
112,112,"[np.float64(4.128009950923849), np.float64(3.3314417939524112), np.float64(-0.04099583035376001), np.float64(-0.04099583035376002), np.float64(-0.04099583035376003)]","[874, 802, 1096, 615, 559]","[0, 0, 0, 0, 0]","[np.float64(-8.79765351513722e-12), np.float64(-4.4493879846670986e-12), np.float64(0.0), np.float64(0.001398374140245458), np.float64(0.005297131946924541)]",VestnikRayona,"['(NOUN, ->, NOUN, punct)' '(ADJ, ->, VERB, advcl)'
 '(VERB, ->, NOUN, nsubj)' '(NOUN, ->, PROPN, nmod)'
 '(VERB, ->, NOUN, nmod)']"
113,113,"[np.float64(13.256595627721154), np.float64(8.879319041116696), np.float64(4.731303667574659), np.float64(3.3985095775950462), np.float64(3.38955229805093)]","[242, 186, 112, 64, 1354]","[0, 26, 2, 0, 0]","[np.float64(0.0003749695262556093), np.float64(0.01167049757294848), np.float64(0.01415641905542428), np.float64(0.0), np.float64(-1.1709167734398312e-11)]",Vladimirova,"['(PROPN, ->, DET, det)' '(VERB, <-, PRON, nmod)' '(NOUN, <-, INTJ, conj)'
 '(PART, <-, VERB, root)' '(NOUN, ->, ADP, acl:relcl)']"
114,114,"[np.float64(5.5922627049163305), np.float64(1.1877605559695608), np.float64(1.0162975681759923), np.float64(0.8125279574712038), np.float64(0.8035395642551723)]","[651, 111, 1206, 1200, 87]","[55, 1, 0, 2, 0]","[np.float64(0.0021625211791007244), np.float64(0.001067783523813085), np.float64(0.0), np.float64(0.005744123769347705), np.float64(0.006300237768831393)]",Vlasova,"['(VERB, <-, ADP, case)' '(ADJ, ->, NOUN, nmod)'
 '(ADJ, <-, PRON, discourse)' '(X, <-, PART, cc)'
 '(PART, ->, PRON, fixed)']"
115,115,"[np.float64(2.4474510721194735), np.float64(2.252706840092866), np.float64(2.0603273297344162), np.float64(1.9721772199297614), np.float64(1.6417663256350616)]","[1020, 703, 1190, 1156, 337]","[3, 0, 0, 0, 0]","[np.float64(0.0008532297240796158), np.float64(0.0008930088409243896), np.float64(0.003986298059031846), np.float64(0.005772112310401796), np.float64(0.011592713032509682)]",Voinovich,"['(ADV, <-, DET, nsubj)' '(VERB, <-, VERB, cop)' '(PRON, ->, ADJ, conj)'
 '(ADV, <-, ADV, parataxis)' '(NOUN, <-, PART, nummod:gov)']"
116,116,"[np.float64(3.6208731195252857), np.float64(2.567781008794681), np.float64(1.9498523764116427), np.float64(0.4012668427326971), np.float64(0.31524977077604754)]","[166, 963, 92, 711, 821]","[0, 0, 124, 2, 1]","[np.float64(0.010820466617266747), np.float64(0.025873172160611475), np.float64(0.012039333784733802), np.float64(0.0005291415305400866), np.float64(0.002115574744837823)]",Volkov,"['(VERB, ->, VERB, parataxis)' '(NUM, ->, ADJ, fixed)'
 '(ADJ, <-, NOUN, nsubj:pass)' '(PROPN, ->, PROPN, nmod)'
 '(AUX, <-, SCONJ, mark)']"
117,117,"[np.float64(24.474510721194747), np.float64(10.679476489253133), np.float64(5.637035261860302), np.float64(5.555907620822115), np.float64(2.6341294538530122)]","[713, 1011, 619, 310, 334]","[16, 2, 0, 0, 0]","[np.float64(0.0), np.float64(0.0), np.float64(0.0), np.float64(0.0), np.float64(0.0)]",Vorotyntseva,"['(NOUN, ->, X, parataxis)' '(DET, <-, VERB, parataxis)'
 '(PRON, <-, ADV, discourse)' '(VERB, <-, PUNCT, cc)'
 '(PAD, ->, NOUN, nmod)']"
118,118,"[np.float64(7.7769471794046146), np.float64(1.8088040186882313), np.float64(0.4607556512860279), np.float64(-0.04099583035376002), np.float64(-0.04099583035376002)]","[824, 715, 1280, 463, 1190]","[0, 0, 1, 0, 124]","[np.float64(0.0), np.float64(-4.459640030714719e-12), np.float64(0.0), np.float64(0.0), np.float64(0.0)]",YasenevoMedia,"['(VERB, <-, ADV, parataxis)' '(PROPN, ->, ADJ, conj)'
 '(ADV, ->, ADV, obl)' '(PROPN, <-, VERB, amod)' '(PRON, ->, ADJ, conj)']"
119,119,"[np.float64(1.7302951841908065), np.float64(1.4781953753540713), np.float64(1.4392220014294759), np.float64(1.30300040932171), np.float64(1.2410182546052997)]","[1256, 366, 1204, 132, 22]","[1, 0, 0, 0, 0]","[np.float64(0.0004970723998164492), np.float64(0.005941517100267773), np.float64(0.0011240034839124656), np.float64(7.07748139085003e-05), np.float64(0.020745900881758584)]",Zemlyanoj,"['(NOUN, ->, PRON, nsubj)' '(PRON, ->, PRON, acl)' '(PRON, <-, ADV, case)'
 '(VERB, ->, NOUN, advmod)' '(ADV, <-, ADJ, csubj)']"
120,120,"[np.float64(3.9929819918224485), np.float64(3.5428945674380685), np.float64(3.1660996925414304), np.float64(1.6837364923975442), np.float64(1.618723306459343)]","[1078, 413, 540, 1204, 234]","[0, 58, 0, 0, 0]","[np.float64(0.003409841147636448), np.float64(0.0), np.float64(0.005112492240467718), np.float64(0.0), np.float64(0.028031061667178322)]",Zhitkov,"['(PROPN, ->, PROPN, conj)' '(ADJ, ->, NOUN, nsubj)'
 '(PART, ->, NOUN, conj)' '(PRON, <-, ADV, case)' '(PROPN, <-, ADV, obl)']"
121,121,"[np.float64(8.158170240398247), np.float64(8.158170240398247), np.float64(4.239407398581933), np.float64(2.1958084385836925), np.float64(1.913829279092268)]","[12, 327, 599, 775, 1393]","[1, 0, 0, 0, 0]","[np.float64(0.007531288726051197), np.float64(0.047427165966903044), np.float64(0.002576799838354618), np.float64(0.0017144926072603698), np.float64(0.0004294666397257697)]",ZlotnikovNikolaev,"['(ADP, ->, ADJ, root)' '(PUNCT, ->, NOUN, nsubj)' '(ADV, ->, PART, root)'
 '(NUM, ->, PROPN, parataxis)' '(ADP, ->, NUM, nsubj)']"
122,122,"[np.float64(1.9506735128655115), np.float64(1.5021394622188133), np.float64(1.0568895104277833), np.float64(0.9856931547807168), np.float64(0.9330978437713308)]","[1020, 553, 280, 476, 703]","[0, 0, 0, 0, 0]","[np.float64(0.0007470734302884748), np.float64(0.008962303190101786), np.float64(0.002173147608989148), np.float64(0.004278710070077109), np.float64(0.020808776143255714)]",Zlotnikov,"['(ADV, <-, DET, nsubj)' '(ADJ, ->, ADJ, acl:relcl)'
 '(ADJ, <-, SCONJ, obl)' '(NOUN, ->, ADV, appos)' '(VERB, <-, VERB, cop)']"
123,123,"[np.float64(1.9437590944160843), np.float64(1.9296022516231544), np.float64(1.8617565761503332), np.float64(1.6274114188394984), np.float64(1.549831952929117)]","[715, 664, 117, 1174, 1188]","[0, 0, 0, 1, 0]","[np.float64(0.007119714889067552), np.float64(0.0046636845650322185), np.float64(0.0023820700041856597), np.float64(0.004219340475672278), np.float64(0.0045129390474556805)]",Zoschenko,"['(PROPN, ->, ADJ, conj)' '(PROPN, ->, PROPN, nsubj)'
 '(PUNCT, ->, NUM, conj)' '(VERB, ->, PRON, iobj)'
 '(INTJ, ->, VERB, parataxis)']"
