,author_id,info_gain,features,feature_stats,tfidf,author,feature_names
0,0,"[np.float64(0.03441788914798738), np.float64(0.034122324730195164), np.float64(0.033677095006621416), np.float64(0.027056016532603033), np.float64(0.02678621110294488)]","[151, 867, 1190, 1382, 795]","[0, 0, 0, 0, 0]","[np.float64(0.004014683851133541), np.float64(0.01817091684878924), np.float64(0.0037241048422334178), np.float64(0.0), np.float64(0.0378937834060394)]",Abgaryan,"['(ADJ, ->, ADJ, obl)' '(VERB, <-, NOUN, obj)' '(PRON, ->, ADJ, conj)'
 '(X, <-, X, amod)' '(ADV, <-, PRON, cop)']"
1,1,"[np.float64(0.035891051104903204), np.float64(0.027898620125092477), np.float64(0.021433568840103057), np.float64(0.019548836007770687), np.float64(0.017851316500513303)]","[1188, 1149, 1101, 1018, 169]","[74, 0, 0, 0, 0]","[np.float64(0.0), np.float64(0.007588419292257594), np.float64(0.0), np.float64(0.006361028889741283), np.float64(0.0)]",Adamov,"['(INTJ, ->, VERB, parataxis)' '(ADJ, ->, AUX, xcomp)'
 '(NOUN, ->, NUM, acl:relcl)' '(NUM, ->, VERB, conj)'
 '(PRON, ->, SCONJ, appos)']"
2,2,"[np.float64(0.06644039055712747), np.float64(0.05599419354442525), np.float64(0.04647820314491291), np.float64(0.04594777538685513), np.float64(0.04040125845141518)]","[257, 1201, 262, 1257, 1166]","[105, 0, 27, 0, 0]","[np.float64(0.011749249293074934), np.float64(0.00040461546330467434), np.float64(0.00031647138735673667), np.float64(0.00047080643359011606), np.float64(0.025568161576094477)]",Aksakov,"['(PRON, <-, ADV, advmod)' '(PRON, <-, PART, cc)' '(AUX, ->, ADV, conj)'
 '(VERB, ->, INTJ, ccomp)' '(AUX, ->, VERB, csubj)']"
3,3,"[np.float64(0.022300966674966505), np.float64(0.021327121377248237), np.float64(0.021327121377248237), np.float64(0.021327121377248237), np.float64(0.021327121377248237)]","[493, 51, 388, 849, 1158]","[0, 0, 0, 0, 0]","[np.float64(0.0), np.float64(0.0028587242525727613), np.float64(0.012542343394256559), np.float64(0.0062711716971282794), np.float64(0.012542343394256559)]",AkuninBorisova,"['(NOUN, ->, NOUN, obl)' '(NUM, ->, VERB, advcl)' '(PRON, <-, DET, det)'
 '(VERB, <-, ADV, obl)' '(AUX, <-, ADV, mark)']"
4,4,"[np.float64(0.03313593963410566), np.float64(0.0201812351992674), np.float64(0.017928447860171448), np.float64(0.01769825335744213), np.float64(0.015792832091578335)]","[1188, 1397, 689, 202, 346]","[0, 0, 0, 74, 0]","[np.float64(0.0010175275253604286), np.float64(0.004855456368918521), np.float64(0.009951453306455634), np.float64(0.0), np.float64(0.008018027143438846)]",AkuninBrusnikin,"['(INTJ, ->, VERB, parataxis)' '(PRON, <-, PART, obl)'
 '(NOUN, <-, PRON, iobj)' '(VERB, ->, ADV, xcomp)'
 '(PRON, ->, PART, orphan)']"
5,5,"[np.float64(0.05662647646932428), np.float64(0.05012863613359708), np.float64(0.048444561063603064), np.float64(0.04753267492213631), np.float64(0.04697732137744404)]","[665, 908, 1431, 775, 1280]","[0, 1, 0, 1, 0]","[np.float64(0.0), np.float64(0.006226547442826786), np.float64(0.002082666010676298), np.float64(0.005548046242417026), np.float64(0.00042738323239234504)]",Akunin,"['(AUX, ->, ADJ, obl)' '(DET, ->, NOUN, conj)' '(VERB, ->, NUM, iobj)'
 '(NUM, ->, PROPN, parataxis)' '(ADV, ->, ADV, obl)']"
6,6,"[np.float64(0.13303351976634104), np.float64(0.09534054308198625), np.float64(0.0937490235590015), np.float64(0.09281672126401164), np.float64(0.09161298832040932)]","[1093, 1233, 690, 1285, 1105]","[0, 0, 2, 0, 0]","[np.float64(0.008236242308650133), np.float64(0.011925344431349894), np.float64(0.0015493284050849955), np.float64(0.003106732013166105), np.float64(0.01801304815000272)]",Aldanov,"['(NUM, <-, SCONJ, advmod)' '(CCONJ, ->, PROPN, flat:foreign)'
 '(SCONJ, <-, ADP, case)' '(ADJ, <-, SCONJ, root)' '(ADJ, <-, X, amod)']"
7,7,"[np.float64(0.037195694532912604), np.float64(0.027470016042298484), np.float64(0.024575428565376534), np.float64(0.0228311971840508), np.float64(0.022430991235024567)]","[1396, 413, 507, 987, 1262]","[0, 0, 0, 1, 0]","[np.float64(0.002929852114537575), np.float64(0.04885480059878213), np.float64(0.0), np.float64(0.01148397031356835), np.float64(0.004626789730625506)]",Aleshkovsky,"['(NUM, <-, AUX, cop)' '(ADJ, ->, NOUN, nsubj)' '(PROPN, <-, NUM, advmod)'
 '(ADV, ->, PART, conj)' '(PRON, ->, SCONJ, parataxis)']"
8,8,"[np.float64(0.023274811972684994), np.float64(0.022300966674966727), np.float64(0.022300966674966727), np.float64(0.022300966674966505), np.float64(0.021327121377248237)]","[1144, 1029, 1387, 608, 413]","[0, 0, 0, 8, 0]","[np.float64(0.0), np.float64(0.0), np.float64(0.0015459644546156174), np.float64(0.0), np.float64(0.0035325980102686436)]",Alexander Hofman,"['(PROPN, <-, NOUN, nmod)' '(PROPN, <-, PROPN, det)'
 '(PAD, ->, NUM, conj)' '(PUNCT, <-, ADJ, amod)' '(ADJ, ->, NOUN, nsubj)']"
9,9,"[np.float64(0.04594547932032833), np.float64(0.03782930147823682), np.float64(0.03658838489951888), np.float64(0.033428125618590876), np.float64(0.032455220739621704)]","[1351, 352, 787, 357, 28]","[0, 0, 0, 0, 0]","[np.float64(0.0), np.float64(0.0028834591631977467), np.float64(0.012572850253742966), np.float64(0.00893680863318684), np.float64(0.0)]",Astafiev,"['(DET, ->, ADJ, orphan)' '(NOUN, <-, X, nsubj)'
 '(VERB, <-, INTJ, compound)' '(ADJ, ->, VERB, csubj:pass)'
 '(VERB, ->, PROPN, ccomp)']"
10,10,"[np.float64(0.03651267158853788), np.float64(0.03616922431191083), np.float64(0.03412734440412479), np.float64(0.03263981455785925), np.float64(0.026738403666608734)]","[1364, 1147, 859, 1303, 408]","[0, 0, 0, 0, 0]","[np.float64(0.00875670196391216), np.float64(0.0020831144586053083), np.float64(0.004291129798855729), np.float64(0.002465912089359307), np.float64(0.001363946560154545)]",Bakhtin,"['(ADJ, ->, PROPN, discourse)' '(ADV, <-, PART, cc)'
 '(NUM, ->, VERB, acl)' '(PUNCT, ->, PROPN, appos)'
 '(DET, ->, NOUN, parataxis)']"
11,11,"[np.float64(0.022300966674966505), np.float64(0.021327121377248237), np.float64(0.021327121377248237), np.float64(0.021327121377248015), np.float64(0.020353276079529747)]","[1283, 235, 736, 589, 533]","[0, 0, 2, 0, 0]","[np.float64(0.0), np.float64(0.0025245451129217254), np.float64(0.01262272556460863), np.float64(0.0025245451129217254), np.float64(0.0019871101880039157)]",Barinova,"['(NOUN, ->, ADJ, nummod)' '(NOUN, <-, ADV, discourse)'
 '(ADJ, <-, VERB, advcl)' '(NUM, ->, NOUN, advcl)'
 '(DET, ->, PRON, nsubj)']"
12,12,"[np.float64(0.02035327607952997), np.float64(0.02035327607952997), np.float64(0.019379430781811258), np.float64(0.019379430781811258), np.float64(0.01798822321364224)]","[101, 1092, 815, 1071, 151]","[0, 0, 0, 0, 0]","[np.float64(0.0), np.float64(0.07552919369389001), np.float64(0.0), np.float64(0.0), np.float64(0.0)]",bashinform 202,"['(ADJ, ->, VERB, conj)' '(PROPN, ->, VERB, acl)'
 '(VERB, <-, VERB, nsubj)' '(NOUN, <-, ADJ, appos)' '(ADJ, ->, ADJ, obl)']"
13,13,"[np.float64(0.05121052330476927), np.float64(0.03747101608941983), np.float64(0.03419146265159978), np.float64(0.033081365720692535), np.float64(0.029011823949997906)]","[331, 425, 380, 358, 818]","[0, 1, 0, 0, 0]","[np.float64(0.001487028833124717), np.float64(0.0), np.float64(0.019971142798701595), np.float64(0.0), np.float64(0.0015517115949184787)]",Belyaev,"['(NOUN, ->, VERB, acl)' '(ADV, ->, NOUN, root)' '(VERB, ->, ADP, conj)'
 '(PROPN, <-, INTJ, punct)' '(VERB, ->, DET, conj)']"
14,14,"[np.float64(0.04487419229822809), np.float64(0.04418210971395786), np.float64(0.0416496890760687), np.float64(0.03973956023694969), np.float64(0.037006823694116786)]","[866, 361, 628, 880, 686]","[13, 0, 4, 0, 1]","[np.float64(0.0), np.float64(0.010175767865746439), np.float64(0.002338891031995353), np.float64(0.010493714754163736), np.float64(0.0)]",Belyanin,"['(PRON, <-, ADJ, nsubj)' '(ADV, <-, PRON, nmod)' '(ADJ, ->, ADJ, iobj)'
 '(PART, ->, VERB, csubj)' '(NOUN, <-, PRON, mark)']"
15,15,"[np.float64(0.023274811972684994), np.float64(0.023274811972684994), np.float64(0.021327121377248237), np.float64(0.021327121377248237), np.float64(0.021327121377248237)]","[815, 1204, 29, 38, 56]","[0, 21, 0, 0, 34]","[np.float64(0.0), np.float64(-5.704316884347017e-11), np.float64(0.0), np.float64(0.006494391317431936), np.float64(0.0)]",Bobkova,"['(VERB, <-, VERB, nsubj)' '(PRON, <-, ADV, case)'
 '(NOUN, ->, PRON, iobj)' '(DET, ->, PART, conj)'
 '(NUM, <-, PART, advmod)']"
16,16,"[np.float64(0.028363563449620433), np.float64(0.022639204715353745), np.float64(0.020210747336286916), np.float64(0.01691549417377758), np.float64(0.014041432338425253)]","[1147, 347, 740, 954, 1385]","[0, 1, 33, 0, 6]","[np.float64(0.0), np.float64(-1.5194825428910688e-11), np.float64(0.0), np.float64(0.004960884534507683), np.float64(0.004768319145052735)]",BonchOsmolovskaya,"['(ADV, <-, PART, cc)' '(NUM, ->, ADJ, obl)' '(VERB, <-, SCONJ, cc)'
 '(AUX, <-, NOUN, obl)' '(AUX, <-, DET, det)']"
17,17,"[np.float64(0.03861866475421594), np.float64(0.036708497037490684), np.float64(0.03523604406988534), np.float64(0.03394560263236479), np.float64(0.030783305770318847)]","[315, 565, 1350, 683, 406]","[0, 1, 0, 0, 0]","[np.float64(0.0), np.float64(0.0), np.float64(0.0012205996588652993), np.float64(0.005049852858585631), np.float64(0.0011416106697692274)]",Brustein,"['(PROPN, ->, NOUN, det)' '(ADV, <-, ADJ, det)' '(NUM, <-, ADV, advmod)'
 '(PRON, ->, NOUN, conj)' '(DET, <-, DET, advmod)']"
18,18,"[np.float64(0.05473100878615578), np.float64(0.04487829689437839), np.float64(0.04130929942608286), np.float64(0.039510154610745474), np.float64(0.037596406674998084)]","[413, 1140, 96, 910, 1428]","[124, 0, 0, 0, 0]","[np.float64(0.009191753054618132), np.float64(0.0003138776332653761), np.float64(0.035004134343280036), np.float64(0.01811083246057115), np.float64(0.001960846079979258)]",Bulgakov,"['(ADJ, ->, NOUN, nsubj)' '(NOUN, ->, ADV, conj)'
 '(ADJ, ->, PUNCT, nummod)' '(AUX, ->, PRON, root)'
 '(PART, ->, PROPN, parataxis)']"
19,19,"[np.float64(0.07328261043533457), np.float64(0.06691741850393518), np.float64(0.06438940993334707), np.float64(0.05532417230159958), np.float64(0.053102801756537366)]","[1192, 59, 457, 461, 877]","[0, 0, 0, 0, 0]","[np.float64(5.95673568866984e-05), np.float64(0.0007166832076305519), np.float64(0.022362599926231394), np.float64(0.0), np.float64(0.00474575922577387)]",Bulychev,"['(DET, <-, PUNCT, root)' '(VERB, ->, PROPN, xcomp)'
 '(ADV, <-, AUX, advcl)' '(PRON, <-, PART, orphan)'
 '(PROPN, <-, ADJ, nsubj)']"
20,20,"[np.float64(0.061763424048711935), np.float64(0.056374429022236106), np.float64(0.04724113361058491), np.float64(0.047023797007017754), np.float64(0.04474916937587037)]","[527, 667, 689, 354, 186]","[0, 0, 0, 21, 0]","[np.float64(0.004541850670573769), np.float64(0.004064770639094665), np.float64(0.005873056741332526), np.float64(0.006887106981608377), np.float64(-2.315371016451514e-11)]",Bushkov,"['(NOUN, <-, NOUN, conj)' '(VERB, ->, ADJ, parataxis)'
 '(NOUN, <-, PRON, iobj)' '(PRON, ->, CCONJ, advmod)'
 '(VERB, <-, PRON, nmod)']"
21,21,"[np.float64(0.05622651534600176), np.float64(0.05138411464200909), np.float64(0.05124379807902213), np.float64(0.04041026568815109), np.float64(0.03792481663460734)]","[463, 1373, 1261, 727, 159]","[0, 1, 0, 0, 0]","[np.float64(0.004692487260867614), np.float64(0.002701388755400655), np.float64(0.015745338450891214), np.float64(0.003845108546819707), np.float64(0.021896220738706153)]",Bykov,"['(PROPN, <-, VERB, amod)' '(VERB, ->, VERB, cop)' '(ADJ, <-, PRON, mark)'
 '(NOUN, ->, DET, nummod:gov)' '(PUNCT, <-, PRON, root)']"
22,22,"[np.float64(0.019379430781811258), np.float64(0.01150320850659059), np.float64(0.010073375758888004), np.float64(0.00725909452261575), np.float64(0.0065977365371031604)]","[1078, 1315, 1096, 407, 347]","[0, 0, 110, 0, 6]","[np.float64(0.009705092678246265), np.float64(0.0), np.float64(0.0), np.float64(0.003813513888928035), np.float64(0.0)]",Chechin,"['(PROPN, ->, PROPN, conj)' '(VERB, ->, NOUN, conj)'
 '(VERB, ->, NOUN, nsubj)' '(NOUN, ->, PROPN, advmod)'
 '(NUM, ->, ADJ, obl)']"
23,23,"[np.float64(0.11881411038933287), np.float64(0.11654660450340582), np.float64(0.10150446780095501), np.float64(0.09608941184226583), np.float64(0.09038595330395438)]","[825, 282, 983, 852, 547]","[0, 0, 4, 100, 0]","[np.float64(0.004589756072230144), np.float64(0.014807302724460339), np.float64(0.002861426377718091), np.float64(0.004326339604174242), np.float64(0.0065051683871587135)]",Chekhov,"['(DET, ->, PART, appos)' '(SYM, ->, NUM, parataxis)'
 '(ADJ, ->, PROPN, flat:foreign)' '(NOUN, <-, PART, cc)'
 '(ADP, <-, NUM, advmod)']"
24,24,"[np.float64(0.06054477566191696), np.float64(0.059392976639732975), np.float64(0.0546237780474893), np.float64(0.051793653637948855), np.float64(0.05009988132121246)]","[1156, 88, 346, 307, 722]","[0, 116, 20, 0, 0]","[np.float64(0.0008109861483663626), np.float64(0.0), np.float64(0.01754890689427805), np.float64(0.007827260191131995), np.float64(0.006572780631639012)]",Cherkasova,"['(ADV, <-, ADV, parataxis)' '(PROPN, <-, VERB, parataxis)'
 '(PRON, ->, PART, orphan)' '(NOUN, ->, ADJ, nsubj)'
 '(ADJ, ->, PROPN, flat:name)']"
25,25,"[np.float64(0.05400690195836966), np.float64(0.04593107595409118), np.float64(0.04535399542692753), np.float64(0.04055901687986885), np.float64(0.04030156957583275)]","[1389, 1168, 243, 537, 1428]","[11, 0, 0, 3, 0]","[np.float64(0.0), np.float64(0.002280693770746655), np.float64(0.001115649409730085), np.float64(0.02369997021857092), np.float64(0.024612252116263632)]",Convlab,"['(PROPN, ->, ADJ, parataxis)' '(NOUN, <-, DET, obj)'
 '(X, ->, INTJ, fixed)' '(VERB, <-, NOUN, nummod:gov)'
 '(PART, ->, PROPN, parataxis)']"
26,26,"[np.float64(0.023274811972684994), np.float64(0.022300966674966505), np.float64(0.022300966674966505), np.float64(0.022300966674966505), np.float64(0.022300966674966505)]","[867, 56, 162, 168, 413]","[0, 0, 0, 0, 124]","[np.float64(0.000947605084789913), np.float64(0.001895210169579826), np.float64(0.00122045602230627), np.float64(0.001895210169579826), np.float64(0.001895210169579826)]",Derevyanko,"['(VERB, <-, NOUN, obj)' '(NUM, <-, PART, advmod)' '(ADV, ->, ADP, case)'
 '(PRON, ->, NUM, nummod:gov)' '(ADJ, ->, NOUN, nsubj)']"
27,27,"[np.float64(0.022300966674966505), np.float64(0.021327121377248237), np.float64(0.019379430781811258), np.float64(0.01687525715910676), np.float64(0.009466064608011027)]","[57, 56, 493, 1325, 408]","[1, 0, 30, 0, 0]","[np.float64(-8.064515722209117e-11), np.float64(0.0024122265059146357), np.float64(0.03620087587158474), np.float64(0.0), np.float64(0.0)]",DoctorPiter,"['(PROPN, ->, PUNCT, nmod)' '(NUM, <-, PART, advmod)'
 '(NOUN, ->, NOUN, obl)' '(PRON, ->, PRON, orphan)'
 '(DET, ->, NOUN, parataxis)']"
28,28,"[np.float64(0.061762951891698004), np.float64(0.05941667679372342), np.float64(0.04013925898511528), np.float64(0.036241189562785436), np.float64(0.03345623963636335)]","[1350, 795, 802, 518, 1078]","[0, 0, 122, 2, 1]","[np.float64(0.005714146644994999), np.float64(0.03497930491310318), np.float64(0.0), np.float64(0.012038417798089658), np.float64(0.002985528744817668)]",Dombrowski,"['(NUM, <-, ADV, advmod)' '(ADV, <-, PRON, cop)' '(ADJ, ->, VERB, advcl)'
 '(VERB, ->, VERB, punct)' '(PROPN, ->, PROPN, conj)']"
29,29,"[np.float64(0.023274811972684994), np.float64(0.022300966674966505), np.float64(0.022300966674966505), np.float64(0.022300966674966505), np.float64(0.021327121377248237)]","[322, 111, 115, 1191, 973]","[0, 15, 0, 0, 0]","[np.float64(0.0794439358002273), np.float64(0.010485385608836315), np.float64(0.0), np.float64(0.014444351963677689), np.float64(0.0)]",Doronina,"['(PRON, <-, ADV, mark)' '(ADJ, ->, NOUN, nmod)'
 '(NOUN, ->, PROPN, fixed)' '(ADJ, ->, PRON, mark)'
 '(NOUN, <-, PUNCT, punct)']"
30,30,"[np.float64(0.12570318642424072), np.float64(0.08659365281317188), np.float64(0.08493392036771286), np.float64(0.08168924846510994), np.float64(0.07815088364710032)]","[1154, 1159, 1126, 818, 32]","[0, 0, 0, 0, 0]","[np.float64(0.001406842245808187), np.float64(0.06545783815770909), np.float64(0.027588269552937514), np.float64(0.008204385759004834), np.float64(0.002217196795565497)]",Dostoevsky,"['(ADV, <-, PUNCT, discourse)' '(PROPN, ->, X, orphan)'
 '(SCONJ, ->, PART, aux)' '(VERB, ->, DET, conj)' '(VERB, ->, PUNCT, cc)']"
31,31,"[np.float64(0.04141838543012355), np.float64(0.03793163024960533), np.float64(0.03388362718671467), np.float64(0.02996194536862018), np.float64(0.02309681031495714)]","[1356, 92, 1146, 1140, 234]","[0, 0, 0, 0, 0]","[np.float64(0.0036248778041712464), np.float64(0.03102853179662185), np.float64(0.0009062194510428116), np.float64(0.008680248167119077), np.float64(0.0)]",Dovlatov,"['(PROPN, ->, NUM, nummod)' '(ADJ, <-, NOUN, nsubj:pass)'
 '(VERB, <-, PRON, case)' '(NOUN, ->, ADV, conj)' '(PROPN, <-, ADV, obl)']"
32,32,"[np.float64(0.034663275646467095), np.float64(0.028928043843132523), np.float64(0.02554326239159388), np.float64(0.02443072855048012), np.float64(0.02372204530273514)]","[463, 775, 851, 388, 863]","[0, 0, 0, 83, 0]","[np.float64(0.01411946640322918), np.float64(0.0007225170204367143), np.float64(0.0006478469827909333), np.float64(0.006399455585004109), np.float64(0.0)]",Dragunski,"['(PROPN, <-, VERB, amod)' '(NUM, ->, PROPN, parataxis)'
 '(NOUN, <-, NUM, nummod)' '(PRON, <-, DET, det)' '(PART, ->, VERB, root)']"
33,33,"[np.float64(0.021327121377248237), np.float64(0.019379430781811258), np.float64(0.01798822321364224), np.float64(0.008798284975289894), np.float64(0.008195861522282022)]","[824, 802, 1428, 1156, 1357]","[0, 0, 1, 75, 1]","[np.float64(0.013140257150453366), np.float64(0.0), np.float64(0.0), np.float64(0.0), np.float64(0.0)]",Drobyshevsky Rupasova,"['(VERB, <-, ADV, parataxis)' '(ADJ, ->, VERB, advcl)'
 '(PART, ->, PROPN, parataxis)' '(ADV, <-, ADV, parataxis)'
 '(VERB, <-, NOUN, obl)']"
34,34,"[np.float64(0.06878217566200773), np.float64(0.06055760676468169), np.float64(0.05688993814684662), np.float64(0.050335151110332266), np.float64(0.049205895537555056)]","[242, 663, 1011, 225, 1026]","[26, 0, 0, 2, 0]","[np.float64(0.014378162842519518), np.float64(0.0035067544860710826), np.float64(0.006286520836236773), np.float64(0.0009515690320157182), np.float64(0.0016732749159252885)]",Drobyshevsky,"['(PROPN, ->, DET, det)' '(ADJ, ->, PART, obl)'
 '(DET, <-, VERB, parataxis)' '(AUX, <-, ADJ, root)'
 '(PROPN, ->, NUM, flat:foreign)']"
35,35,"[np.float64(0.021327121377248237), np.float64(0.021327121377248237), np.float64(0.020353276079529747), np.float64(0.020353276079529747), np.float64(0.020353276079529747)]","[306, 1096, 28, 582, 664]","[0, 0, 1, 0, 0]","[np.float64(0.0), np.float64(0.0), np.float64(0.0002415251984034869), np.float64(0.0), np.float64(0.004664986412998275)]",Dubchak,"['(PRON, ->, ADV, advmod)' '(VERB, ->, NOUN, nsubj)'
 '(VERB, ->, PROPN, ccomp)' '(NUM, <-, CCONJ, advmod)'
 '(PROPN, ->, PROPN, nsubj)']"
36,36,"[np.float64(0.01604053261820526), np.float64(0.013675479752317865), np.float64(0.011199130280976743), np.float64(0.009673481009083607), np.float64(0.008374562074788039)]","[388, 686, 1315, 97, 942]","[0, 0, 30, 0, 0]","[np.float64(-9.616969345053462e-12), np.float64(-5.289333139779405e-12), np.float64(0.019796390382927943), np.float64(0.0), np.float64(0.0)]",EdimDoma,"['(PRON, <-, DET, det)' '(NOUN, <-, PRON, mark)' '(VERB, ->, NOUN, conj)'
 '(VERB, ->, NUM, nummod)' '(VERB, ->, NOUN, obl)']"
37,37,"[np.float64(0.059329794331804186), np.float64(0.05844857436435369), np.float64(0.05735781997198308), np.float64(0.04820524676113225), np.float64(0.046669874158976166)]","[186, 1428, 476, 202, 8]","[0, 0, 0, 0, 2]","[np.float64(0.0), np.float64(0.0005529264692563356), np.float64(0.0), np.float64(0.01062844989425731), np.float64(0.010104489007605787)]",Efremov,"['(VERB, <-, PRON, nmod)' '(PART, ->, PROPN, parataxis)'
 '(NOUN, ->, ADV, appos)' '(VERB, ->, ADV, xcomp)'
 '(NOUN, ->, DET, nsubj)']"
38,38,"[np.float64(0.04054084811160341), np.float64(0.039647236849952416), np.float64(0.035474996115996915), np.float64(0.03474032990712095), np.float64(0.03419461197871165)]","[1282, 1373, 604, 646, 57]","[0, 85, 1, 0, 0]","[np.float64(0.002124679324239409), np.float64(0.0), np.float64(0.0), np.float64(0.00673207998244165), np.float64(0.006091574949398248)]",Epstein,"['(ADV, ->, ADJ, advcl)' '(VERB, ->, VERB, cop)'
 '(ADV, <-, PRON, discourse)' '(ADJ, ->, PRON, iobj)'
 '(PROPN, ->, PUNCT, nmod)']"
39,39,"[np.float64(0.0433026201105986), np.float64(0.0351716657730623), np.float64(0.02798728225671876), np.float64(0.026390917995613217), np.float64(0.019413472242218677)]","[378, 1393, 725, 111, 651]","[0, 0, 0, 0, 0]","[np.float64(0.002238813254098046), np.float64(0.0), np.float64(0.008242991280827288), np.float64(0.011684582281157459), np.float64(0.0)]",Exler,"['(VERB, <-, AUX, advcl)' '(ADP, ->, NUM, nsubj)'
 '(ADJ, ->, PART, parataxis)' '(ADJ, ->, NOUN, nmod)'
 '(VERB, <-, ADP, case)']"
40,40,"[np.float64(0.04025653497887871), np.float64(0.03677423862630702), np.float64(0.03380791648077097), np.float64(0.03298213671375394), np.float64(0.0294754001523434)]","[1007, 824, 725, 650, 1261]","[0, 0, 71, 124, 0]","[np.float64(0.004194219479780675), np.float64(0.006088921880278745), np.float64(0.0011402857918630747), np.float64(0.0024213593340485623), np.float64(0.00513395861013318)]",Fadeev,"['(VERB, ->, NOUN, orphan)' '(VERB, <-, ADV, parataxis)'
 '(ADJ, ->, PART, parataxis)' '(NOUN, <-, PROPN, root)'
 '(ADJ, <-, PRON, mark)']"
41,41,"[np.float64(0.05476141136602375), np.float64(0.04443444377765193), np.float64(0.04239997453302535), np.float64(0.04139143624736841), np.float64(0.04104863682894222)]","[47, 902, 758, 156, 493]","[0, 0, 0, 0, 0]","[np.float64(0.06412949518526297), np.float64(0.039413204914616924), np.float64(0.0), np.float64(0.002351656972118304), np.float64(0.002709459790932166)]",Furmanov,"['(PART, <-, VERB, nsubj)' '(ADP, <-, CCONJ, fixed)'
 '(ADJ, ->, PRON, obl)' '(CCONJ, ->, PROPN, root)' '(NOUN, ->, NOUN, obl)']"
42,42,"[np.float64(0.029562794900684697), np.float64(0.020251195028485935), np.float64(0.018520693874782723), np.float64(0.01615689345830673), np.float64(0.01520072620962487)]","[425, 595, 821, 927, 1049]","[0, 0, 0, 0, 0]","[np.float64(0.0024633103837704467), np.float64(0.0), np.float64(0.0), np.float64(0.011622177820282709), np.float64(0.01250664596288317)]",Gachev,"['(ADV, ->, NOUN, root)' '(AUX, <-, NOUN, advcl)' '(AUX, <-, SCONJ, mark)'
 '(NOUN, <-, ADP, parataxis)' '(NOUN, ->, CCONJ, advmod)']"
43,43,"[np.float64(0.0147535437066727), np.float64(0.009686441063829654), np.float64(0.009392041866768674), np.float64(0.008218049020463192), np.float64(0.007896502799218608)]","[802, 1282, 1144, 56, 307]","[0, 0, 0, 0, 0]","[np.float64(0.0), np.float64(0.022537550244230674), np.float64(0.0), np.float64(0.00912069333246716), np.float64(0.000697458169796583)]",Gasymov,"['(ADJ, ->, VERB, advcl)' '(ADV, ->, ADJ, advcl)'
 '(PROPN, <-, NOUN, nmod)' '(NUM, <-, PART, advmod)'
 '(NOUN, ->, ADJ, nsubj)']"
44,44,"[np.float64(0.03229966462478895), np.float64(0.03023935801625166), np.float64(0.026652727801289133), np.float64(0.026520514201904377), np.float64(0.02602354578829047)]","[39, 1203, 579, 1140, 234]","[0, 0, 0, 0, 0]","[np.float64(0.004569358020588539), np.float64(0.0007639550525989418), np.float64(0.005042441166520809), np.float64(0.004537905454795371), np.float64(0.041136517208812264)]",Gaydar,"['(PRON, <-, VERB, advmod)' '(ADJ, <-, PRON, det)'
 '(DET, <-, NUM, nummod:gov)' '(NOUN, ->, ADV, conj)'
 '(PROPN, <-, ADV, obl)']"
45,45,"[np.float64(0.021327121377248015), np.float64(0.02035327607952997), np.float64(0.020353276079529747), np.float64(0.020353276079529747), np.float64(0.018405585484092768)]","[667, 736, 166, 651, 1350]","[0, 0, 0, 15, 0]","[np.float64(0.0), np.float64(0.01661255347359357), np.float64(0.0), np.float64(0.0), np.float64(0.0007150611981322234)]",GazetaRu,"['(VERB, ->, ADJ, parataxis)' '(ADJ, <-, VERB, advcl)'
 '(VERB, ->, VERB, parataxis)' '(VERB, <-, ADP, case)'
 '(NUM, <-, ADV, advmod)']"
46,46,"[np.float64(0.030217538758825824), np.float64(0.02848929544328538), np.float64(0.026795251340032467), np.float64(0.025825113580275616), np.float64(0.024947024415237662)]","[306, 881, 335, 1246, 553]","[0, 0, 1, 0, 0]","[np.float64(0.0030386392212702514), np.float64(0.0), np.float64(0.006582924440483563), np.float64(0.002861817079476812), np.float64(0.0010085101436807474)]",Gelb,"['(PRON, ->, ADV, advmod)' '(DET, ->, ADJ, amod)' '(VERB, ->, DET, nmod)'
 '(VERB, ->, PART, cc)' '(ADJ, ->, ADJ, acl:relcl)']"
47,47,"[np.float64(0.023274811972684994), np.float64(0.022300966674966505), np.float64(0.021327121377248237), np.float64(0.020353276079529747), np.float64(0.020353276079529747)]","[1201, 1356, 821, 56, 146]","[0, 0, 27, 0, 58]","[np.float64(0.0010055423214084733), np.float64(0.010376356062843735), np.float64(0.0), np.float64(0.0008031624782596694), np.float64(0.0)]",Gorelov,"['(PRON, <-, PART, cc)' '(PROPN, ->, NUM, nummod)'
 '(AUX, <-, SCONJ, mark)' '(NUM, <-, PART, advmod)'
 '(NOUN, ->, DET, parataxis)']"
48,48,"[np.float64(0.022300966674966505), np.float64(0.021327121377248237), np.float64(0.01840558548409299), np.float64(0.01645789488865601), np.float64(0.01328594163323027)]","[1117, 1357, 852, 851, 824]","[0, 124, 0, 0, 0]","[np.float64(0.0), np.float64(0.0), np.float64(0.0), np.float64(6.735755162760834e-05), np.float64(-9.043581746017049e-13)]",GorVestnik,"['(ADJ, <-, PART, advmod)' '(VERB, <-, NOUN, obl)' '(NOUN, <-, PART, cc)'
 '(NOUN, <-, NUM, nummod)' '(VERB, <-, ADV, parataxis)']"
49,49,"[np.float64(0.03798394164483965), np.float64(0.03333305260111041), np.float64(0.029899484050033842), np.float64(0.027550584398772893), np.float64(0.025306103132339608)]","[711, 430, 1123, 1357, 1350]","[1, 109, 1, 0, 0]","[np.float64(0.0), np.float64(0.002995950107057045), np.float64(0.005101026763597901), np.float64(0.00695246816624599), np.float64(0.03372820257052657)]",Granin,"['(PROPN, ->, PROPN, nmod)' '(AUX, ->, ADP, advmod)'
 '(NOUN, ->, ADJ, advmod)' '(VERB, <-, NOUN, obl)'
 '(NUM, <-, ADV, advmod)']"
50,50,"[np.float64(0.053938648350088325), np.float64(0.05070997489047624), np.float64(0.049809646846835864), np.float64(0.04389378528819332), np.float64(0.03932042439041594)]","[724, 1056, 651, 1282, 56]","[0, 0, 0, 56, 55]","[np.float64(0.021310407082918634), np.float64(0.0036488104976943538), np.float64(0.0016026924077213694), np.float64(0.0007892908993297056), np.float64(0.004678210508444932)]",Grekova,"['(PRON, ->, ADP, orphan)' '(NOUN, <-, SCONJ, advmod)'
 '(VERB, <-, ADP, case)' '(ADV, ->, ADJ, advcl)' '(NUM, <-, PART, advmod)']"
51,51,"[np.float64(0.06382523260229922), np.float64(0.06131593341821906), np.float64(0.060600472636017866), np.float64(0.06046300215578593), np.float64(0.05968204216307882)]","[1337, 1063, 619, 1428, 802]","[0, 0, 14, 1, 1]","[np.float64(0.0), np.float64(0.010313239143987131), np.float64(0.00043222852001902095), np.float64(0.003120231125470498), np.float64(-1.1861870495179261e-11)]",Grin,"['(DET, ->, DET, advmod)' '(PRON, <-, NOUN, parataxis)'
 '(PRON, <-, ADV, discourse)' '(PART, ->, PROPN, parataxis)'
 '(ADJ, ->, VERB, advcl)']"
52,52,"[np.float64(0.03041647636192102), np.float64(0.0291506033460478), np.float64(0.029110920806365348), np.float64(0.02876435995980453), np.float64(0.027609598055042373)]","[372, 234, 824, 758, 981]","[0, 0, 0, 9, 0]","[np.float64(0.0), np.float64(0.026392392931931637), np.float64(0.013261972287888439), np.float64(0.02390626285085717), np.float64(0.021420132769782708)]",Gusev,"['(NUM, ->, ADV, fixed)' '(PROPN, <-, ADV, obl)'
 '(VERB, <-, ADV, parataxis)' '(ADJ, ->, PRON, obl)'
 '(DET, ->, PROPN, orphan)']"
53,53,"[np.float64(0.022300966674966505), np.float64(0.021327121377248237), np.float64(0.020353276079529747), np.float64(0.019379430781811258), np.float64(0.01701437791592375)]","[869, 1425, 853, 486, 463]","[0, 0, 0, 0, 0]","[np.float64(0.0), np.float64(0.0), np.float64(0.0), np.float64(0.0), np.float64(0.00042018034709880497)]",Gusiatnikova,"['(ADJ, <-, ADP, advmod)' '(ADV, ->, VERB, acl:relcl)'
 '(VERB, <-, NOUN, mark)' '(VERB, ->, ADJ, fixed)'
 '(PROPN, <-, VERB, amod)']"
54,54,"[np.float64(0.04600446405987202), np.float64(0.045884100670051664), np.float64(0.04294329751344639), np.float64(0.04198253833017529), np.float64(0.040888396689099826)]","[415, 628, 1246, 24, 1229]","[0, 0, 0, 0, 0]","[np.float64(0.03628755581116578), np.float64(0.0), np.float64(0.0040839179671610165), np.float64(0.0008750150909668133), np.float64(0.003792696791732069)]",Hoffman,"['(ADV, <-, ADV, advcl)' '(ADJ, ->, ADJ, iobj)' '(VERB, ->, PART, cc)'
 '(ADV, ->, PART, discourse)' '(PROPN, <-, NUM, amod)']"
55,55,"[np.float64(0.06038058941105262), np.float64(0.0498573610870936), np.float64(0.041752379359061065), np.float64(0.03935534393547746), np.float64(0.03913873735461659)]","[578, 1174, 819, 28, 30]","[0, 0, 0, 0, 0]","[np.float64(0.005242828303375156), np.float64(0.005024294367393598), np.float64(0.0013969411716458842), np.float64(0.009926600871431735), np.float64(0.0)]",Kassil,"['(PART, <-, INTJ, discourse)' '(VERB, ->, PRON, iobj)'
 '(AUX, ->, ADV, nsubj)' '(VERB, ->, PROPN, ccomp)'
 '(NOUN, ->, SCONJ, conj)']"
56,56,"[np.float64(0.05696714418143478), np.float64(0.05401463384376126), np.float64(0.05077018335428729), np.float64(0.047972993542581), np.float64(0.044007408704309414)]","[588, 762, 461, 1204, 1323]","[1, 0, 0, 0, 0]","[np.float64(0.004803950706360121), np.float64(0.0028160794483863432), np.float64(0.06130142391197725), np.float64(0.0022844050536016776), np.float64(0.00027182629826521534)]",Kataev,"['(NOUN, <-, PRON, amod)' '(NOUN, <-, INTJ, cc)'
 '(PRON, <-, PART, orphan)' '(PRON, <-, ADV, case)' '(PAD, <-, NUM, root)']"
57,57,"[np.float64(0.08207630927843912), np.float64(0.07957171995972634), np.float64(0.0710402696774648), np.float64(0.05967425429802575), np.float64(0.05877188200574124)]","[522, 877, 795, 623, 1174]","[0, 0, 0, 0, 1]","[np.float64(0.011986693727048723), np.float64(0.0019104579913060194), np.float64(0.0), np.float64(0.005481012249522957), np.float64(0.002029377310081973)]",Kaverin,"['(ADP, ->, PROPN, advcl)' '(PROPN, <-, ADJ, nsubj)'
 '(ADV, <-, PRON, cop)' '(ADJ, <-, NOUN, nmod)' '(VERB, ->, PRON, iobj)']"
58,58,"[np.float64(0.023274811972684994), np.float64(0.022300966674966727), np.float64(0.021327121377248237), np.float64(0.01604053261820526), np.float64(0.011447560203863949)]","[802, 1166, 1169, 251, 779]","[0, 0, 123, 2, 0]","[np.float64(0.006481026857099109), np.float64(0.0), np.float64(0.0), np.float64(0.0), np.float64(0.05184821485679287)]",Kirsanova Anodina Aksenov,"['(ADJ, ->, VERB, advcl)' '(AUX, ->, VERB, csubj)' '(NOUN, <-, X, nummod)'
 '(ADJ, <-, ADJ, conj)' '(ADJ, ->, X, flat:foreign)']"
59,59,"[np.float64(0.03047335466879919), np.float64(0.024065111283556928), np.float64(0.02226102934752683), np.float64(0.022210541093485636), np.float64(0.020587545798532725)]","[40, 736, 1200, 516, 801]","[0, 0, 2, 0, 1]","[np.float64(0.039343791787896376), np.float64(0.0), np.float64(0.003738127618326629), np.float64(0.006835313051952541), np.float64(0.004612731798565344)]",Knabe,"['(X, ->, NUM, case)' '(ADJ, <-, VERB, advcl)' '(X, <-, PART, cc)'
 '(NUM, <-, ADP, root)' '(NOUN, ->, SYM, mark)']"
60,60,"[np.float64(0.023274811972684994), np.float64(0.021327121377248237), np.float64(0.021327121377248237), np.float64(0.021327121377248237), np.float64(0.02035327607952997)]","[450, 277, 790, 815, 533]","[2, 0, 0, 0, 0]","[np.float64(0.0), np.float64(0.0), np.float64(0.06723518508068681), np.float64(0.022411728360228936), np.float64(0.01626903128699868)]",Koni,"['(DET, <-, ADV, obl)' '(CCONJ, ->, PART, advmod)'
 '(ADV, <-, CCONJ, advmod)' '(VERB, <-, VERB, nsubj)'
 '(DET, ->, PRON, nsubj)']"
61,61,"[np.float64(0.0369785092602527), np.float64(0.03562400118773801), np.float64(0.030990684818933523), np.float64(0.027942278268439535), np.float64(0.025667961680987395)]","[1144, 519, 1383, 1373, 821]","[0, 0, 8, 0, 77]","[np.float64(0.0), np.float64(0.0031945856880584073), np.float64(0.0), np.float64(0.010296392930322956), np.float64(0.0038649475748506186)]",Kozlov,"['(PROPN, <-, NOUN, nmod)' '(PRON, <-, AUX, cop)' '(DET, ->, PROPN, obl)'
 '(VERB, ->, VERB, cop)' '(AUX, <-, SCONJ, mark)']"
62,62,"[np.float64(0.0892715383810112), np.float64(0.07107983641009086), np.float64(0.0664808150778653), np.float64(0.0615674261868171), np.float64(0.05951137169281062)]","[56, 1017, 869, 413, 715]","[2, 0, 0, 124, 0]","[np.float64(0.0009788489606077076), np.float64(0.00852097675818894), np.float64(0.0), np.float64(0.02780518195935406), np.float64(0.0)]",Krapivin,"['(NUM, <-, PART, advmod)' '(INTJ, <-, NOUN, root)'
 '(ADJ, <-, ADP, advmod)' '(ADJ, ->, NOUN, nsubj)'
 '(PROPN, ->, ADJ, conj)']"
63,63,"[np.float64(0.07404267528052577), np.float64(0.06175266819062586), np.float64(0.061630588194609204), np.float64(0.0540283832823929), np.float64(0.05308223618927643)]","[1256, 963, 750, 1007, 261]","[0, 86, 0, 0, 0]","[np.float64(0.007654549673640009), np.float64(0.00031243489264696096), np.float64(0.005314116107772791), np.float64(0.0018986135728378479), np.float64(0.0014057087044027775)]",Kuprin,"['(NOUN, ->, PRON, nsubj)' '(NUM, ->, ADJ, fixed)' '(ADJ, ->, NOUN, amod)'
 '(VERB, ->, NOUN, orphan)' '(ADJ, ->, INTJ, parataxis)']"
64,64,"[np.float64(0.018608111326237853), np.float64(0.016975406256310555), np.float64(0.015468934799379608), np.float64(0.015419722523176804), np.float64(0.015106551653283007)]","[1387, 465, 1078, 331, 519]","[2, 0, 0, 0, 0]","[np.float64(0.014103647894894414), np.float64(0.00671013194139642), np.float64(0.0), np.float64(0.0), np.float64(0.0)]",Lermontov,"['(PAD, ->, NUM, conj)' '(PRON, ->, ADV, obl)' '(PROPN, ->, PROPN, conj)'
 '(NOUN, ->, VERB, acl)' '(PRON, <-, AUX, cop)']"
65,65,"[np.float64(0.10521758264806813), np.float64(0.10406039279844415), np.float64(0.10183889671268676), np.float64(0.10108637939481502), np.float64(0.08833766557274325)]","[725, 125, 142, 98, 1246]","[0, 0, 0, 0, 2]","[np.float64(0.0011827161559182192), np.float64(0.0013205392194158027), np.float64(0.0019271880021603843), np.float64(0.0), np.float64(0.0037349561301517733)]",Losev,"['(ADJ, ->, PART, parataxis)' '(ADV, ->, ADV, csubj)'
 '(DET, ->, PAD, fixed)' '(X, ->, PROPN, amod)' '(VERB, ->, PART, cc)']"
66,66,"[np.float64(0.021327121377248237), np.float64(0.020353276079529747), np.float64(0.020353276079529747), np.float64(0.020353276079529747), np.float64(0.020353276079529747)]","[863, 867, 1078, 1100, 1204]","[0, 0, 0, 0, 0]","[np.float64(0.0), np.float64(0.013901687887346291), np.float64(0.0), np.float64(0.0074474350489929725), np.float64(0.0)]",Lubimova,"['(PART, ->, VERB, root)' '(VERB, <-, NOUN, obj)'
 '(PROPN, ->, PROPN, conj)' '(VERB, ->, ADP, advmod)'
 '(PRON, <-, ADV, case)']"
67,67,"[np.float64(0.06270471797234523), np.float64(0.05830706796661933), np.float64(0.05644491883105063), np.float64(0.054812516964872326), np.float64(0.05233388158997587)]","[845, 322, 863, 1190, 280]","[0, 1, 0, 15, 12]","[np.float64(0.011198604131331936), np.float64(0.0018940284900212604), np.float64(0.00221746221338845), np.float64(0.008319318197730461), np.float64(0.0017475619468559943)]",Lukyanenko,"['(NOUN, <-, ADP, cc)' '(PRON, <-, ADV, mark)' '(PART, ->, VERB, root)'
 '(PRON, ->, ADJ, conj)' '(ADJ, <-, SCONJ, obl)']"
68,68,"[np.float64(0.023274811972684994), np.float64(0.022300966674966727), np.float64(0.022300966674966505), np.float64(0.022300966674966505), np.float64(0.022300966674966505)]","[12, 1166, 493, 852, 954]","[0, 0, 0, 0, 0]","[np.float64(0.05083489811714598), np.float64(0.001150848429945187), np.float64(0.0018827740043387397), np.float64(0.0037655480086774794), np.float64(0.0016717167773999879)]",Lungu,"['(ADP, ->, ADJ, root)' '(AUX, ->, VERB, csubj)' '(NOUN, ->, NOUN, obl)'
 '(NOUN, <-, PART, cc)' '(AUX, <-, NOUN, obl)']"
69,69,"[np.float64(0.06956552802949989), np.float64(0.0608672888685865), np.float64(0.04115168083905474), np.float64(0.039303697815198824), np.float64(0.03339952179158223)]","[1096, 1162, 1362, 659, 331]","[0, 0, 0, 124, 0]","[np.float64(0.021049161120486402), np.float64(0.009421026814480765), np.float64(0.0034241983261271616), np.float64(0.0009408433026070239), np.float64(0.023547835756227403)]",Makushinskiyi,"['(VERB, ->, NOUN, nsubj)' '(NOUN, ->, PRON, amod)'
 '(X, <-, X, flat:foreign)' '(VERB, <-, NOUN, nummod:entity)'
 '(NOUN, ->, VERB, acl)']"
70,70,"[np.float64(0.03533391786307527), np.float64(0.03307927774647246), np.float64(0.03130921310660728), np.float64(0.03008796503414668), np.float64(0.03001145991117038)]","[533, 874, 375, 828, 93]","[0, 0, 0, 0, 7]","[np.float64(0.0073191755377048475), np.float64(0.0009376198345572847), np.float64(0.001182900020974148), np.float64(0.002365800041948296), np.float64(0.006717727458941141)]",Malevish,"['(DET, ->, PRON, nsubj)' '(NOUN, ->, NOUN, punct)' '(AUX, ->, DET, obl)'
 '(PROPN, ->, NOUN, flat:foreign)' '(ADJ, ->, X, advmod)']"
71,71,"[np.float64(0.07991828105578702), np.float64(0.07580408334093536), np.float64(0.07228307911892262), np.float64(0.07011544728761143), np.float64(0.0687740993680862)]","[1351, 76, 1268, 225, 465]","[0, 1, 0, 40, 0]","[np.float64(0.0), np.float64(0.0018177576085348357), np.float64(0.028730633553140903), np.float64(0.000194447452956195), np.float64(0.0012222083822009296)]",Mamin-Sibiryak,"['(DET, ->, ADJ, orphan)' '(ADJ, <-, DET, cop)' '(ADJ, <-, PART, cc)'
 '(AUX, <-, ADJ, root)' '(PRON, ->, ADV, obl)']"
72,72,"[np.float64(0.021327121377248237), np.float64(0.021327121377248237), np.float64(0.021327121377248237), np.float64(0.020353276079529747), np.float64(0.020353276079529747)]","[540, 624, 1315, 1174, 1432]","[0, 1, 0, 0, 2]","[np.float64(0.011120077660075311), np.float64(0.0), np.float64(0.005560038830037656), np.float64(0.027800194150188275), np.float64(0.004125891983427491)]",Mamina,"['(PART, ->, NOUN, conj)' '(PROPN, ->, PART, advmod)'
 '(VERB, ->, NOUN, conj)' '(VERB, ->, PRON, iobj)' '(VERB, ->, PROPN, cc)']"
73,73,"[np.float64(0.021744483647698987), np.float64(0.020353276079529747), np.float64(0.020353276079529747), np.float64(0.020353276079529747), np.float64(0.01937943078181148)]","[575, 111, 1024, 1315, 837]","[0, 0, 0, 0, 0]","[np.float64(0.028073638682813075), np.float64(0.0), np.float64(0.0), np.float64(0.0049908005752597445), np.float64(0.00401051981183044)]",Marchik,"['(AUX, ->, ADP, parataxis)' '(ADJ, ->, NOUN, nmod)'
 '(VERB, <-, PART, root)' '(VERB, ->, NOUN, conj)'
 '(NOUN, <-, DET, orphan)']"
74,74,"[np.float64(0.06485118597816175), np.float64(0.0579744616983624), np.float64(0.05343836362929566), np.float64(0.05260961861183211), np.float64(0.04816109050683015)]","[987, 686, 1268, 87, 630]","[0, 0, 0, 0, 0]","[np.float64(0.018761330967649283), np.float64(0.023021224478225123), np.float64(0.03366732570694893), np.float64(0.000970593025749362), np.float64(0.02806217648035648)]",Marinina,"['(ADV, ->, PART, conj)' '(NOUN, <-, PRON, mark)' '(ADJ, <-, PART, cc)'
 '(PART, ->, PRON, fixed)' '(SCONJ, <-, ADV, parataxis)']"
75,75,"[np.float64(0.012794175923502182), np.float64(0.009673860188720629), np.float64(0.007523073612216158), np.float64(0.00619169706725009), np.float64(0.005722582662620157)]","[1357, 863, 1325, 1122, 257]","[0, 0, 0, 0, 0]","[np.float64(0.0020393265011262856), np.float64(-1.9626130488637295e-11), np.float64(0.0), np.float64(0.003834174312761987), np.float64(0.0314747593574721)]",Mikhalkov,"['(VERB, <-, NOUN, obl)' '(PART, ->, VERB, root)'
 '(PRON, ->, PRON, orphan)' '(PRON, ->, NOUN, parataxis)'
 '(PRON, <-, ADV, advmod)']"
76,76,"[np.float64(0.037233573787533), np.float64(0.02848833409773166), np.float64(0.023874413353033974), np.float64(0.023774582369128217), np.float64(0.023380280003728715)]","[990, 1357, 24, 1125, 113]","[1, 0, 0, 0, 0]","[np.float64(0.0013521073869230667), np.float64(0.0), np.float64(-1.714306829367734e-11), np.float64(0.016425888235505556), np.float64(0.015742477886538774)]",Moshkov,"['(DET, <-, CCONJ, advmod)' '(VERB, <-, NOUN, obl)'
 '(ADV, ->, PART, discourse)' '(X, ->, ADV, advmod)'
 '(ADV, ->, NOUN, advmod)']"
77,77,"[np.float64(0.021327121377248237), np.float64(0.021327121377248237), np.float64(0.02035327607952997), np.float64(0.020353276079529747), np.float64(0.020353276079529747)]","[795, 1096, 92, 615, 1357]","[7, 0, 1, 0, 0]","[np.float64(0.0007516872639564592), np.float64(0.016588838193831123), np.float64(0.0), np.float64(0.0), np.float64(0.002169417715592302)]",NakedScience,"['(ADV, <-, PRON, cop)' '(VERB, ->, NOUN, nsubj)'
 '(ADJ, <-, NOUN, nsubj:pass)' '(NOUN, ->, PROPN, nmod)'
 '(VERB, <-, NOUN, obl)']"
78,78,"[np.float64(0.022300966674966727), np.float64(0.022300966674966727), np.float64(0.022300966674966505), np.float64(0.022300966674966505), np.float64(0.021327121377248237)]","[561, 986, 726, 802, 346]","[0, 0, 1, 0, 0]","[np.float64(0.0), np.float64(0.005209031522500725), np.float64(0.001396922879670317), np.float64(0.0), np.float64(0.0004010795913578015)]",nlobooks[ru],"['(ADV, <-, PRON, parataxis)' '(VERB, ->, NOUN, xcomp)'
 '(SYM, ->, VERB, conj)' '(ADJ, ->, VERB, advcl)'
 '(PRON, ->, PART, orphan)']"
79,79,"[np.float64(0.057179063962579435), np.float64(0.04838357776073254), np.float64(0.04241942022837819), np.float64(0.025983452219263348), np.float64(0.02498095299945413)]","[1095, 862, 1356, 346, 762]","[0, 1, 0, 58, 0]","[np.float64(0.0), np.float64(0.001016735280223207), np.float64(0.0), np.float64(0.0), np.float64(0.010625260148022795)]",Nosov,"['(PRON, ->, ADP, fixed)' '(ADJ, <-, PART, obj)'
 '(PROPN, ->, NUM, nummod)' '(PRON, ->, PART, orphan)'
 '(NOUN, <-, INTJ, cc)']"
80,80,"[np.float64(0.05020128511963451), np.float64(0.045396171760345494), np.float64(0.04093833438210881), np.float64(0.040282631959556725), np.float64(0.038885893678057615)]","[908, 1325, 714, 87, 927]","[0, 0, 0, 84, 0]","[np.float64(0.009038576533122594), np.float64(0.000286800216794966), np.float64(0.005803866004620309), np.float64(0.0011502112579918615), np.float64(0.010998189924534905)]",Oseeva,"['(DET, ->, NOUN, conj)' '(PRON, ->, PRON, orphan)'
 '(SCONJ, <-, VERB, advcl)' '(PART, ->, PRON, fixed)'
 '(NOUN, <-, ADP, parataxis)']"
81,81,"[np.float64(0.02178647643917897), np.float64(0.010759111394641141), np.float64(0.010047409021720188), np.float64(0.00877943975367479), np.float64(0.006878512539820081)]","[29, 493, 588, 1418, 202]","[3, 0, 0, 0, 0]","[np.float64(0.0), np.float64(0.0), np.float64(0.0), np.float64(0.0), np.float64(0.0)]",Oster,"['(NOUN, ->, PRON, iobj)' '(NOUN, ->, NOUN, obl)' '(NOUN, <-, PRON, amod)'
 '(DET, <-, ADV, advmod)' '(VERB, ->, ADV, xcomp)']"
82,82,"[np.float64(0.023274811972684994), np.float64(0.022300966674966505), np.float64(0.021327121377248237), np.float64(0.021327121377248237), np.float64(0.021327121377248015)]","[1356, 740, 623, 1166, 1100]","[58, 0, 0, 74, 0]","[np.float64(0.0), np.float64(0.004981121866299861), np.float64(0.05733790043476334), np.float64(0.000584078600200562), np.float64(0.006121166568426964)]",Plevako,"['(PROPN, ->, NUM, nummod)' '(VERB, <-, SCONJ, cc)'
 '(ADJ, <-, NOUN, nmod)' '(AUX, ->, VERB, csubj)'
 '(VERB, ->, ADP, advmod)']"
83,83,"[np.float64(0.029463647700237572), np.float64(0.028659034213049717), np.float64(0.02761210504079803), np.float64(0.02507677209691661), np.float64(0.023094723668011574)]","[1123, 1350, 1092, 1158, 466]","[2, 0, 0, 0, 0]","[np.float64(0.0033293915993105297), np.float64(0.022503089874864914), np.float64(0.002541996289413468), np.float64(0.0009415259085730259), np.float64(0.0)]",Preobrazhensky,"['(NOUN, ->, ADJ, advmod)' '(NUM, <-, ADV, advmod)'
 '(PROPN, ->, VERB, acl)' '(AUX, <-, ADV, mark)' '(VERB, <-, SCONJ, obl)']"
84,84,"[np.float64(0.033412713175485), np.float64(0.03282650051766678), np.float64(0.016021199624027815), np.float64(0.01577929072940143), np.float64(0.01570463605209438)]","[1156, 339, 1350, 446, 815]","[0, 0, 0, 0, 0]","[np.float64(0.02642638329465593), np.float64(0.003757252638845579), np.float64(0.0009203062133370455), np.float64(0.01636338558741843), np.float64(0.0018600070111749456)]",Prokofeva,"['(ADV, <-, ADV, parataxis)' '(ADJ, ->, NUM, nummod:gov)'
 '(NUM, <-, ADV, advmod)' '(SCONJ, <-, VERB, root)'
 '(VERB, <-, VERB, nsubj)']"
85,85,"[np.float64(0.01622597890897992), np.float64(0.014050859073711619), np.float64(0.009750527119038344), np.float64(0.00816585902929845), np.float64(0.008026360921182474)]","[151, 559, 1147, 666, 572]","[0, 0, 0, 0, 0]","[np.float64(0.006224892627033262), np.float64(0.023892986282318934), np.float64(0.040157171879136255), np.float64(0.003814400342750803), np.float64(0.0)]",Pushkin,"['(ADJ, ->, ADJ, obl)' '(VERB, ->, NOUN, nmod)' '(ADV, <-, PART, cc)'
 '(INTJ, ->, INTJ, case)' '(PRON, ->, VERB, parataxis)']"
86,86,"[np.float64(0.023274811972684994), np.float64(0.023274811972684994), np.float64(0.022300966674966505), np.float64(0.022300966674966505), np.float64(0.019935913809078998)]","[752, 815, 802, 1117, 1096]","[88, 121, 0, 0, 123]","[np.float64(0.0), np.float64(0.0), np.float64(0.0), np.float64(0.030183067934490136), np.float64(0.0)]",pvlida,"['(DET, ->, PUNCT, punct)' '(VERB, <-, VERB, nsubj)'
 '(ADJ, ->, VERB, advcl)' '(ADJ, <-, PART, advmod)'
 '(VERB, ->, NOUN, nsubj)']"
87,87,"[np.float64(0.027112355772236363), np.float64(0.022867767001584105), np.float64(0.022619880853948948), np.float64(0.022520619020015564), np.float64(0.019275262579377506)]","[1350, 758, 876, 650, 1024]","[0, 1, 0, 0, 0]","[np.float64(0.011630718480196317), np.float64(0.02448859785184989), np.float64(0.0013113518811394484), np.float64(0.0020673741650152804), np.float64(0.029308173132556074)]",Regentov,"['(NUM, <-, ADV, advmod)' '(ADJ, ->, PRON, obl)' '(PRON, ->, INTJ, conj)'
 '(NOUN, <-, PROPN, root)' '(VERB, <-, PART, root)']"
88,88,"[np.float64(0.04143382149843322), np.float64(0.03332659723354936), np.float64(0.02833754674064759), np.float64(0.028218455014976884), np.float64(0.027637112655423346)]","[1145, 665, 1422, 356, 922]","[0, 0, 1, 0, 0]","[np.float64(0.0010135473749431846), np.float64(0.0010179072037902932), np.float64(0.003107685050329415), np.float64(0.0), np.float64(0.011341430243180396)]",Rubina,"['(NOUN, <-, SCONJ, nmod)' '(AUX, ->, ADJ, obl)' '(PART, <-, DET, nsubj)'
 '(INTJ, ->, NOUN, nmod)' '(PRON, ->, DET, acl)']"
89,89,"[np.float64(0.05932900116037798), np.float64(0.04278843432652302), np.float64(0.04242871795993142), np.float64(0.040389399811952), np.float64(0.03802019149933433)]","[752, 1201, 386, 818, 305]","[121, 0, 0, 0, 0]","[np.float64(0.0029634879071777738), np.float64(0.0), np.float64(0.0015052235166909905), np.float64(0.00812085547623367), np.float64(0.0013317861151527016)]",Rybakov,"['(DET, ->, PUNCT, punct)' '(PRON, <-, PART, cc)'
 '(PUNCT, ->, VERB, amod)' '(VERB, ->, DET, conj)'
 '(PRON, ->, NOUN, acl:relcl)']"
90,90,"[np.float64(0.023839563441652722), np.float64(0.02012792909888761), np.float64(0.018675705815078936), np.float64(0.018380587005353832), np.float64(0.018164731678116608)]","[448, 1188, 818, 1140, 1149]","[0, 0, 0, 1, 0]","[np.float64(0.0), np.float64(0.008748947396856659), np.float64(0.008933244604524685), np.float64(0.025743570291637607), np.float64(0.0)]",Salnikov,"['(PROPN, ->, INTJ, flat)' '(INTJ, ->, VERB, parataxis)'
 '(VERB, ->, DET, conj)' '(NOUN, ->, ADV, conj)' '(ADJ, ->, AUX, xcomp)']"
91,91,"[np.float64(0.0744848101675355), np.float64(0.06409574280148866), np.float64(0.06320717447074109), np.float64(0.062265351417497006), np.float64(0.0614080558008645)]","[1009, 762, 153, 166, 362]","[0, 0, 0, 2, 0]","[np.float64(0.0025673718526051043), np.float64(0.08540717091640891), np.float64(0.004089378125535629), np.float64(0.005277711833822857), np.float64(0.052597462011151896)]",SaltykovSchedrin,"['(ADV, <-, X, root)' '(NOUN, <-, INTJ, cc)' '(PAD, ->, X, appos)'
 '(VERB, ->, VERB, parataxis)' '(PROPN, ->, ADV, nsubj)']"
92,92,"[np.float64(0.022300966674966727), np.float64(0.021327121377248237), np.float64(0.021327121377248237), np.float64(0.020353276079529747), np.float64(0.020353276079529747)]","[1007, 331, 1282, 179, 683]","[0, 0, 0, 0, 0]","[np.float64(0.007674083641920886), np.float64(0.0), np.float64(0.0), np.float64(0.0), np.float64(0.01918520910480222)]",Semihatov,"['(VERB, ->, NOUN, orphan)' '(NOUN, ->, VERB, acl)'
 '(ADV, ->, ADJ, advcl)' '(VERB, <-, SCONJ, obj)' '(PRON, ->, NOUN, conj)']"
93,93,"[np.float64(0.07705920737792948), np.float64(0.06752322940052513), np.float64(0.0673109886577149), np.float64(0.06517452743284191), np.float64(0.06430736660362213)]","[1261, 987, 92, 690, 1189]","[0, 61, 0, 1, 0]","[np.float64(0.04950042004643691), np.float64(8.684783215901057e-05), np.float64(0.0), np.float64(0.0030687907441054024), np.float64(0.00045615688981532677)]",Serafimovich,"['(ADJ, <-, PRON, mark)' '(ADV, ->, PART, conj)'
 '(ADJ, <-, NOUN, nsubj:pass)' '(SCONJ, <-, ADP, case)'
 '(VERB, ->, ADP, nmod)']"
94,94,"[np.float64(0.03391859917049944), np.float64(0.03364074690304186), np.float64(0.0329633805275944), np.float64(0.032454538415916945), np.float64(0.032347636802194324)]","[877, 628, 1428, 574, 12]","[0, 0, 0, 1, 2]","[np.float64(0.009954831356107478), np.float64(0.012896016760113108), np.float64(0.0051330566121771115), np.float64(0.002916183829657986), np.float64(0.006097068853306625)]",Sergeev-Tsenskij,"['(PROPN, <-, ADJ, nsubj)' '(ADJ, ->, ADJ, iobj)'
 '(PART, ->, PROPN, parataxis)' '(PROPN, <-, DET, nummod:gov)'
 '(ADP, ->, ADJ, root)']"
95,95,"[np.float64(0.021317642309088947), np.float64(0.02127307942920631), np.float64(0.020267171962616626), np.float64(0.014533777511559265), np.float64(0.011691426368782842)]","[1144, 869, 1093, 9, 1261]","[0, 1, 0, 0, 0]","[np.float64(0.021078706499459154), np.float64(0.03053788330741328), np.float64(0.01308576777076329), np.float64(0.005733469470613331), np.float64(0.0)]",Shevtsov,"['(PROPN, <-, NOUN, nmod)' '(ADJ, <-, ADP, advmod)'
 '(NUM, <-, SCONJ, advmod)' '(ADJ, <-, ADP, obl)' '(ADJ, <-, PRON, mark)']"
96,96,"[np.float64(0.02756727001271464), np.float64(0.02518451945716982), np.float64(0.024560078130522522), np.float64(0.02237118403528171), np.float64(0.021767017368615194)]","[1190, 589, 651, 1346, 1203]","[0, 0, 0, 0, 81]","[np.float64(0.0016818158009398385), np.float64(0.009141049787284377), np.float64(0.006857615577278366), np.float64(0.0), np.float64(0.0)]",Shukshin,"['(PRON, ->, ADJ, conj)' '(NUM, ->, NOUN, advcl)' '(VERB, <-, ADP, case)'
 '(PART, ->, PRON, obj)' '(ADJ, <-, PRON, det)']"
97,97,"[np.float64(0.022300966674966505), np.float64(0.021327121377248237), np.float64(0.02035327607952997), np.float64(0.020353276079529747), np.float64(0.020353276079529747)]","[1147, 1204, 1209, 572, 588]","[0, 0, 0, 0, 0]","[np.float64(0.03988723508505274), np.float64(0.013295745028350915), np.float64(0.0), np.float64(0.001966812481681841), np.float64(0.02659149005670183)]",ShushpanovLouk,"['(ADV, <-, PART, cc)' '(PRON, <-, ADV, case)' '(NOUN, ->, ADV, amod)'
 '(PRON, ->, VERB, parataxis)' '(NOUN, <-, PRON, amod)']"
98,98,"[np.float64(0.01295494711487466), np.float64(0.009998475473946833), np.float64(0.00815975588462281), np.float64(0.007573441628003108), np.float64(0.007027518433037727)]","[589, 623, 683, 689, 97]","[0, 0, 0, 0, 0]","[np.float64(0.006796747417227615), np.float64(0.0), np.float64(0.0), np.float64(0.038775825855026085), np.float64(0.0)]",Shushpanov,"['(NUM, ->, NOUN, advcl)' '(ADJ, <-, NOUN, nmod)' '(PRON, ->, NOUN, conj)'
 '(NOUN, <-, PRON, iobj)' '(VERB, ->, NUM, nummod)']"
99,99,"[np.float64(0.04898185785504472), np.float64(0.04559770537222074), np.float64(0.04126143765275636), np.float64(0.040963466598104126), np.float64(0.0394538163994409)]","[1035, 514, 962, 264, 1362]","[0, 0, 0, 0, 2]","[np.float64(0.0011436497602810313), np.float64(0.0), np.float64(0.009799446676610054), np.float64(0.021596460486708303), np.float64(0.006946197958119677)]",Simonov,"['(ADV, <-, ADV, ccomp)' '(PROPN, ->, PART, parataxis)'
 '(ADV, ->, VERB, mark)' '(PART, ->, NOUN, obl)'
 '(X, <-, X, flat:foreign)']"
100,100,"[np.float64(0.021327121377248237), np.float64(0.021327121377248237), np.float64(0.01937943078181148), np.float64(0.019379430781811258), np.float64(0.019379430781811258)]","[589, 1431, 736, 179, 322]","[0, 0, 0, 0, 0]","[np.float64(0.00515643282547696), np.float64(0.0), np.float64(0.008414917178961262), np.float64(0.014003284234230438), np.float64(0.002540166842145691)]",Soloviev,"['(NUM, ->, NOUN, advcl)' '(VERB, ->, NUM, iobj)' '(ADJ, <-, VERB, advcl)'
 '(VERB, <-, SCONJ, obj)' '(PRON, <-, ADV, mark)']"
101,101,"[np.float64(0.022300966674966505), np.float64(0.022300966674966505), np.float64(0.021327121377248237), np.float64(0.021327121377248237), np.float64(0.021327121377248237)]","[740, 1100, 310, 786, 1120]","[1, 34, 2, 0, 0]","[np.float64(0.04341400182358171), np.float64(0.0), np.float64(0.0037969307764736406), np.float64(0.011595823895885076), np.float64(0.0)]",Solovyov,"['(VERB, <-, SCONJ, cc)' '(VERB, ->, ADP, advmod)' '(VERB, <-, PUNCT, cc)'
 '(PAD, ->, PROPN, appos)' '(ADJ, <-, INTJ, nsubj:pass)']"
102,102,"[np.float64(0.026261566240847856), np.float64(0.024515300128966633), np.float64(0.02233507599274298), np.float64(0.01861014701889252), np.float64(0.01794200964141035)]","[740, 1112, 493, 663, 406]","[0, 0, 1, 0, 0]","[np.float64(0.0024154609621813436), np.float64(0.0009818505427296096), np.float64(0.0), np.float64(0.002945551628188829), np.float64(0.024701129752918254)]",Stepnova,"['(VERB, <-, SCONJ, cc)' '(PRON, <-, ADJ, root)' '(NOUN, ->, NOUN, obl)'
 '(ADJ, ->, PART, obl)' '(DET, <-, DET, advmod)']"
103,103,"[np.float64(0.08107656791958417), np.float64(0.04870603689980779), np.float64(0.048244825106104505), np.float64(0.047003777496784194), np.float64(0.0439395983051627)]","[235, 849, 721, 752, 469]","[8, 0, 0, 0, 0]","[np.float64(0.011556197613598657), np.float64(0.0017299298026877197), np.float64(0.0029309378971280543), np.float64(0.0019666031496824886), np.float64(0.052758091949316)]",Strugatskie,"['(NOUN, <-, ADV, discourse)' '(VERB, <-, ADV, obl)'
 '(PUNCT, <-, VERB, csubj)' '(DET, ->, PUNCT, punct)'
 '(DET, ->, PART, discourse)']"
104,104,"[np.float64(0.055264394201001155), np.float64(0.050714773170271954), np.float64(0.04015843956565479), np.float64(0.034899143488974715), np.float64(0.03453567403370217)]","[1140, 938, 1373, 1299, 824]","[0, 0, 0, 0, 122]","[np.float64(0.012781322454031557), np.float64(0.004839713835263059), np.float64(0.015695481440575955), np.float64(0.0009890322480756014), np.float64(0.00020549241505572212)]",Tamonikov,"['(NOUN, ->, ADV, conj)' '(PART, <-, ADV, punct)' '(VERB, ->, VERB, cop)'
 '(PRON, <-, VERB, obl)' '(VERB, <-, ADV, parataxis)']"
105,105,"[np.float64(0.021327121377248237), np.float64(0.021327121377248237), np.float64(0.021327121377248237), np.float64(0.021327121377248237), np.float64(0.021327121377248237)]","[20, 25, 37, 113, 166]","[0, 0, 0, 0, 0]","[np.float64(0.001774525640189158), np.float64(0.03549051280378316), np.float64(0.1401875255749435), np.float64(0.0147705594532679), np.float64(0.012421679481324105)]",TEDRus,"['(NOUN, <-, ADV, compound)' '(PART, ->, ADJ, conj)'
 '(NOUN, <-, CCONJ, parataxis)' '(ADV, ->, NOUN, advmod)'
 '(VERB, ->, VERB, parataxis)']"
106,106,"[np.float64(0.047995429249490185), np.float64(0.043521432364528434), np.float64(0.04317927720646397), np.float64(0.0388466353904211), np.float64(0.03565494386039292)]","[908, 1117, 30, 505, 257]","[0, 0, 84, 0, 0]","[np.float64(0.005024037101685876), np.float64(0.008109474504969879), np.float64(0.0022967308180048152), np.float64(0.0), np.float64(0.03210631019880217)]",Teffi,"['(DET, ->, NOUN, conj)' '(ADJ, <-, PART, advmod)'
 '(NOUN, ->, SCONJ, conj)' '(PROPN, ->, NOUN, fixed)'
 '(PRON, <-, ADV, advmod)']"
107,107,"[np.float64(0.11905518176979268), np.float64(0.10407514010834196), np.float64(0.10203342610432009), np.float64(0.0979841155494221), np.float64(0.09156185561422192)]","[686, 678, 661, 432, 411]","[0, 103, 0, 0, 0]","[np.float64(0.0009588543367334921), np.float64(0.005326619284872965), np.float64(0.06476526049949209), np.float64(0.0009286494050127048), np.float64(0.005447592972173499)]",Tolstoy,"['(NOUN, <-, PRON, mark)' '(NOUN, ->, PUNCT, advmod)'
 '(AUX, ->, ADJ, parataxis)' '(ADJ, ->, SCONJ, cc)'
 '(PROPN, ->, NUM, obl)']"
108,108,"[np.float64(0.04919529652332588), np.float64(0.04811715702799946), np.float64(0.03680857510997537), np.float64(0.034568121142952934), np.float64(0.0336903412897529)]","[1053, 1194, 1387, 1315, 1304]","[0, 18, 2, 0, 0]","[np.float64(0.0034549901470438916), np.float64(0.0016595912830772255), np.float64(0.0007215238949936527), np.float64(0.0027806294674747687), np.float64(0.004185958596905911)]",Turgenev,"['(ADV, ->, NUM, nummod)' '(VERB, <-, X, root)' '(PAD, ->, NUM, conj)'
 '(VERB, ->, NOUN, conj)' '(PART, ->, ADJ, advmod)']"
109,109,"[np.float64(0.06492699484578701), np.float64(0.06026737468967325), np.float64(0.05202466564702557), np.float64(0.051551766742042426), np.float64(0.04423815690148025)]","[322, 305, 837, 667, 1203]","[0, 0, 0, 0, 15]","[np.float64(0.004189630552054059), np.float64(0.0), np.float64(0.005324528104510028), np.float64(0.000760327780733856), np.float64(0.007362347060376203)]",Uspensky,"['(PRON, <-, ADV, mark)' '(PRON, ->, NOUN, acl:relcl)'
 '(NOUN, <-, DET, orphan)' '(VERB, ->, ADJ, parataxis)'
 '(ADJ, <-, PRON, det)']"
110,110,"[np.float64(0.07746235259924417), np.float64(0.07613031451492835), np.float64(0.06273221791357719), np.float64(0.06003987057767368), np.float64(0.053845628879452434)]","[8, 572, 1040, 240, 1059]","[0, 112, 4, 0, 0]","[np.float64(0.0593378067531165), np.float64(0.005263618890743517), np.float64(0.0018279996833856266), np.float64(0.0023627809297719297), np.float64(0.0011892178589232008)]",Vainery,"['(NOUN, ->, DET, nsubj)' '(PRON, ->, VERB, parataxis)'
 '(PROPN, ->, PROPN, discourse)' '(PROPN, <-, PRON, nmod)'
 '(VERB, <-, X, appos)']"
111,111,"[np.float64(0.029686317631762105), np.float64(0.02923269717814181), np.float64(0.027704156274600766), np.float64(0.027671767367211997), np.float64(0.0273954252932187)]","[1007, 1367, 411, 853, 173]","[0, 0, 0, 0, 0]","[np.float64(0.0008129998883245817), np.float64(0.0016259997766491633), np.float64(0.008748167093902668), np.float64(0.009907194522447017), np.float64(0.011929761311187902)]",vestnik nsu,"['(VERB, ->, NOUN, orphan)' '(NOUN, ->, ADP, appos)'
 '(PROPN, ->, NUM, obl)' '(VERB, <-, NOUN, mark)'
 '(ADP, <-, PUNCT, fixed)']"
112,112,"[np.float64(0.021327121377248237), np.float64(0.021327121377248237), np.float64(0.020353276079529747), np.float64(0.019379430781811258), np.float64(0.019379430781811258)]","[757, 802, 56, 388, 874]","[0, 0, 0, 0, 0]","[np.float64(9.212922856044318e-05), np.float64(0.001398374140245458), np.float64(0.0), np.float64(0.0002598438966549681), np.float64(0.0)]",VestnikRayona,"['(SYM, <-, ADP, case)' '(ADJ, ->, VERB, advcl)' '(NUM, <-, PART, advmod)'
 '(PRON, <-, DET, det)' '(NOUN, ->, NOUN, punct)']"
113,113,"[np.float64(0.023274811972684994), np.float64(0.022300966674966505), np.float64(0.022300966674966505), np.float64(0.022300966674966505), np.float64(0.022300966674966505)]","[1015, 64, 954, 1321, 1390]","[0, 0, 0, 0, 1]","[np.float64(0.00166721393899264), np.float64(0.0), np.float64(0.00333442787798528), np.float64(0.003552722811000164), np.float64(0.0)]",Vladimirova,"['(ADP, <-, NOUN, root)' '(PART, <-, VERB, root)' '(AUX, <-, NOUN, obl)'
 '(VERB, ->, PART, obl)' '(PART, ->, PART, flat:name)']"
114,114,"[np.float64(0.024495860244919343), np.float64(0.023915609864503806), np.float64(0.01792883156134939), np.float64(0.01567142050839454), np.float64(0.015643991260577472)]","[1168, 1063, 235, 1078, 519]","[0, 0, 0, 1, 1]","[np.float64(0.035446748542345516), np.float64(0.0012648946031278698), np.float64(0.0), np.float64(0.0013458405235549293), np.float64(0.005744123769347705)]",Vlasova,"['(NOUN, <-, DET, obj)' '(PRON, <-, NOUN, parataxis)'
 '(NOUN, <-, ADV, discourse)' '(PROPN, ->, PROPN, conj)'
 '(PRON, <-, AUX, cop)']"
115,115,"[np.float64(0.07482835800716592), np.float64(0.06141963310097487), np.float64(0.044023509956910845), np.float64(0.043470864283174704), np.float64(0.03859221881656083)]","[961, 1282, 987, 867, 1235]","[2, 0, 85, 0, 0]","[np.float64(0.0011266066592687612), np.float64(0.00556781719789142), np.float64(0.0), np.float64(0.03358083635236368), np.float64(0.020520345550341452)]",Voinovich,"['(NOUN, ->, ADJ, det)' '(ADV, ->, ADJ, advcl)' '(ADV, ->, PART, conj)'
 '(VERB, <-, NOUN, obj)' '(X, <-, PRON, iobj)']"
116,116,"[np.float64(0.027165338902624403), np.float64(0.02320655439287389), np.float64(0.021629755850553933), np.float64(0.021159616355682642), np.float64(0.020656261696242684)]","[1188, 714, 527, 37, 1141]","[0, 0, 0, 0, 5]","[np.float64(-1.7790532615326876e-11), np.float64(0.007366963483829439), np.float64(0.0), np.float64(0.0), np.float64(0.015561470023289536)]",Volkov,"['(INTJ, ->, VERB, parataxis)' '(SCONJ, <-, VERB, advcl)'
 '(NOUN, <-, NOUN, conj)' '(NOUN, <-, CCONJ, parataxis)'
 '(PAD, ->, PROPN, nsubj)']"
117,117,"[np.float64(0.023274811972684994), np.float64(0.022300966674966505), np.float64(0.021327121377248237), np.float64(0.020353276079529747), np.float64(0.020353276079529747)]","[713, 1011, 619, 334, 1350]","[16, 0, 2, 0, 0]","[np.float64(0.0), np.float64(0.0), np.float64(0.0), np.float64(0.0), np.float64(0.0)]",Vorotyntseva,"['(NOUN, ->, X, parataxis)' '(DET, <-, VERB, parataxis)'
 '(PRON, <-, ADV, discourse)' '(PAD, ->, NOUN, nmod)'
 '(NUM, <-, ADV, advmod)']"
118,118,"[np.float64(0.021327121377248237), np.float64(0.020353276079529747), np.float64(0.020353276079529747), np.float64(0.020353276079529525), np.float64(0.01701437791592375)]","[824, 92, 715, 97, 1280]","[0, 0, 0, 0, 0]","[np.float64(0.0), np.float64(0.0), np.float64(0.0), np.float64(0.0), np.float64(-4.459640030714719e-12)]",YasenevoMedia,"['(VERB, <-, ADV, parataxis)' '(ADJ, <-, NOUN, nsubj:pass)'
 '(PROPN, ->, ADJ, conj)' '(VERB, ->, NUM, nummod)' '(ADV, ->, ADV, obl)']"
119,119,"[np.float64(0.09351294932119902), np.float64(0.06922153561524458), np.float64(0.06504500566509308), np.float64(0.06461343473805714), np.float64(0.061962763141648836)]","[1047, 357, 236, 92, 509]","[1, 0, 0, 0, 0]","[np.float64(0.003633753894684329), np.float64(0.0006748165967130653), np.float64(0.0010589979796566246), np.float64(0.003381676643253622), np.float64(0.00032455900976469945)]",Zemlyanoj,"['(VERB, <-, INTJ, expl)' '(ADJ, ->, VERB, csubj:pass)'
 '(VERB, ->, INTJ, cc)' '(ADJ, <-, NOUN, nsubj:pass)'
 '(INTJ, ->, ADJ, parataxis)']"
120,120,"[np.float64(0.02556632560912908), np.float64(0.023595957934910206), np.float64(0.019512322191808096), np.float64(0.017665102929917964), np.float64(0.01649194230335982)]","[400, 151, 579, 827, 1078]","[0, 1, 0, 23, 0]","[np.float64(0.0017026510928312704), np.float64(0.002689426939080097), np.float64(0.0), np.float64(0.0), np.float64(0.0)]",Zhitkov,"['(ADV, ->, PRON, nsubj)' '(ADJ, ->, ADJ, obl)'
 '(DET, <-, NUM, nummod:gov)' '(VERB, ->, PRON, orphan)'
 '(PROPN, ->, PROPN, conj)']"
121,121,"[np.float64(0.037221368209262695), np.float64(0.03495197212720902), np.float64(0.03291035719008728), np.float64(0.02867247437834619), np.float64(0.02728798538586208)]","[1340, 969, 827, 727, 1280]","[0, 0, 0, 0, 0]","[np.float64(0.0), np.float64(0.0004294666397257697), np.float64(0.004756258697461032), np.float64(0.00122859472288584), np.float64(0.0026562339417019387)]",ZlotnikovNikolaev,"['(VERB, ->, DET, iobj)' '(ADJ, <-, ADJ, nummod:gov)'
 '(VERB, ->, PRON, orphan)' '(NOUN, ->, DET, nummod:gov)'
 '(ADV, ->, ADV, obl)']"
122,122,"[np.float64(0.034911837570814175), np.float64(0.03069249079958014), np.float64(0.02932614985819415), np.float64(0.02895476513673234), np.float64(0.023216450584014336)]","[918, 1020, 1095, 1350, 790]","[0, 0, 0, 25, 0]","[np.float64(0.00024376093882303235), np.float64(0.06823643131746199), np.float64(0.01272999027855443), np.float64(0.001752445312712455), np.float64(0.00888962308158708)]",Zlotnikov,"['(CCONJ, ->, SCONJ, fixed)' '(ADV, <-, DET, nsubj)'
 '(PRON, ->, ADP, fixed)' '(NUM, <-, ADV, advmod)'
 '(ADV, <-, CCONJ, advmod)']"
123,123,"[np.float64(0.06680512495634405), np.float64(0.06270494047717412), np.float64(0.06095341324238279), np.float64(0.053274056154444804), np.float64(0.04462339952953265)]","[1158, 781, 540, 450, 715]","[0, 0, 0, 0, 9]","[np.float64(0.0005087439472054346), np.float64(0.004598368556720166), np.float64(0.002775160019130254), np.float64(0.0), np.float64(0.004789984522055953)]",Zoschenko,"['(AUX, <-, ADV, mark)' '(INTJ, ->, INTJ, root)' '(PART, ->, NOUN, conj)'
 '(DET, <-, ADV, obl)' '(PROPN, ->, ADJ, conj)']"
