,author_id,info_gain,features,feature_stats,feature_names,author
0,0,"[np.float64(0.07181826975579286), np.float64(0.06390661136941889), np.float64(0.055448854127139624), np.float64(0.054919537247114736), np.float64(0.05345967552046327)]","[np.int64(1448), np.int64(1789), np.int64(85), np.int64(39), np.int64(1015)]","[np.float64(0.0003597167781064664), np.float64(0.0005865390994046368), np.float64(0.013062078496562872), np.float64(0.01537576642169655), np.float64(0.0011780062611820878)]","[np.str_('(VERB, ->, NUM, ccomp)'), np.str_('(NOUN, ->, VERB, orphan)'), np.str_('(PRON, ->, DET, conj)'), np.str_('(ADJ, ->, PRON, nsubj)'), np.str_('(VERB, <-, ADV, fixed)')]",Abgaryan
1,1,"[np.float64(0.03448508526517213), np.float64(0.03431625797488047), np.float64(0.032551791599042645), np.float64(0.0308893511516235), np.float64(0.030480085165585646)]","[np.int64(1024), np.int64(108), np.int64(100), np.int64(423), np.int64(336)]","[np.float64(0.003779925029253538), np.float64(0.002473278853237779), np.float64(0.002389532946497565), np.float64(0.003779925029253538), np.float64(0.002369073103781064)]","[np.str_('(ADV, <-, ADV, nmod)'), np.str_('(INTJ, ->, PRON, conj)'), np.str_('(ADJ, <-, NUM, advcl)'), np.str_('(ADJ, <-, VERB, amod)'), np.str_('(NOUN, <-, X, appos)')]",Adamov
2,2,"[np.float64(0.06080819200198706), np.float64(0.05706773814964905), np.float64(0.05433581875172211), np.float64(0.05430760902136078), np.float64(0.05134978309417648)]","[np.int64(600), np.int64(799), np.int64(419), np.int64(17), np.int64(1770)]","[np.float64(0.001048151239649741), np.float64(0.0035358711007592372), np.float64(0.004658753621506445), np.float64(0.007124539489586198), np.float64(0.0007479810228366702)]","[np.str_('(NUM, ->, ADV, nmod)'), np.str_('(DET, <-, VERB, conj)'), np.str_('(VERB, <-, VERB, obl)'), np.str_('(PRON, ->, ADJ, orphan)'), np.str_('(NOUN, <-, INTJ, conj)')]",Aksakov
3,3,"[np.float64(0.023274811972684994), np.float64(0.022300966674966727), np.float64(0.022300966674966505), np.float64(0.022300966674966505), np.float64(0.022300966674966505)]","[np.int64(883), np.int64(97), np.int64(731), np.int64(354), np.int64(349)]","[np.float64(0.001276969873009391), np.float64(0.0062711716971282794), np.float64(0.012542343394256559), np.float64(0.0062711716971282794), np.float64(0.0062711716971282794)]","[np.str_('(VERB, <-, NOUN, obl)'), np.str_('(PRON, <-, VERB, iobj)'), np.str_('(VERB, ->, PART, nsubj)'), np.str_('(PRON, ->, ADV, fixed)'), np.str_('(PRON, <-, NUM, conj)')]",AkuninBorisova
4,4,"[np.float64(0.04009761950587454), np.float64(0.03941496632738095), np.float64(0.032730892373557086), np.float64(0.031619858097380216), np.float64(0.03098745114651502)]","[np.int64(1648), np.int64(1957), np.int64(1987), np.int64(45), np.int64(623)]","[np.float64(0.020497904055232344), np.float64(0.0023725585220307687), np.float64(0.003763306601544461), np.float64(0.007159191908058391), np.float64(0.007879363739474282)]","[np.str_('(ADJ, ->, ADP, mark)'), np.str_('(PRON, ->, ADV, root)'), np.str_('(ADP, ->, NOUN, root)'), np.str_('(VERB, ->, ADV, det)'), np.str_('(ADJ, <-, ADJ, iobj)')]",AkuninBrusnikin
5,5,"[np.float64(0.07884198072993098), np.float64(0.06563137463069268), np.float64(0.06497874225649913), np.float64(0.06450053928758326), np.float64(0.06084692133184966)]","[np.int64(416), np.int64(694), np.int64(326), np.int64(176), np.int64(403)]","[np.float64(0.056840050501567), np.float64(0.007150674182050218), np.float64(0.014709516079842593), np.float64(0.051665288249398596), np.float64(0.009666617743232214)]","[np.str_('(VERB, ->, DET, conj)'), np.str_('(PRON, ->, ADP, case)'), np.str_('(ADJ, ->, ADJ, xcomp)'), np.str_('(VERB, <-, SCONJ, advcl)'), np.str_('(ADJ, <-, PRON, root)')]",Akunin
6,6,"[np.float64(0.14756677983004973), np.float64(0.1424635729096133), np.float64(0.1413632829760072), np.float64(0.14020922632778765), np.float64(0.12736642185027702)]","[np.int64(235), np.int64(407), np.int64(299), np.int64(1281), np.int64(192)]","[np.float64(0.031279939694106376), np.float64(0.011208694570701101), np.float64(0.03417011678381686), np.float64(0.06832060278925821), np.float64(0.08655495404855673)]","[np.str_('(NOUN, ->, PAD, acl:relcl)'), np.str_('(ADJ, <-, ADV, parataxis)'), np.str_('(PART, <-, VERB, conj)'), np.str_('(ADJ, ->, PART, conj)'), np.str_('(X, ->, DET, det)')]",Aldanov
7,7,"[np.float64(0.06517529458113835), np.float64(0.05514588145682919), np.float64(0.04685443435061809), np.float64(0.04655647053418399), np.float64(0.04572199957801881)]","[np.int64(0), np.int64(262), np.int64(36), np.int64(723), np.int64(621)]","[np.float64(0.04937248405743887), np.float64(0.04135672651445169), np.float64(0.009336219774580169), np.float64(0.0077708614501842185), np.float64(0.023314046666190538)]","[np.str_('(DET, ->, VERB, cop)'), np.str_('(NOUN, ->, PRON, flat:name)'), np.str_('(ADP, <-, PRON, parataxis)'), np.str_('(VERB, ->, DET, acl)'), np.str_('(PAD, <-, NOUN, nmod)')]",Aleshkovsky
8,8,"[np.float64(0.023274811972684994), np.float64(0.023274811972684994), np.float64(0.023274811972684994), np.float64(0.023274811972684994), np.float64(0.023274811972684994)]","[np.int64(545), np.int64(264), np.int64(998), np.int64(780), np.int64(909)]","[np.float64(0.0109225239972684), np.float64(0.003663384675182427), np.float64(0.0035325980102686436), np.float64(0.0035325980102686436), np.float64(0.0035325980102686436)]","[np.str_('(ADJ, <-, ADV, ccomp)'), np.str_('(PRON, ->, CCONJ, cc)'), np.str_('(NOUN, ->, VERB, cop)'), np.str_('(PRON, ->, PRON, acl)'), np.str_('(VERB, ->, PUNCT, punct)')]",Alexander Hofman
9,9,"[np.float64(0.050551937830441096), np.float64(0.0443266606010595), np.float64(0.043751311437128515), np.float64(0.04169990507465582), np.float64(0.04161663036327923)]","[np.int64(173), np.int64(35), np.int64(1947), np.int64(298), np.int64(614)]","[np.float64(0.021100428303856875), np.float64(0.03270084100515125), np.float64(0.0019755976073838315), np.float64(0.026906415068643098), np.float64(0.0019112359864251504)]","[np.str_('(VERB, ->, PAD, conj)'), np.str_('(NOUN, ->, ADV, advmod)'), np.str_('(VERB, ->, AUX, advmod)'), np.str_('(ADJ, ->, DET, advmod)'), np.str_('(INTJ, <-, X, parataxis)')]",Astafiev
10,10,"[np.float64(0.05371335743704353), np.float64(0.05216824326734448), np.float64(0.04713076505710889), np.float64(0.04361127916964258), np.float64(0.04277475598338054)]","[np.int64(1614), np.int64(354), np.int64(7), np.int64(619), np.int64(39)]","[np.float64(0.0004890144565205637), np.float64(0.018838736585355183), np.float64(0.10004663695058996), np.float64(0.019918504415486895), np.float64(0.031743824395681755)]","[np.str_('(NOUN, ->, CCONJ, amod)'), np.str_('(PRON, ->, ADV, fixed)'), np.str_('(VERB, ->, ADP, parataxis)'), np.str_('(NUM, <-, PROPN, conj)'), np.str_('(ADJ, ->, PRON, nsubj)')]",Bakhtin
11,11,"[np.float64(0.023274811972684994), np.float64(0.023274811972684994), np.float64(0.023274811972684994), np.float64(0.022300966674966727), np.float64(0.022300966674966727)]","[np.int64(1221), np.int64(1281), np.int64(103), np.int64(225), np.int64(731)]","[np.float64(0.025245451129217254), np.float64(0.0036273193730119928), np.float64(0.0025245451129217254), np.float64(0.010098180451686901), np.float64(0.0012915923952789151)]","[np.str_('(VERB, ->, DET, obl)'), np.str_('(ADJ, ->, PART, conj)'), np.str_('(PROPN, <-, ADV, nmod)'), np.str_('(NOUN, ->, VERB, root)'), np.str_('(VERB, ->, PART, nsubj)')]",Barinova
12,12,"[np.float64(0.023274811972684994), np.float64(0.023274811972684994), np.float64(0.023274811972684994), np.float64(0.023274811972684994), np.float64(0.023274811972684994)]","[np.int64(559), np.int64(413), np.int64(491), np.int64(999), np.int64(616)]","[np.float64(0.002068019599249095), np.float64(0.0015735248686227085), np.float64(0.0015735248686227085), np.float64(0.0002519749000408662), np.float64(0.0002351864018223184)]","[np.str_('(SCONJ, <-, ADV, mark)'), np.str_('(PRON, ->, NOUN, nsubj)'), np.str_('(NOUN, <-, NOUN, orphan)'), np.str_('(PART, <-, PART, fixed)'), np.str_('(PUNCT, <-, PROPN, punct)')]",bashinform 202
13,13,"[np.float64(0.0777905951937754), np.float64(0.07432014835918832), np.float64(0.07056822246871608), np.float64(0.06866680233112643), np.float64(0.061844155751301644)]","[np.int64(1411), np.int64(390), np.int64(373), np.int64(1339), np.int64(552)]","[np.float64(0.0018577263697916661), np.float64(0.0003758483390341351), np.float64(0.04467870527278688), np.float64(0.00014000553802622967), np.float64(0.006481440785240995)]","[np.str_('(ADV, <-, PART, conj)'), np.str_('(NOUN, ->, VERB, nmod)'), np.str_('(NOUN, ->, CCONJ, parataxis)'), np.str_('(ADJ, ->, VERB, nmod)'), np.str_('(PRON, <-, ADV, nmod)')]",Belyaev
14,14,"[np.float64(0.0719558671510766), np.float64(0.06711407652806012), np.float64(0.06299890543363973), np.float64(0.06256854385210098), np.float64(0.061914379313450896)]","[np.int64(1135), np.int64(480), np.int64(39), np.int64(1347), np.int64(844)]","[np.float64(0.0025341607741449675), np.float64(0.04348792364234091), np.float64(0.024309193877060924), np.float64(0.0016574292137785972), np.float64(0.0024893038546305547)]","[np.str_('(NOUN, ->, PART, discourse)'), np.str_('(DET, ->, ADJ, parataxis)'), np.str_('(ADJ, ->, PRON, nsubj)'), np.str_('(VERB, ->, ADV, root)'), np.str_('(NOUN, ->, DET, nsubj)')]",Belyanin
15,15,"[np.float64(0.023274811972684994), np.float64(0.023274811972684994), np.float64(0.023274811972684994), np.float64(0.023274811972684994), np.float64(0.023274811972684994)]","[np.int64(615), np.int64(299), np.int64(84), np.int64(491), np.int64(189)]","[np.float64(0.062057517033238495), np.float64(0.003479185974484642), np.float64(0.003479185974484642), np.float64(0.003479185974484642), np.float64(0.003479185974484642)]","[np.str_('(NOUN, ->, ADJ, acl)'), np.str_('(PART, <-, VERB, conj)'), np.str_('(PART, ->, NOUN, nmod)'), np.str_('(NOUN, <-, NOUN, orphan)'), np.str_('(PRON, ->, AUX, cop)')]",Bobkova
16,16,"[np.float64(0.03249594162558467), np.float64(0.03028689899157999), np.float64(0.028765615097318786), np.float64(0.028761379546755172), np.float64(0.028592512503299194)]","[np.int64(86), np.int64(373), np.int64(1938), np.int64(1215), np.int64(545)]","[np.float64(0.000967159448240149), np.float64(0.012701136000219791), np.float64(0.0046330312544738995), np.float64(0.009266062508947799), np.float64(0.0006037287670264659)]","[np.str_('(NOUN, <-, VERB, nmod)'), np.str_('(NOUN, ->, CCONJ, parataxis)'), np.str_('(ADJ, <-, INTJ, root)'), np.str_('(PAD, ->, VERB, acl)'), np.str_('(ADJ, <-, ADV, ccomp)')]",BonchOsmolovskaya
17,17,"[np.float64(0.05674861682896526), np.float64(0.049880475692962056), np.float64(0.04843322083794299), np.float64(0.04827888084474474), np.float64(0.047133290649649995)]","[np.int64(710), np.int64(563), np.int64(1164), np.int64(390), np.int64(958)]","[np.float64(0.006505599136630171), np.float64(0.01061104794281679), np.float64(0.004812508319108117), np.float64(0.00431101697210643), np.float64(0.0016249695969544637)]","[np.str_('(ADV, <-, NOUN, orphan)'), np.str_('(VERB, <-, VERB, fixed)'), np.str_('(VERB, ->, X, case)'), np.str_('(NOUN, ->, VERB, nmod)'), np.str_('(PAD, <-, VERB, obl)')]",Brustein
18,18,"[np.float64(0.061357216956707705), np.float64(0.060857104602614176), np.float64(0.060451256934022646), np.float64(0.05769484148335502), np.float64(0.05592144038404956)]","[np.int64(1049), np.int64(1181), np.int64(50), np.int64(1365), np.int64(450)]","[np.float64(0.009485393641038117), np.float64(0.020433715632594433), np.float64(0.030983986749710805), np.float64(0.002123224189959871), np.float64(0.022205848346237997)]","[np.str_('(ADV, <-, X, conj)'), np.str_('(VERB, ->, SYM, obl)'), np.str_('(VERB, <-, VERB, advcl)'), np.str_('(INTJ, <-, PART, root)'), np.str_('(PART, ->, INTJ, cc)')]",Bulgakov
19,19,"[np.float64(0.0712046471021257), np.float64(0.06824469955408796), np.float64(0.06655329401922905), np.float64(0.06610267615820287), np.float64(0.06565770253530157)]","[np.int64(0), np.int64(1046), np.int64(1350), np.int64(297), np.int64(96)]","[np.float64(0.004828905736811317), np.float64(0.0022801028386303383), np.float64(0.0021060997387667064), np.float64(0.009270619605793848), np.float64(0.05232852255708686)]","[np.str_('(DET, ->, VERB, cop)'), np.str_('(PART, <-, SCONJ, root)'), np.str_('(PRON, ->, PART, conj)'), np.str_('(ADV, ->, AUX, csubj)'), np.str_('(AUX, ->, PROPN, nsubj)')]",Bulychev
20,20,"[np.float64(0.08680070122046624), np.float64(0.07412014230097996), np.float64(0.0704653801123889), np.float64(0.06801035317918758), np.float64(0.06798414521654572)]","[np.int64(0), np.int64(373), np.int64(733), np.int64(704), np.int64(1870)]","[np.float64(0.13390308558211425), np.float64(0.018241515474634075), np.float64(0.011931283260325139), np.float64(0.010745625498757128), np.float64(0.0059022888876032525)]","[np.str_('(DET, ->, VERB, cop)'), np.str_('(NOUN, ->, CCONJ, parataxis)'), np.str_('(ADJ, ->, PROPN, appos)'), np.str_('(X, ->, VERB, xcomp)'), np.str_('(PRON, <-, ADV, cc)')]",Bushkov
21,21,"[np.float64(0.07738182339968169), np.float64(0.06832775627624599), np.float64(0.0596408949394156), np.float64(0.05954900992727197), np.float64(0.05905478564789446)]","[np.int64(1432), np.int64(413), np.int64(366), np.int64(948), np.int64(183)]","[np.float64(0.00045536101724149306), np.float64(0.02668932513222289), np.float64(0.0026830301506460394), np.float64(0.002037379753539384), np.float64(0.0025768804378319124)]","[np.str_('(PRON, <-, DET, iobj)'), np.str_('(PRON, ->, NOUN, nsubj)'), np.str_('(ADJ, ->, PAD, conj)'), np.str_('(PRON, <-, NOUN, obl)'), np.str_('(ADP, ->, ADJ, obl)')]",Bykov
22,22,"[np.float64(0.022300966674966505), np.float64(0.021327121377248237), np.float64(0.021327121377248237), np.float64(0.021327121377248237), np.float64(0.021327121377248237)]","[np.int64(190), np.int64(75), np.int64(23), np.int64(228), np.int64(313)]","[np.float64(0.005080448815143886), np.float64(0.01838683727021946), np.float64(0.01838683727021946), np.float64(0.003813513888928035), np.float64(0.0027812955221590825)]","[np.str_('(PROPN, <-, NUM, flat:foreign)'), np.str_('(NUM, ->, VERB, acl:relcl)'), np.str_('(PROPN, ->, ADV, obl)'), np.str_('(NUM, ->, NOUN, flat)'), np.str_('(NOUN, <-, NOUN, fixed)')]",Chechin
23,23,"[np.float64(0.13400834597830524), np.float64(0.11881411038933287), np.float64(0.11543345903366808), np.float64(0.10329452888486956), np.float64(0.10151813598453907)]","[np.int64(454), np.int64(140), np.int64(16), np.int64(427), np.int64(7)]","[np.float64(0.05974583656854077), np.float64(0.08911558435563419), np.float64(0.07655702030560722), np.float64(0.026526883217981675), np.float64(0.1338492209098259)]","[np.str_('(PUNCT, <-, PART, fixed)'), np.str_('(ADV, <-, ADV, fixed)'), np.str_('(PRON, ->, ADV, advmod)'), np.str_('(DET, ->, DET, advcl)'), np.str_('(VERB, ->, ADP, parataxis)')]",Chekhov
24,24,"[np.float64(0.061013358726489386), np.float64(0.06058173692466673), np.float64(0.06054477566191696), np.float64(0.059392976639732975), np.float64(0.056738569227559266)]","[np.int64(1572), np.int64(1260), np.int64(51), np.int64(963), np.int64(247)]","[np.float64(0.002008724792008456), np.float64(0.000321731587869244), np.float64(0.09912857284005737), np.float64(0.0018020499601641628), np.float64(0.00721429841841306)]","[np.str_('(NOUN, <-, ADV, acl:relcl)'), np.str_('(AUX, ->, PART, aux)'), np.str_('(ADJ, <-, VERB, nsubj)'), np.str_('(SCONJ, ->, ADV, advcl)'), np.str_('(ADJ, ->, PART, fixed)')]",Cherkasova
25,25,"[np.float64(0.056225426639456844), np.float64(0.055670795469184964), np.float64(0.055116164298913195), np.float64(0.054561533128641315), np.float64(0.0540900966339104)]","[np.int64(1904), np.int64(1411), np.int64(351), np.int64(1405), np.int64(313)]","[np.float64(0.02323779778161437), np.float64(0.12243142103752275), np.float64(0.09959538227421018), np.float64(0.06318428396374018), np.float64(0.09575149775367561)]","[np.str_('(NOUN, <-, ADV, conj)'), np.str_('(ADV, <-, PART, conj)'), np.str_('(AUX, ->, PRON, orphan)'), np.str_('(VERB, ->, ADP, aux)'), np.str_('(NOUN, <-, NOUN, fixed)')]",Convlab
26,26,"[np.float64(0.023274811972684994), np.float64(0.023274811972684994), np.float64(0.023274811972684994), np.float64(0.023274811972684994), np.float64(0.023274811972684994)]","[np.int64(1591), np.int64(1967), np.int64(1524), np.int64(748), np.int64(1732)]","[np.float64(0.015161681356638607), np.float64(0.00663323559352939), np.float64(0.005685630508739477), np.float64(0.00393075230824842), np.float64(0.003790420339159652)]","[np.str_('(PART, <-, AUX, aux)'), np.str_('(NOUN, <-, ADV, csubj)'), np.str_('(VERB, ->, PRON, root)'), np.str_('(PROPN, <-, PROPN, flat)'), np.str_('(VERB, ->, ADP, cc)')]",Derevyanko
27,27,"[np.float64(0.023274811972684994), np.float64(0.023274811972684994), np.float64(0.022300966674966505), np.float64(0.022300966674966505), np.float64(0.022300966674966505)]","[np.int64(214), np.int64(254), np.int64(228), np.int64(417), np.int64(50)]","[np.float64(0.07240175174316948), np.float64(0.01810043793579237), np.float64(0.03620087587158474), np.float64(0.01810043793579237), np.float64(0.01810043793579237)]","[np.str_('(PRON, ->, NOUN, root)'), np.str_('(PRON, ->, DET, acl)'), np.str_('(NUM, ->, NOUN, flat)'), np.str_('(VERB, <-, DET, parataxis)'), np.str_('(VERB, <-, VERB, advcl)')]",DoctorPiter
28,28,"[np.float64(0.07575313046189902), np.float64(0.06313015726777738), np.float64(0.061762951891698004), np.float64(0.06038781544159977), np.float64(0.05750207297338139)]","[np.int64(859), np.int64(494), np.int64(35), np.int64(1281), np.int64(547)]","[np.float64(0.005026781441900358), np.float64(0.022120541516485036), np.float64(0.06495355568519579), np.float64(0.017848895341055455), np.float64(0.003763606537065628)]","[np.str_('(PROPN, ->, PART, discourse)'), np.str_('(PART, ->, SCONJ, root)'), np.str_('(NOUN, ->, ADV, advmod)'), np.str_('(ADJ, ->, PART, conj)'), np.str_('(PUNCT, ->, NOUN, fixed)')]",Dombrowski
29,29,"[np.float64(0.023274811972684994), np.float64(0.023274811972684994), np.float64(0.023274811972684994), np.float64(0.023274811972684994), np.float64(0.022300966674966727)]","[np.int64(485), np.int64(1261), np.int64(1238), np.int64(557), np.int64(225)]","[np.float64(0.039721967900113654), np.float64(0.009361951436460996), np.float64(0.004226176019213105), np.float64(0.0018055439954597111), np.float64(0.018055439954597113)]","[np.str_('(PRON, <-, SCONJ, nsubj)'), np.str_('(NOUN, ->, PROPN, nsubj)'), np.str_('(PRON, ->, ADV, orphan)'), np.str_('(PRON, <-, NUM, obl)'), np.str_('(NOUN, ->, VERB, root)')]",Doronina
30,30,"[np.float64(0.12570318642424072), np.float64(0.12290193084376988), np.float64(0.11746496178566534), np.float64(0.11594461710684789), np.float64(0.10676408724429232)]","[np.int64(3), np.int64(456), np.int64(637), np.int64(1695), np.int64(673)]","[np.float64(0.03630693671279915), np.float64(0.005361072592739351), np.float64(0.02712027511979599), np.float64(0.0275820445497768), np.float64(0.02272271007688412)]","[np.str_('(CCONJ, <-, ADV, root)'), np.str_('(VERB, ->, ADP, fixed)'), np.str_('(NUM, ->, CCONJ, fixed)'), np.str_('(VERB, <-, PROPN, conj)'), np.str_('(INTJ, <-, PRON, nsubj)')]",Dostoevsky
31,31,"[np.float64(0.06747446388224199), np.float64(0.06178888729181464), np.float64(0.054891202174032316), np.float64(0.05440646853856845), np.float64(0.05427769641840585)]","[np.int64(794), np.int64(302), np.int64(1198), np.int64(1885), np.int64(292)]","[np.float64(0.00041572913206182934), np.float64(0.003624877804171246), np.float64(0.006443887337109598), np.float64(0.0004685964753565168), np.float64(0.007327641398016632)]","[np.str_('(ADJ, ->, ADJ, amod)'), np.str_('(PART, ->, PRON, nsubj)'), np.str_('(ADJ, <-, DET, fixed)'), np.str_('(NOUN, ->, ADJ, nummod)'), np.str_('(ADJ, ->, ADP, advmod)')]",Dovlatov
32,32,"[np.float64(0.04924165711816697), np.float64(0.04620763445157283), np.float64(0.04117246392871032), np.float64(0.037712247845274605), np.float64(0.03589230161981394)]","[np.int64(1580), np.int64(607), np.int64(283), np.int64(406), np.int64(247)]","[np.float64(0.0025001188581043462), np.float64(0.019327407879397178), np.float64(0.019327407879397178), np.float64(0.015555019571541526), np.float64(0.0036031042296224888)]","[np.str_('(VERB, ->, VERB, ccomp)'), np.str_('(ADV, <-, PROPN, root)'), np.str_('(VERB, <-, X, orphan)'), np.str_('(PART, <-, NOUN, conj)'), np.str_('(ADJ, ->, PART, fixed)')]",Dragunski
33,33,"[np.float64(0.022300966674966505), np.float64(0.022300966674966505), np.float64(0.022300966674966505), np.float64(0.021327121377248237), np.float64(0.021327121377248237)]","[np.int64(51), np.int64(200), np.int64(643), np.int64(313), np.int64(238)]","[np.float64(0.0889322537355513), np.float64(0.0296440845785171), np.float64(0.003666290070307592), np.float64(0.0592881691570342), np.float64(0.0296440845785171)]","[np.str_('(ADJ, <-, VERB, nsubj)'), np.str_('(ADV, <-, ADJ, conj)'), np.str_('(ADV, <-, VERB, nsubj)'), np.str_('(NOUN, <-, NOUN, fixed)'), np.str_('(NOUN, <-, ADV, obj)')]",Drobyshevsky Rupasova
34,34,"[np.float64(0.07146766846377983), np.float64(0.07146766846377983), np.float64(0.06988959537407868), np.float64(0.06944464995405031), np.float64(0.06878217566200773)]","[np.int64(50), np.int64(35), np.int64(34), np.int64(254), np.int64(189)]","[np.float64(0.12220033513073514), np.float64(0.0421010224146556), np.float64(0.15252929272062588), np.float64(0.04973146860273757), np.float64(0.027653229307661564)]","[np.str_('(VERB, <-, VERB, advcl)'), np.str_('(NOUN, ->, ADV, advmod)'), np.str_('(ADJ, <-, ADJ, advmod)'), np.str_('(PRON, ->, DET, acl)'), np.str_('(PRON, ->, AUX, cop)')]",Drobyshevsky
35,35,"[np.float64(0.023274811972684994), np.float64(0.023274811972684994), np.float64(0.023274811972684994), np.float64(0.023274811972684994), np.float64(0.023274811972684994)]","[np.int64(967), np.int64(33), np.int64(381), np.int64(909), np.int64(302)]","[np.float64(0.027989918477989643), np.float64(0.006772776172066492), np.float64(0.004664986412998274), np.float64(0.004664986412998274), np.float64(0.004389921794617654)]","[np.str_('(PRON, ->, ADP, fixed)'), np.str_('(NOUN, ->, VERB, amod)'), np.str_('(VERB, <-, DET, conj)'), np.str_('(VERB, ->, PUNCT, punct)'), np.str_('(PART, ->, PRON, nsubj)')]",Dubchak
36,36,"[np.float64(0.023274811972684994), np.float64(0.023274811972684994), np.float64(0.023274811972684994), np.float64(0.022300966674966505), np.float64(0.021327121377248237)]","[np.int64(419), np.int64(439), np.int64(267), np.int64(390), np.int64(264)]","[np.float64(0.022342904490270075), np.float64(0.019796390382927943), np.float64(0.003195643246869303), np.float64(0.004105861631690832), np.float64(0.03959278076585589)]","[np.str_('(VERB, <-, VERB, obl)'), np.str_('(ADJ, <-, ADJ, parataxis)'), np.str_('(VERB, ->, NOUN, advcl)'), np.str_('(NOUN, ->, VERB, nmod)'), np.str_('(PRON, ->, CCONJ, cc)')]",EdimDoma
37,37,"[np.float64(0.09366051502703876), np.float64(0.07941143524845429), np.float64(0.07796507555599197), np.float64(0.07129700430364916), np.float64(0.0690913370523426)]","[np.int64(1600), np.int64(1775), np.int64(3), np.int64(483), np.int64(262)]","[np.float64(0.07569058447378714), np.float64(0.0005079148568154236), np.float64(0.09359810918359265), np.float64(0.025019323882086712), np.float64(0.012422166349517188)]","[np.str_('(VERB, ->, NOUN, acl:relcl)'), np.str_('(ADV, <-, PRON, advmod)'), np.str_('(CCONJ, <-, ADV, root)'), np.str_('(ADV, ->, PUNCT, root)'), np.str_('(NOUN, ->, PRON, flat:name)')]",Efremov
38,38,"[np.float64(0.04204056014810209), np.float64(0.04036093431905763), np.float64(0.04006321022765624), np.float64(0.039986216941331976), np.float64(0.039692218675300484)]","[np.int64(97), np.int64(348), np.int64(1110), np.int64(423), np.int64(676)]","[np.float64(0.025744443722670488), np.float64(0.060952352561536964), np.float64(0.003450855044955743), np.float64(0.009888821896207874), np.float64(0.039545943219249494)]","[np.str_('(PRON, <-, VERB, iobj)'), np.str_('(VERB, <-, ADJ, fixed)'), np.str_('(ADV, ->, ADV, orphan)'), np.str_('(ADJ, <-, VERB, amod)'), np.str_('(NOUN, <-, VERB, obj)')]",Epstein
39,39,"[np.float64(0.054791799226842075), np.float64(0.04721103182452302), np.float64(0.04360383288220504), np.float64(0.04109569932541146), np.float64(0.03998701912246505)]","[np.int64(909), np.int64(12), np.int64(357), np.int64(334), np.int64(531)]","[np.float64(0.018165092738903058), np.float64(0.02339116357688429), np.float64(0.01620752775786162), np.float64(0.002428398029068028), np.float64(0.004459470676712341)]","[np.str_('(VERB, ->, PUNCT, punct)'), np.str_('(ADJ, ->, ADP, discourse)'), np.str_('(DET, <-, PROPN, nsubj)'), np.str_('(INTJ, <-, VERB, nsubj)'), np.str_('(INTJ, ->, ADJ, parataxis)')]",Exler
40,40,"[np.float64(0.05726501065647094), np.float64(0.0447258794296318), np.float64(0.044050665993034865), np.float64(0.043631738732207936), np.float64(0.03957507232228963)]","[np.int64(1360), np.int64(615), np.int64(1606), np.int64(1282), np.int64(1619)]","[np.float64(0.027131787014309166), np.float64(0.003236240194075369), np.float64(0.0053580905204952374), np.float64(0.0053580905204952374), np.float64(0.010141054922953505)]","[np.str_('(ADJ, ->, NOUN, parataxis)'), np.str_('(NOUN, ->, ADJ, acl)'), np.str_('(NOUN, <-, PROPN, acl)'), np.str_('(PART, ->, ADV, advmod)'), np.str_('(PROPN, ->, ADJ, appos)')]",Fadeev
41,41,"[np.float64(0.05586962298999498), np.float64(0.054968082116549466), np.float64(0.048444286093263234), np.float64(0.0483910280057418), np.float64(0.04663568826092268)]","[np.int64(205), np.int64(419), np.int64(380), np.int64(1102), np.int64(0)]","[np.float64(0.01892147073590818), np.float64(0.03027536576609872), np.float64(0.0026736396100817557), np.float64(0.011748125331081464), np.float64(0.048592844195130436)]","[np.str_('(VERB, <-, VERB, mark)'), np.str_('(VERB, <-, VERB, obl)'), np.str_('(ADV, ->, ADV, ccomp)'), np.str_('(NOUN, <-, ADJ, acl:relcl)'), np.str_('(DET, ->, VERB, cop)')]",Furmanov
42,42,"[np.float64(0.03978234624046939), np.float64(0.03823000286434808), np.float64(0.03749614335110529), np.float64(0.036856793793286546), np.float64(0.03643421766355537)]","[np.int64(1297), np.int64(50), np.int64(214), np.int64(0), np.int64(1282)]","[np.float64(0.035700712426328024), np.float64(0.02830469232124015), np.float64(0.013588352280190445), np.float64(0.19295565020598487), np.float64(0.04271840706150661)]","[np.str_('(ADV, ->, PRON, cc)'), np.str_('(VERB, <-, VERB, advcl)'), np.str_('(PRON, ->, NOUN, root)'), np.str_('(DET, ->, VERB, cop)'), np.str_('(PART, ->, ADV, advmod)')]",Gachev
43,43,"[np.float64(0.019836209678890104), np.float64(0.019038111657794343), np.float64(0.016953276069111678), np.float64(0.01687850144274039), np.float64(0.014688402861602445)]","[np.int64(875), np.int64(1745), np.int64(284), np.int64(441), np.int64(539)]","[np.float64(0.020389468454582498), np.float64(0.0007933465253567017), np.float64(0.009159349151873135), np.float64(0.0005527519246324576), np.float64(0.004602454664472348)]","[np.str_('(PART, ->, PART, conj)'), np.str_('(VERB, ->, NUM, obl)'), np.str_('(VERB, ->, VERB, mark)'), np.str_('(ADV, ->, PART, aux)'), np.str_('(ADJ, ->, X, case)')]",Gasymov
44,44,"[np.float64(0.050546747376745804), np.float64(0.04061828528881506), np.float64(0.039877801206881225), np.float64(0.03863651145917091), np.float64(0.03762301344894259)]","[np.int64(93), np.int64(333), np.int64(1250), np.int64(345), np.int64(717)]","[np.float64(0.015057971608409538), np.float64(0.007068354192650085), np.float64(0.002193037797439367), np.float64(0.011684867076491173), np.float64(0.0030572517937137943)]","[np.str_('(INTJ, ->, INTJ, flat)'), np.str_('(NUM, <-, PART, advmod)'), np.str_('(ADV, <-, NOUN, det)'), np.str_('(AUX, ->, PRON, root)'), np.str_('(PROPN, ->, PART, obl)')]",Gaydar
45,45,"[np.float64(0.023274811972684994), np.float64(0.022300966674966727), np.float64(0.022300966674966505), np.float64(0.022300966674966505), np.float64(0.021327121377248237)]","[np.int64(264), np.int64(195), np.int64(491), np.int64(39), np.int64(413)]","[np.float64(0.03322510694718714), np.float64(0.0005859510854120377), np.float64(0.043146390076872196), np.float64(0.01661255347359357), np.float64(0.03322510694718714)]","[np.str_('(PRON, ->, CCONJ, cc)'), np.str_('(PROPN, <-, NOUN, amod)'), np.str_('(NOUN, <-, NOUN, orphan)'), np.str_('(ADJ, ->, PRON, nsubj)'), np.str_('(PRON, ->, NOUN, nsubj)')]",GazetaRu
46,46,"[np.float64(0.0459064994866929), np.float64(0.044084230154791015), np.float64(0.04321595904476305), np.float64(0.04099538671158187), np.float64(0.04097772858620363)]","[np.int64(50), np.int64(1471), np.int64(289), np.int64(601), np.int64(1466)]","[np.float64(0.003400546955491418), np.float64(0.0016730491149373262), np.float64(0.006661805941225772), np.float64(0.00299871208863453), np.float64(0.0009329749430288059)]","[np.str_('(VERB, <-, VERB, advcl)'), np.str_('(PRON, ->, NOUN, case)'), np.str_('(PRON, <-, PROPN, acl)'), np.str_('(PRON, ->, VERB, nsubj)'), np.str_('(VERB, <-, ADV, nsubj)')]",Gelb
47,47,"[np.float64(0.023274811972684994), np.float64(0.023274811972684994), np.float64(0.023274811972684994), np.float64(0.022300966674966727), np.float64(0.022300966674966727)]","[np.int64(1203), np.int64(915), np.int64(225), np.int64(830), np.int64(623)]","[np.float64(0.018677440913118726), np.float64(0.002080524322969565), np.float64(0.0020752712125687474), np.float64(0.004150542425137495), np.float64(0.004150542425137495)]","[np.str_('(NUM, <-, ADJ, punct)'), np.str_('(PRON, <-, ADJ, iobj)'), np.str_('(NOUN, ->, VERB, root)'), np.str_('(VERB, <-, ADJ, conj)'), np.str_('(ADJ, <-, ADJ, iobj)')]",Gorelov
48,48,"[np.float64(0.023274811972684994), np.float64(0.023274811972684994), np.float64(0.022300966674966505), np.float64(0.022300966674966505), np.float64(0.022300966674966505)]","[np.int64(19), np.int64(50), np.int64(39), np.int64(153), np.int64(226)]","[np.float64(0.045326108843602934), np.float64(0.011331527210900734), np.float64(0.028171565734096186), np.float64(0.022663054421801467), np.float64(0.022663054421801467)]","[np.str_('(VERB, <-, ADV, parataxis)'), np.str_('(VERB, <-, VERB, advcl)'), np.str_('(ADJ, ->, PRON, nsubj)'), np.str_('(ADV, <-, SYM, conj)'), np.str_('(SYM, ->, NOUN, conj)')]",GorVestnik
49,49,"[np.float64(0.03581188872254637), np.float64(0.0355608293201245), np.float64(0.033689639132279736), np.float64(0.033607582711997264), np.float64(0.033414740427207934)]","[np.int64(97), np.int64(627), np.int64(313), np.int64(336), np.int64(471)]","[np.float64(0.017762246239047853), np.float64(0.005578954982663), np.float64(0.0044341873531933), np.float64(0.006890047080392626), np.float64(0.05733747958640094)]","[np.str_('(PRON, <-, VERB, iobj)'), np.str_('(ADJ, <-, NOUN, nmod)'), np.str_('(NOUN, <-, NOUN, fixed)'), np.str_('(NOUN, <-, X, appos)'), np.str_('(ADJ, ->, DET, nmod)')]",Granin
50,50,"[np.float64(0.06084178706397825), np.float64(0.05920339831925525), np.float64(0.05848624454097506), np.float64(0.057380125916369984), np.float64(0.05503468359683472)]","[np.int64(173), np.int64(375), np.int64(824), np.int64(1171), np.int64(1542)]","[np.float64(0.0036632387678921336), np.float64(0.0010600457388697173), np.float64(0.0755452285658149), np.float64(0.002974131276801985), np.float64(0.008454454551279716)]","[np.str_('(VERB, ->, PAD, conj)'), np.str_('(VERB, <-, INTJ, parataxis)'), np.str_('(ADJ, ->, PROPN, orphan)'), np.str_('(VERB, <-, ADJ, orphan)'), np.str_('(PAD, <-, VERB, parataxis)')]",Grekova
51,51,"[np.float64(0.07340521418263168), np.float64(0.07214632501774232), np.float64(0.06114625992670142), np.float64(0.061033448760028364), np.float64(0.06017487247038078)]","[np.int64(1034), np.int64(1856), np.int64(1152), np.int64(1677), np.int64(603)]","[np.float64(0.0005067311905763069), np.float64(0.0011795596854662672), np.float64(0.003031671125271401), np.float64(0.0024017769643592717), np.float64(0.008256516338581116)]","[np.str_('(PART, ->, NOUN, conj)'), np.str_('(PART, ->, NOUN, nsubj)'), np.str_('(PRON, <-, NOUN, nummod:gov)'), np.str_('(INTJ, <-, VERB, cop)'), np.str_('(ADV, <-, VERB, advcl)')]",Grin
52,52,"[np.float64(0.03924980969525427), np.float64(0.03730536525080974), np.float64(0.036222031917476416), np.float64(0.03616647636192094), np.float64(0.03530536525080985)]","[np.int64(979), np.int64(309), np.int64(469), np.int64(1060), np.int64(413)]","[np.float64(0.004781252570171433), np.float64(0.004781252570171433), np.float64(0.07084601557826166), np.float64(0.004781252570171433), np.float64(0.0009344723033444762)]","[np.str_('(X, ->, PUNCT, punct)'), np.str_('(PART, ->, NOUN, fixed)'), np.str_('(SYM, <-, VERB, cop)'), np.str_('(NOUN, ->, PROPN, amod)'), np.str_('(PRON, ->, NOUN, nsubj)')]",Gusev
53,53,"[np.float64(0.023274811972684994), np.float64(0.023274811972684994), np.float64(0.022300966674966505), np.float64(0.022300966674966505), np.float64(0.022300966674966505)]","[np.int64(228), np.int64(581), np.int64(7), np.int64(627), np.int64(48)]","[np.float64(0.003250938915870387), np.float64(0.003250938915870387), np.float64(0.04226220590631504), np.float64(0.013003755663481548), np.float64(0.009752816747611163)]","[np.str_('(NUM, ->, NOUN, flat)'), np.str_('(PAD, ->, ADV, parataxis)'), np.str_('(VERB, ->, ADP, parataxis)'), np.str_('(ADJ, <-, NOUN, nmod)'), np.str_('(CCONJ, <-, VERB, parataxis)')]",Gusiatnikova
54,54,"[np.float64(0.05628218686658548), np.float64(0.05444543385879219), np.float64(0.05212345561600895), np.float64(0.05171989728578397), np.float64(0.04808671862154412)]","[np.int64(45), np.int64(952), np.int64(586), np.int64(353), np.int64(909)]","[np.float64(0.009187090643118746), np.float64(0.01047254190417146), np.float64(0.002220956602561213), np.float64(0.002569319151663234), np.float64(0.004413989730293841)]","[np.str_('(VERB, ->, ADV, det)'), np.str_('(PROPN, <-, PRON, appos)'), np.str_('(NUM, <-, PRON, parataxis)'), np.str_('(PAD, ->, PART, conj)'), np.str_('(VERB, ->, PUNCT, punct)')]",Hoffman
55,55,"[np.float64(0.06335413640464738), np.float64(0.06024007618015692), np.float64(0.05714752018438651), np.float64(0.05488850581981031), np.float64(0.0546154805019039)]","[np.int64(309), np.int64(7), np.int64(720), np.int64(1538), np.int64(267)]","[np.float64(0.0033056391874033606), np.float64(0.009156155488357959), np.float64(0.006700237041978403), np.float64(0.0013605971027018558), np.float64(0.005024294367393598)]","[np.str_('(PART, ->, NOUN, fixed)'), np.str_('(VERB, ->, ADP, parataxis)'), np.str_('(DET, ->, AUX, root)'), np.str_('(VERB, <-, ADV, xcomp)'), np.str_('(VERB, ->, NOUN, advcl)')]",Kassil
56,56,"[np.float64(0.07571390954882562), np.float64(0.07229654167210431), np.float64(0.07131914558627539), np.float64(0.06991989106040675), np.float64(0.06952364637032338)]","[np.int64(1138), np.int64(1326), np.int64(859), np.int64(931), np.int64(1161)]","[np.float64(0.005403314946857517), np.float64(0.0008799648456464736), np.float64(0.0042670538564522804), np.float64(0.002020848020625094), np.float64(0.0016544604964449912)]","[np.str_('(NOUN, ->, ADJ, cc)'), np.str_('(VERB, <-, ADJ, root)'), np.str_('(PROPN, ->, PART, discourse)'), np.str_('(ADV, ->, CCONJ, punct)'), np.str_('(PROPN, <-, ADV, advmod)')]",Kataev
57,57,"[np.float64(0.08952948166434482), np.float64(0.08463737422601691), np.float64(0.08346738122160091), np.float64(0.08207630927843912), np.float64(0.08118039508201091)]","[np.int64(42), np.int64(214), np.int64(322), np.int64(326), np.int64(407)]","[np.float64(0.013847992649856727), np.float64(0.0076830275594880855), np.float64(0.0115092983515012), np.float64(0.016160784112296503), np.float64(0.0054408300736314644)]","[np.str_('(PROPN, <-, ADJ, iobj)'), np.str_('(PRON, ->, NOUN, root)'), np.str_('(NOUN, <-, AUX, advcl)'), np.str_('(ADJ, ->, ADJ, xcomp)'), np.str_('(ADJ, <-, ADV, parataxis)')]",Kaverin
58,58,"[np.float64(0.023274811972684994), np.float64(0.023274811972684994), np.float64(0.023274811972684994), np.float64(0.023274811972684994), np.float64(0.023274811972684994)]","[np.int64(108), np.int64(667), np.int64(39), np.int64(337), np.int64(615)]","[np.float64(0.032405134285495546), np.float64(0.006481026857099109), np.float64(0.006481026857099109), np.float64(0.006481026857099109), np.float64(0.005376778087679908)]","[np.str_('(INTJ, ->, PRON, conj)'), np.str_('(PUNCT, ->, NOUN, obl)'), np.str_('(ADJ, ->, PRON, nsubj)'), np.str_('(NOUN, ->, PAD, conj)'), np.str_('(NOUN, ->, ADJ, acl)')]",Kirsanova Anodina Aksenov
59,59,"[np.float64(0.03311092080636524), np.float64(0.03078750810795261), np.float64(0.030140021335466005), np.float64(0.02818631763176238), np.float64(0.028095047790492322)]","[np.int64(125), np.int64(1466), np.int64(824), np.int64(1169), np.int64(1599)]","[np.float64(0.019643409887702863), np.float64(0.0553498275882763), np.float64(0.0012160510177061374), np.float64(0.0013767416914421838), np.float64(0.000376483509550121)]","[np.str_('(PRON, ->, PRON, punct)'), np.str_('(VERB, <-, ADV, nsubj)'), np.str_('(ADJ, ->, PROPN, orphan)'), np.str_('(PART, ->, PART, advmod)'), np.str_('(X, <-, VERB, appos)')]",Knabe
60,60,"[np.float64(0.023274811972684994), np.float64(0.023274811972684994), np.float64(0.023274811972684994), np.float64(0.023274811972684994), np.float64(0.023274811972684994)]","[np.int64(97), np.int64(111), np.int64(153), np.int64(474), np.int64(603)]","[np.float64(0.011205864180114468), np.float64(0.011205864180114468), np.float64(0.011205864180114468), np.float64(0.011205864180114468), np.float64(0.005543628573039831)]","[np.str_('(PRON, <-, VERB, iobj)'), np.str_('(VERB, <-, PART, parataxis)'), np.str_('(ADV, <-, SYM, conj)'), np.str_('(NUM, <-, NOUN, nsubj)'), np.str_('(ADV, <-, VERB, advcl)')]",Koni
61,61,"[np.float64(0.04583368445311453), np.float64(0.039979908162984135), np.float64(0.03905099893508035), np.float64(0.03680129927372078), np.float64(0.036161014300564065)]","[np.int64(117), np.int64(319), np.int64(1105), np.int64(1006), np.int64(1524)]","[np.float64(0.018103060927037187), np.float64(0.004661215086603942), np.float64(0.0058122747036177605), np.float64(0.011511601966508132), np.float64(0.0015790825537457598)]","[np.str_('(INTJ, ->, NOUN, nsubj)'), np.str_('(ADP, ->, NOUN, nsubj)'), np.str_('(ADV, <-, SCONJ, conj)'), np.str_('(X, ->, PART, advmod)'), np.str_('(VERB, ->, PRON, root)')]",Kozlov
62,62,"[np.float64(0.1232224975724534), np.float64(0.10623805025612865), np.float64(0.10579213124816955), np.float64(0.10145191237392304), np.float64(0.09811367501175794)]","[np.int64(1218), np.int64(1078), np.int64(694), np.int64(1872), np.int64(741)]","[np.float64(0.028830322087086177), np.float64(0.002562945958790349), np.float64(0.006249909767030747), np.float64(0.00046204457946444387), np.float64(0.011399497094790852)]","[np.str_('(NOUN, ->, SCONJ, cc)'), np.str_('(INTJ, ->, ADV, parataxis)'), np.str_('(PRON, ->, ADP, case)'), np.str_('(CCONJ, ->, VERB, parataxis)'), np.str_('(PROPN, <-, NOUN, punct)')]",Krapivin
63,63,"[np.float64(0.08656277538869817), np.float64(0.08327513322844649), np.float64(0.08317943252922466), np.float64(0.08127843813319269), np.float64(0.080635547685457)]","[np.int64(915), np.int64(807), np.int64(1956), np.int64(946), np.int64(1513)]","[np.float64(0.0025482205913358188), np.float64(0.013792470425057561), np.float64(0.0017884901682137422), np.float64(0.003890833100472361), np.float64(0.002623859939564861)]","[np.str_('(PRON, <-, ADJ, iobj)'), np.str_('(NUM, ->, DET, obl)'), np.str_('(AUX, ->, VERB, xcomp)'), np.str_('(ADJ, <-, PRON, nmod)'), np.str_('(PRON, <-, ADJ, parataxis)')]",Kuprin
64,64,"[np.float64(0.03468802696127704), np.float64(0.030994314912577092), np.float64(0.030547255666785178), np.float64(0.029631026735318144), np.float64(0.02841665082479672)]","[np.int64(9), np.int64(1135), np.int64(999), np.int64(615), np.int64(247)]","[np.float64(0.03880603509654191), np.float64(0.002294304588235583), np.float64(0.004547296272615747), np.float64(0.007374230843858649), np.float64(0.012152692870021282)]","[np.str_('(AUX, ->, DET, nsubj)'), np.str_('(NOUN, ->, PART, discourse)'), np.str_('(PART, <-, PART, fixed)'), np.str_('(NOUN, ->, ADJ, acl)'), np.str_('(ADJ, ->, PART, fixed)')]",Lermontov
65,65,"[np.float64(0.11733501176777339), np.float64(0.11202522902072964), np.float64(0.11202176131111041), np.float64(0.10971898858861895), np.float64(0.10521758264806813)]","[np.int64(9), np.int64(1716), np.int64(836), np.int64(854), np.int64(1001)]","[np.float64(0.05150925365083846), np.float64(0.0011473679547122399), np.float64(0.05870171998956988), np.float64(0.025665684344446053), np.float64(0.012040272217925868)]","[np.str_('(AUX, ->, DET, nsubj)'), np.str_('(SCONJ, ->, ADV, acl)'), np.str_('(PRON, ->, AUX, root)'), np.str_('(PART, ->, NOUN, punct)'), np.str_('(VERB, ->, SCONJ, mark)')]",Losev
66,66,"[np.float64(0.023274811972684994), np.float64(0.022300966674966727), np.float64(0.022300966674966505), np.float64(0.022300966674966505), np.float64(0.022300966674966505)]","[np.int64(687), np.int64(111), np.int64(151), np.int64(199), np.int64(603)]","[np.float64(0.0007746895449921512), np.float64(0.0024824783496643246), np.float64(0.02978974019597189), np.float64(0.0024824783496643246), np.float64(0.0009620782005377285)]","[np.str_('(PRON, ->, PART, mark)'), np.str_('(VERB, <-, PART, parataxis)'), np.str_('(VERB, ->, ADJ, orphan)'), np.str_('(PRON, ->, ADV, mark)'), np.str_('(ADV, <-, VERB, advcl)')]",Lubimova
67,67,"[np.float64(0.07334231954484682), np.float64(0.07295225937523342), np.float64(0.07195218704317874), np.float64(0.06864468272423818), np.float64(0.06818691727658566)]","[np.int64(401), np.int64(1829), np.int64(448), np.int64(1198), np.int64(1717)]","[np.float64(0.1236721024519741), np.float64(0.005309558368491979), np.float64(0.013240489892528953), np.float64(0.0034219317745565678), np.float64(0.014128134971698025)]","[np.str_('(DET, ->, VERB, root)'), np.str_('(INTJ, ->, INTJ, discourse)'), np.str_('(SCONJ, ->, ADJ, obl)'), np.str_('(ADJ, <-, DET, fixed)'), np.str_('(ADJ, <-, ADP, fixed)')]",Lukyanenko
68,68,"[np.float64(0.023274811972684994), np.float64(0.023274811972684994), np.float64(0.022300966674966727), np.float64(0.022300966674966727), np.float64(0.022300966674966727)]","[np.int64(915), np.int64(127), np.int64(423), np.int64(467), np.int64(238)]","[np.float64(0.005648322013016219), np.float64(0.0018827740043387397), np.float64(0.0018827740043387397), np.float64(0.0018827740043387397), np.float64(0.0009044886439412493)]","[np.str_('(PRON, <-, ADJ, iobj)'), np.str_('(VERB, ->, PART, cc)'), np.str_('(ADJ, <-, VERB, amod)'), np.str_('(ADJ, ->, DET, csubj)'), np.str_('(NOUN, <-, ADV, obj)')]",Lungu
69,69,"[np.float64(0.07191382506333843), np.float64(0.07064122441159881), np.float64(0.06266335689733304), np.float64(0.06227118201837745), np.float64(0.061971041627968515)]","[np.int64(1217), np.int64(799), np.int64(353), np.int64(1651), np.int64(974)]","[np.float64(0.011702895567523677), np.float64(0.026702134291293186), np.float64(0.031030190937868077), np.float64(0.0031018551995691747), np.float64(0.011553142744541068)]","[np.str_('(ADJ, ->, VERB, acl)'), np.str_('(DET, <-, VERB, conj)'), np.str_('(PAD, ->, PART, conj)'), np.str_('(ADJ, ->, VERB, iobj)'), np.str_('(ADV, <-, PART, fixed)')]",Makushinskiyi
70,70,"[np.float64(0.044477893344501696), np.float64(0.04285264034888159), np.float64(0.042675342041118336), np.float64(0.03800711324643358), np.float64(0.03757876952047512)]","[np.int64(1606), np.int64(1547), np.int64(1220), np.int64(355), np.int64(28)]","[np.float64(0.08635229616019681), np.float64(0.006717727458941141), np.float64(0.014280441514894356), np.float64(0.011052197359304414), np.float64(0.01876295048504068)]","[np.str_('(NOUN, <-, PROPN, acl)'), np.str_('(NUM, <-, NOUN, amod)'), np.str_('(PROPN, <-, PRON, orphan)'), np.str_('(PRON, ->, X, punct)'), np.str_('(AUX, <-, ADV, conj)')]",Malevish
71,71,"[np.float64(0.11114644453910116), np.float64(0.09883684715549068), np.float64(0.09460071526837222), np.float64(0.09086949047298909), np.float64(0.08763547691295259)]","[np.int64(297), np.int64(261), np.int64(824), np.int64(629), np.int64(985)]","[np.float64(0.03381527842461094), np.float64(0.02678141274381152), np.float64(0.004613997689495643), np.float64(0.001277482593044123), np.float64(0.006803295132739644)]","[np.str_('(ADV, ->, AUX, csubj)'), np.str_('(PRON, <-, NUM, advmod)'), np.str_('(ADJ, ->, PROPN, orphan)'), np.str_('(ADV, ->, NOUN, nummod)'), np.str_('(AUX, ->, NOUN, advcl)')]",Mamin-Sibiryak
72,72,"[np.float64(0.023274811972684994), np.float64(0.023274811972684994), np.float64(0.022300966674966505), np.float64(0.022300966674966505), np.float64(0.022300966674966505)]","[np.int64(668), np.int64(627), np.int64(39), np.int64(958), np.int64(189)]","[np.float64(0.005560038830037656), np.float64(0.005560038830037656), np.float64(0.022240155320150622), np.float64(0.011120077660075311), np.float64(0.0074646715220019295)]","[np.str_('(PRON, <-, VERB, root)'), np.str_('(ADJ, <-, NOUN, nmod)'), np.str_('(ADJ, ->, PRON, nsubj)'), np.str_('(PAD, <-, VERB, obl)'), np.str_('(PRON, ->, AUX, cop)')]",Mamina
73,73,"[np.float64(0.023274811972684994), np.float64(0.023274811972684994), np.float64(0.022300966674966727), np.float64(0.022300966674966727), np.float64(0.022300966674966727)]","[np.int64(879), np.int64(563), np.int64(313), np.int64(1077), np.int64(97)]","[np.float64(0.06817883680111748), np.float64(0.004985321943108824), np.float64(0.04812623774196528), np.float64(0.008432150829518478), np.float64(0.0049908005752597445)]","[np.str_('(VERB, ->, INTJ, parataxis)'), np.str_('(VERB, <-, VERB, fixed)'), np.str_('(NOUN, <-, NOUN, fixed)'), np.str_('(VERB, <-, AUX, parataxis)'), np.str_('(PRON, <-, VERB, iobj)')]",Marchik
74,74,"[np.float64(0.09441369221230866), np.float64(0.09404010407699259), np.float64(0.08601569535407572), np.float64(0.08581454906936359), np.float64(0.0827596291217022)]","[np.int64(938), np.int64(916), np.int64(416), np.int64(319), np.int64(1591)]","[np.float64(0.002167272859207622), np.float64(0.010181677794298035), np.float64(0.022526917388531225), np.float64(0.007373293036158102), np.float64(0.00414919883335168)]","[np.str_('(PROPN, ->, PROPN, nmod)'), np.str_('(VERB, <-, PRON, advcl)'), np.str_('(VERB, ->, DET, conj)'), np.str_('(ADP, ->, NOUN, nsubj)'), np.str_('(PART, <-, AUX, aux)')]",Marinina
75,75,"[np.float64(0.0325553652508096), np.float64(0.028403248848693385), np.float64(0.021121660754411797), np.float64(0.017830155467785658), np.float64(0.017137323359944112)]","[np.int64(1564), np.int64(1077), np.int64(470), np.int64(1946), np.int64(520)]","[np.float64(7.785778991652414e-05), np.float64(0.012448034494813345), np.float64(0.0), np.float64(0.0), np.float64(0.0)]","[np.str_('(NOUN, ->, ADJ, amod)'), np.str_('(VERB, <-, AUX, parataxis)'), np.str_('(PRON, ->, VERB, parataxis)'), np.str_('(VERB, ->, ADJ, xcomp)'), np.str_('(ADV, ->, VERB, fixed)')]",Mikhalkov
76,76,"[np.float64(0.042288124314946995), np.float64(0.0420316427717371), np.float64(0.04111372384176548), np.float64(0.03908555497502375), np.float64(0.038150724870177344)]","[np.int64(869), np.int64(710), np.int64(99), np.int64(1161), np.int64(563)]","[np.float64(0.009764184859280227), np.float64(0.017956356259296414), np.float64(0.02301351144678483), np.float64(0.009991811401447984), np.float64(0.015629509481586142)]","[np.str_('(INTJ, <-, X, nsubj)'), np.str_('(ADV, <-, NOUN, orphan)'), np.str_('(PROPN, <-, PUNCT, obl)'), np.str_('(PROPN, <-, ADV, advmod)'), np.str_('(VERB, <-, VERB, fixed)')]",Moshkov
77,77,"[np.float64(0.023274811972684994), np.float64(0.022300966674966505), np.float64(0.022300966674966505), np.float64(0.022300966674966505), np.float64(0.021327121377248237)]","[np.int64(274), np.int64(419), np.int64(75), np.int64(277), np.int64(474)]","[np.float64(0.01658883819383112), np.float64(0.007089013431655301), np.float64(0.0012512631857420566), np.float64(0.0004994198650685635), np.float64(0.03317767638766224)]","[np.str_('(ADV, ->, NOUN, obj)'), np.str_('(VERB, <-, VERB, obl)'), np.str_('(NUM, ->, VERB, acl:relcl)'), np.str_('(ADV, <-, VERB, discourse)'), np.str_('(NUM, <-, NOUN, nsubj)')]",NakedScience
78,78,[],[],[],[],nlobooks[ru]
79,79,"[np.float64(0.057179063962579435), np.float64(0.05232357306554292), np.float64(0.0423795460959101), np.float64(0.03862778631014463), np.float64(0.03825181539355593)]","[np.int64(649), np.int64(549), np.int64(724), np.int64(985), np.int64(400)]","[np.float64(0.002510359492542154), np.float64(0.00018717205492169034), np.float64(0.007748631961335338), np.float64(0.004777329364793446), np.float64(0.03140199213015593)]","[np.str_('(ADP, ->, ADP, fixed)'), np.str_('(PROPN, <-, INTJ, parataxis)'), np.str_('(PART, <-, PRON, orphan)'), np.str_('(AUX, ->, NOUN, advcl)'), np.str_('(ADJ, <-, ADV, advcl)')]",Nosov
80,80,"[np.float64(0.06480233357081178), np.float64(0.05693570389840641), np.float64(0.051267853669071495), np.float64(0.05107858997304682), np.float64(0.05020128511963451)]","[np.int64(556), np.int64(89), np.int64(724), np.int64(200), np.int64(127)]","[np.float64(0.0010666152586348617), np.float64(0.019522014345643292), np.float64(0.0046670721358299215), np.float64(0.0012259985160578979), np.float64(0.004048635687373687)]","[np.str_('(ADV, ->, PAD, obl)'), np.str_('(PRON, ->, X, parataxis)'), np.str_('(PART, <-, PRON, orphan)'), np.str_('(ADV, <-, ADJ, conj)'), np.str_('(VERB, ->, PART, cc)')]",Oseeva
81,81,"[np.float64(0.02626171445715897), np.float64(0.02448887153230539), np.float64(0.017806222664290328), np.float64(0.016478482938981354), np.float64(0.016421137122516805)]","[np.int64(1060), np.int64(616), np.int64(1714), np.int64(0), np.int64(1183)]","[np.float64(0.0), np.float64(0.028834653349514794), np.float64(0.0), np.float64(0.0009022939702182868), np.float64(0.001046153465958567)]","[np.str_('(NOUN, ->, PROPN, amod)'), np.str_('(PUNCT, <-, PROPN, punct)'), np.str_('(SCONJ, <-, ADV, root)'), np.str_('(DET, ->, VERB, cop)'), np.str_('(PART, ->, PRON, root)')]",Oster
82,82,"[np.float64(0.023274811972684994), np.float64(0.023274811972684994), np.float64(0.023274811972684994), np.float64(0.022300966674966505), np.float64(0.022300966674966505)]","[np.int64(526), np.int64(264), np.int64(33), np.int64(106), np.int64(174)]","[np.float64(0.025483511304339262), np.float64(0.006370877826084816), np.float64(0.0006006783591093139), np.float64(0.03185438913042408), np.float64(0.025483511304339262)]","[np.str_('(ADJ, <-, ADJ, det)'), np.str_('(PRON, ->, CCONJ, cc)'), np.str_('(NOUN, ->, VERB, amod)'), np.str_('(PART, <-, ADP, fixed)'), np.str_('(ADJ, ->, ADJ, iobj)')]",Plevako
83,83,"[np.float64(0.050277027743207525), np.float64(0.04159649706643287), np.float64(0.041269230856262884), np.float64(0.03927008413337796), np.float64(0.03885181535692861)]","[np.int64(48), np.int64(781), np.int64(214), np.int64(39), np.int64(866)]","[np.float64(0.013451159794839178), np.float64(0.012592013690743694), np.float64(0.02196991564079029), np.float64(0.0049264860216111225), np.float64(0.0010216213410522942)]","[np.str_('(CCONJ, <-, VERB, parataxis)'), np.str_('(ADJ, <-, PROPN, obl)'), np.str_('(PRON, ->, NOUN, root)'), np.str_('(ADJ, ->, PRON, nsubj)'), np.str_('(PRON, <-, VERB, advmod)')]",Preobrazhensky
84,84,"[np.float64(0.048931314665089376), np.float64(0.048436808934802955), np.float64(0.042998008493452367), np.float64(0.042141733987833496), np.float64(0.03972971280555837)]","[np.int64(616), np.int64(1490), np.int64(1585), np.int64(701), np.int64(140)]","[np.float64(0.011496149758440634), np.float64(0.027569592994202054), np.float64(0.002690221244496784), np.float64(0.020981422787221673), np.float64(0.003676597276373435)]","[np.str_('(PUNCT, <-, PROPN, punct)'), np.str_('(ADJ, ->, ADV, conj)'), np.str_('(NOUN, ->, ADJ, nsubj)'), np.str_('(PROPN, ->, ADP, case)'), np.str_('(ADV, <-, ADV, fixed)')]",Prokofeva
85,85,"[np.float64(0.02185494451933545), np.float64(0.020423336373478707), np.float64(0.02015080716289419), np.float64(0.019448797364139292), np.float64(0.01925875206339034)]","[np.int64(1232), np.int64(731), np.int64(619), np.int64(1589), np.int64(724)]","[np.float64(0.005326071614319585), np.float64(0.0022072960851193977), np.float64(0.013853693312534865), np.float64(0.002955011753688749), np.float64(0.0006141623291686331)]","[np.str_('(NOUN, ->, AUX, parataxis)'), np.str_('(VERB, ->, PART, nsubj)'), np.str_('(NUM, <-, PROPN, conj)'), np.str_('(PART, ->, PUNCT, punct)'), np.str_('(PART, <-, PRON, orphan)')]",Pushkin
86,86,"[np.float64(0.023274811972684994), np.float64(0.023274811972684994), np.float64(0.023274811972684994), np.float64(0.022300966674966727), np.float64(0.022300966674966505)]","[np.int64(225), np.int64(19), np.int64(111), np.int64(86), np.int64(82)]","[np.float64(0.024909921991123803), np.float64(0.020122045289660086), np.float64(0.010061022644830043), np.float64(0.005243260372072674), np.float64(0.011523812534901869)]","[np.str_('(NOUN, ->, VERB, root)'), np.str_('(VERB, <-, ADV, parataxis)'), np.str_('(VERB, <-, PART, parataxis)'), np.str_('(NOUN, <-, VERB, nmod)'), np.str_('(PROPN, ->, SYM, conj)')]",pvlida
87,87,"[np.float64(0.0537493899331406), np.float64(0.05235738110330901), np.float64(0.04810402555959625), np.float64(0.04486054507296566), np.float64(0.04460066234620552)]","[np.int64(1268), np.int64(17), np.int64(1116), np.int64(1900), np.int64(219)]","[np.float64(0.00033367012910787006), np.float64(0.019679965497726135), np.float64(0.01710158133653516), np.float64(0.001154344144136485), np.float64(0.018739382519333492)]","[np.str_('(NOUN, ->, PROPN, iobj)'), np.str_('(PRON, ->, ADJ, orphan)'), np.str_('(VERB, <-, NOUN, xcomp)'), np.str_('(SCONJ, <-, ADP, mark)'), np.str_('(ADJ, <-, ADV, amod)')]",Regentov
88,88,"[np.float64(0.050067039823831094), np.float64(0.04909643527585572), np.float64(0.04598179709466155), np.float64(0.04457297297369123), np.float64(0.044128524650706935)]","[np.int64(83), np.int64(632), np.int64(1185), np.int64(1166), np.int64(599)]","[np.float64(0.0031033252214823065), np.float64(0.006206650442964613), np.float64(0.006206650442964613), np.float64(0.006206650442964613), np.float64(0.0031033252214823065)]","[np.str_('(PRON, ->, ADV, discourse)'), np.str_('(NOUN, ->, NOUN, nummod:gov)'), np.str_('(NOUN, ->, PART, advcl)'), np.str_('(PRON, <-, INTJ, parataxis)'), np.str_('(PRON, ->, INTJ, punct)')]",Rubina
89,89,"[np.float64(0.06903549588165547), np.float64(0.06435947470700909), np.float64(0.061019818735219), np.float64(0.06075308500823273), np.float64(0.06020236109618138)]","[np.int64(83), np.int64(39), np.int64(769), np.int64(833), np.int64(382)]","[np.float64(0.02454272458630352), np.float64(0.01258505220348038), np.float64(0.0026988192407017444), np.float64(0.001995909054712382), np.float64(0.0037893032738276163)]","[np.str_('(PRON, ->, ADV, discourse)'), np.str_('(ADJ, ->, PRON, nsubj)'), np.str_('(PROPN, <-, NOUN, advmod)'), np.str_('(CCONJ, ->, PART, root)'), np.str_('(ADV, <-, CCONJ, orphan)')]",Rybakov
90,90,"[np.float64(0.03819077632905077), np.float64(0.03791739893042978), np.float64(0.03590554038778915), np.float64(0.03527200633079419), np.float64(0.03432639054653597)]","[np.int64(16), np.int64(417), np.int64(639), np.int64(1193), np.int64(552)]","[np.float64(0.010870547947157996), np.float64(0.009901896275841341), np.float64(0.008933244604524684), np.float64(0.008933244604524684), np.float64(0.007964592933208028)]","[np.str_('(PRON, ->, ADV, advmod)'), np.str_('(VERB, <-, DET, parataxis)'), np.str_('(NOUN, ->, PROPN, parataxis)'), np.str_('(INTJ, ->, INTJ, conj)'), np.str_('(PRON, <-, ADV, nmod)')]",Salnikov
91,91,"[np.float64(0.08916104817209525), np.float64(0.08665255797652216), np.float64(0.08357466776991918), np.float64(0.08316286376900617), np.float64(0.08225257127455532)]","[np.int64(368), np.int64(318), np.int64(797), np.int64(343), np.int64(192)]","[np.float64(0.055777345287186364), np.float64(0.006976584219363141), np.float64(0.013369127425154363), np.float64(0.001918840602309544), np.float64(0.014479707469493733)]","[np.str_('(X, <-, NOUN, nummod:gov)'), np.str_('(NOUN, <-, ADP, orphan)'), np.str_('(ADJ, ->, CCONJ, advmod)'), np.str_('(X, <-, ADJ, amod)'), np.str_('(X, ->, DET, det)')]",SaltykovSchedrin
92,92,"[np.float64(0.023274811972684994), np.float64(0.023274811972684994), np.float64(0.023274811972684994), np.float64(0.023274811972684994), np.float64(0.023274811972684994)]","[np.int64(1039), np.int64(632), np.int64(799), np.int64(842), np.int64(703)]","[np.float64(0.019185209104802214), np.float64(0.007074675902280191), np.float64(0.003837041820960443), np.float64(0.003837041820960443), np.float64(0.0007958199695567174)]","[np.str_('(X, <-, ADJ, advmod)'), np.str_('(NOUN, ->, NOUN, nummod:gov)'), np.str_('(DET, <-, VERB, conj)'), np.str_('(SYM, ->, SYM, conj)'), np.str_('(NUM, ->, PROPN, nummod)')]",Semihatov
93,93,"[np.float64(0.09827238233803837), np.float64(0.08531159799375698), np.float64(0.0845762652287092), np.float64(0.08454485790101995), np.float64(0.0804863697312811)]","[np.int64(1941), np.int64(725), np.int64(1495), np.int64(227), np.int64(188)]","[np.float64(0.0015591248797899976), np.float64(0.020075489791353325), np.float64(0.002236967091703195), np.float64(0.031030147670918804), np.float64(0.06070513540469949)]","[np.str_('(VERB, ->, NUM, mark)'), np.str_('(NOUN, ->, CCONJ, punct)'), np.str_('(VERB, <-, PRON, appos)'), np.str_('(ADV, <-, DET, parataxis)'), np.str_('(VERB, <-, PROPN, cop)')]",Serafimovich
94,94,"[np.float64(0.053907155886654845), np.float64(0.0458678990932454), np.float64(0.043253357857441666), np.float64(0.04192995408620681), np.float64(0.04117414115351903)]","[np.int64(1796), np.int64(1782), np.int64(298), np.int64(1843), np.int64(1186)]","[np.float64(0.010803557921752412), np.float64(0.004104479794533612), np.float64(0.06143623922999968), np.float64(0.004918939429415892), np.float64(0.022836365564403743)]","[np.str_('(SCONJ, ->, NOUN, appos)'), np.str_('(DET, <-, ADV, nsubj)'), np.str_('(ADJ, ->, DET, advmod)'), np.str_('(VERB, ->, PRON, iobj)'), np.str_('(PROPN, <-, NOUN, advcl)')]",Sergeev-Tsenskij
95,95,"[np.float64(0.03683314302858731), np.float64(0.035805365250809684), np.float64(0.03097203191747666), np.float64(0.030714095409539843), np.float64(0.030523619219063658)]","[np.int64(701), np.int64(264), np.int64(927), np.int64(122), np.int64(302)]","[np.float64(0.10891904387834504), np.float64(0.004858303406659604), np.float64(0.006503796279480342), np.float64(0.0293962041707741), np.float64(0.013007592558960683)]","[np.str_('(PROPN, ->, ADP, case)'), np.str_('(PRON, ->, CCONJ, cc)'), np.str_('(PART, ->, ADJ, ccomp)'), np.str_('(CCONJ, ->, DET, det)'), np.str_('(PART, ->, PRON, nsubj)')]",Shevtsov
96,96,"[np.float64(0.037666476361920664), np.float64(0.03572203191747647), np.float64(0.03469425413969873), np.float64(0.033916476361920855), np.float64(0.03380536525080968)]","[np.int64(423), np.int64(1580), np.int64(1006), np.int64(823), np.int64(1209)]","[np.float64(0.00747277804101218), np.float64(0.0016818158009398385), np.float64(0.00747277804101218), np.float64(0.00747277804101218), np.float64(0.012050289650932652)]","[np.str_('(ADJ, <-, VERB, amod)'), np.str_('(VERB, ->, VERB, ccomp)'), np.str_('(X, ->, PART, advmod)'), np.str_('(PART, <-, CCONJ, parataxis)'), np.str_('(NOUN, ->, ADP, cc)')]",Shukshin
97,97,"[np.float64(0.022300966674966727), np.float64(0.022300966674966727), np.float64(0.022300966674966727), np.float64(0.022300966674966505), np.float64(0.022300966674966505)]","[np.int64(480), np.int64(649), np.int64(228), np.int64(320), np.int64(299)]","[np.float64(0.013295745028350915), np.float64(0.013295745028350915), np.float64(0.009866263438630956), np.float64(0.02659149005670183), np.float64(0.013787990719694042)]","[np.str_('(DET, ->, ADJ, parataxis)'), np.str_('(ADP, ->, ADP, fixed)'), np.str_('(NUM, ->, NOUN, flat)'), np.str_('(NUM, ->, PRON, iobj)'), np.str_('(PART, <-, VERB, conj)')]",ShushpanovLouk
98,98,"[np.float64(0.031888698584143005), np.float64(0.028166476361920934), np.float64(0.027802058372502936), np.float64(0.02702891022435472), np.float64(0.022990345173074966)]","[np.int64(173), np.int64(23), np.int64(1001), np.int64(1159), np.int64(1187)]","[np.float64(0.019482044707883152), np.float64(0.013509043646676013), np.float64(0.00037194497840932445), np.float64(0.0012964236913477326), np.float64(0.011210391916884872)]","[np.str_('(VERB, ->, PAD, conj)'), np.str_('(PROPN, ->, ADV, obl)'), np.str_('(VERB, ->, SCONJ, mark)'), np.str_('(NUM, <-, VERB, obl)'), np.str_('(PROPN, <-, NOUN, obl)')]",Shushpanov
99,99,"[np.float64(0.05067190829924806), np.float64(0.04842213455705768), np.float64(0.0475458013964124), np.float64(0.0458856669972586), np.float64(0.04559770537222074)]","[np.int64(1072), np.int64(710), np.int64(1), np.int64(1145), np.int64(617)]","[np.float64(0.012677317204156905), np.float64(0.01073789045403834), np.float64(0.018060193731568832), np.float64(0.0035358276234193618), np.float64(0.006973980908775579)]","[np.str_('(VERB, ->, PAD, advmod)'), np.str_('(ADV, <-, NOUN, orphan)'), np.str_('(DET, ->, PART, cc)'), np.str_('(PRON, ->, PRON, advcl)'), np.str_('(ADJ, <-, ADV, iobj)')]",Simonov
100,100,"[np.float64(0.023274811972684994), np.float64(0.023274811972684994), np.float64(0.023274811972684994), np.float64(0.022300966674966727), np.float64(0.022300966674966727)]","[np.int64(866), np.int64(900), np.int64(189), np.int64(485), np.int64(195)]","[np.float64(0.021539353391619463), np.float64(0.01723148271329557), np.float64(0.002680416064284543), np.float64(0.01723148271329557), np.float64(0.008615741356647786)]","[np.str_('(PRON, <-, VERB, advmod)'), np.str_('(VERB, ->, ADJ, parataxis)'), np.str_('(PRON, ->, AUX, cop)'), np.str_('(PRON, <-, SCONJ, nsubj)'), np.str_('(PROPN, <-, NOUN, amod)')]",Soloviev
101,101,"[np.float64(0.023274811972684994), np.float64(0.023274811972684994), np.float64(0.023274811972684994), np.float64(0.023274811972684994), np.float64(0.023274811972684994)]","[np.int64(1364), np.int64(439), np.int64(1352), np.int64(96), np.int64(1309)]","[np.float64(0.01736560072943268), np.float64(0.011577067152955119), np.float64(0.0028942667882387797), np.float64(0.0028942667882387797), np.float64(0.0006002841289670034)]","[np.str_('(PART, ->, INTJ, parataxis)'), np.str_('(ADJ, <-, ADJ, parataxis)'), np.str_('(PROPN, <-, PROPN, amod)'), np.str_('(AUX, ->, PROPN, nsubj)'), np.str_('(PRON, <-, NOUN, conj)')]",Solovyov
102,102,"[np.float64(0.05184412304523223), np.float64(0.03778303931225402), np.float64(0.03571316676545422), np.float64(0.03541077364709233), np.float64(0.03439962727650492)]","[np.int64(1842), np.int64(999), np.int64(205), np.int64(1666), np.int64(1017)]","[np.float64(0.05232732772505589), np.float64(0.01244035018556373), np.float64(0.007486145505995814), np.float64(0.0012055955143703933), np.float64(0.005115587433071577)]","[np.str_('(ADV, <-, ADJ, parataxis)'), np.str_('(PART, <-, PART, fixed)'), np.str_('(VERB, <-, VERB, mark)'), np.str_('(VERB, ->, PRON, det)'), np.str_('(NUM, <-, NOUN, advcl)')]",Stepnova
103,103,"[np.float64(0.08107656791958417), np.float64(0.07898337431600488), np.float64(0.06914920073667208), np.float64(0.06344445702665591), np.float64(0.0626504636830103)]","[np.int64(775), np.int64(425), np.int64(437), np.int64(544), np.int64(731)]","[np.float64(0.006765247071425342), np.float64(0.00745009563435004), np.float64(0.007922710685024686), np.float64(0.0017104029776645743), np.float64(0.0027776884409360858)]","[np.str_('(VERB, <-, PART, csubj)'), np.str_('(VERB, <-, PROPN, appos)'), np.str_('(NOUN, <-, VERB, compound)'), np.str_('(PUNCT, ->, VERB, advcl)'), np.str_('(VERB, ->, PART, nsubj)')]",Strugatskie
104,104,"[np.float64(0.08268293252646142), np.float64(0.06888942860811087), np.float64(0.05993149188663516), np.float64(0.04966262064819382), np.float64(0.04893669196124251)]","[np.int64(1300), np.int64(967), np.int64(731), np.int64(1112), np.int64(808)]","[np.float64(0.0276146439241725), np.float64(0.023883587017125965), np.float64(0.00818411772691624), np.float64(0.011867396043340382), np.float64(0.006203920761189656)]","[np.str_('(ADV, <-, X, advmod)'), np.str_('(PRON, ->, ADP, fixed)'), np.str_('(VERB, ->, PART, nsubj)'), np.str_('(NUM, ->, ADJ, advcl)'), np.str_('(ADJ, ->, ADJ, compound)')]",Tamonikov
105,105,"[np.float64(0.023274811972684994), np.float64(0.023274811972684994), np.float64(0.023274811972684994), np.float64(0.023274811972684994), np.float64(0.022300966674966727)]","[np.int64(741), np.int64(678), np.int64(88), np.int64(1525), np.int64(199)]","[np.float64(0.005323576920567475), np.float64(0.0035490512803783166), np.float64(0.0017745256401891583), np.float64(0.0017745256401891583), np.float64(0.007098102560756633)]","[np.str_('(PROPN, <-, NOUN, punct)'), np.str_('(PROPN, <-, ADP, flat:foreign)'), np.str_('(ADJ, <-, ADJ, nsubj)'), np.str_('(DET, ->, VERB, advmod)'), np.str_('(PRON, ->, ADV, mark)')]",TEDRus
106,106,"[np.float64(0.056407140225369634), np.float64(0.049937124015352996), np.float64(0.049904127371678375), np.float64(0.04908006523660313), np.float64(0.046926529967299846)]","[np.int64(1548), np.int64(466), np.int64(998), np.int64(1311), np.int64(264)]","[np.float64(0.004854638601560286), np.float64(0.0036200998944741483), np.float64(0.028435926562710354), np.float64(0.008249712277400066), np.float64(0.005024037101685876)]","[np.str_('(NOUN, <-, ADJ, amod)'), np.str_('(SCONJ, ->, NOUN, orphan)'), np.str_('(NOUN, ->, VERB, cop)'), np.str_('(X, ->, PART, fixed)'), np.str_('(PRON, ->, CCONJ, cc)')]",Teffi
107,107,"[np.float64(0.1296626940790767), np.float64(0.11905518176979268), np.float64(0.11710115857073511), np.float64(0.11604177599334276), np.float64(0.11194881959871616)]","[np.int64(265), np.int64(1696), np.int64(544), np.int64(216), np.int64(200)]","[np.float64(0.0769749586692073), np.float64(0.028794605088084537), np.float64(0.019722147310736123), np.float64(0.023052091967830615), np.float64(0.025302265073605338)]","[np.str_('(SCONJ, ->, PRON, discourse)'), np.str_('(CCONJ, <-, PROPN, conj)'), np.str_('(PUNCT, ->, VERB, advcl)'), np.str_('(DET, ->, ADV, conj)'), np.str_('(ADV, <-, ADJ, conj)')]",Tolstoy
108,108,"[np.float64(0.06098258001444712), np.float64(0.05978311748194387), np.float64(0.05103402845534388), np.float64(0.04970257120198107), np.float64(0.04963351651178882)]","[np.int64(136), np.int64(1404), np.int64(292), np.int64(381), np.int64(491)]","[np.float64(0.011007208677892724), np.float64(0.0029626623240152057), np.float64(0.007003301245990349), np.float64(0.010488471836054267), np.float64(0.008659283434723773)]","[np.str_('(SCONJ, <-, PRON, nsubj)'), np.str_('(NOUN, <-, INTJ, nmod)'), np.str_('(ADJ, ->, ADP, advmod)'), np.str_('(VERB, <-, DET, conj)'), np.str_('(NOUN, <-, NOUN, orphan)')]",Turgenev
109,109,"[np.float64(0.09641621601532835), np.float64(0.0724511315497971), np.float64(0.07222420919702732), np.float64(0.06931461027291441), np.float64(0.06569048308072378)]","[np.int64(1629), np.int64(1367), np.int64(7), np.int64(1807), np.int64(238)]","[np.float64(0.00014891937330378907), np.float64(0.008499624492954671), np.float64(0.05196861416108884), np.float64(0.0007336137054390765), np.float64(0.0056564152908741335)]","[np.str_('(VERB, ->, PART, conj)'), np.str_('(PART, <-, DET, advmod)'), np.str_('(VERB, ->, ADP, parataxis)'), np.str_('(ADJ, <-, NOUN, advmod)'), np.str_('(NOUN, <-, ADV, obj)')]",Uspensky
110,110,"[np.float64(0.07918062474383392), np.float64(0.07746235259924417), np.float64(0.07613031451492835), np.float64(0.07098148585547981), np.float64(0.07088141179196805)]","[np.int64(1144), np.int64(636), np.int64(1261), np.int64(1207), np.int64(186)]","[np.float64(0.02006896605061356), np.float64(0.01164523670948599), np.float64(0.003663925166523736), np.float64(0.002256011739758125), np.float64(0.015188344391235169)]","[np.str_('(PROPN, ->, X, punct)'), np.str_('(VERB, <-, AUX, csubj)'), np.str_('(NOUN, ->, PROPN, nsubj)'), np.str_('(PROPN, <-, PROPN, case)'), np.str_('(PRON, <-, VERB, appos)')]",Vainery
111,111,"[np.float64(0.03980536525080969), np.float64(0.039249809695254045), np.float64(0.039249809695254045), np.float64(0.038833143028587425), np.float64(0.03552758747303186)]","[np.int64(1010), np.int64(212), np.int64(1354), np.int64(7), np.int64(976)]","[np.float64(0.03671076041098032), np.float64(0.04494049914325053), np.float64(0.0006311894597924823), np.float64(0.12765475968258558), np.float64(0.004367391166726985)]","[np.str_('(ADJ, <-, ADJ, compound)'), np.str_('(PROPN, ->, NOUN, flat)'), np.str_('(PUNCT, ->, PROPN, parataxis)'), np.str_('(VERB, ->, ADP, parataxis)'), np.str_('(X, ->, PRON, flat:foreign)')]",vestnik nsu
112,112,"[np.float64(0.023274811972684994), np.float64(0.023274811972684994), np.float64(0.022300966674966727), np.float64(0.022300966674966505), np.float64(0.021327121377248237)]","[np.int64(16), np.int64(396), np.int64(1996), np.int64(97), np.int64(267)]","[np.float64(0.1425060616350434), np.float64(0.13994305211851693), np.float64(0.0018987599339876586), np.float64(0.05828454497694647), np.float64(0.014571136244236617)]","[np.str_('(PRON, ->, ADV, advmod)'), np.str_('(VERB, ->, AUX, cop)'), np.str_('(ADV, <-, PRON, case)'), np.str_('(PRON, <-, VERB, iobj)'), np.str_('(VERB, ->, NOUN, advcl)')]",VestnikRayona
113,113,"[np.float64(0.023274811972684994), np.float64(0.023274811972684994), np.float64(0.022300966674966727), np.float64(0.022300966674966727), np.float64(0.022300966674966727)]","[np.int64(372), np.int64(1474), np.int64(403), np.int64(1189), np.int64(1342)]","[np.float64(0.0050016418169779205), np.float64(0.00166721393899264), np.float64(0.020006567267911682), np.float64(0.0166721393899264), np.float64(0.00333442787798528)]","[np.str_('(INTJ, <-, NOUN, nmod)'), np.str_('(ADJ, <-, ADJ, acl:relcl)'), np.str_('(ADJ, <-, PRON, root)'), np.str_('(ADJ, ->, PRON, advcl)'), np.str_('(DET, <-, NOUN, nummod)')]",Vladimirova
114,114,"[np.float64(0.05220435065498552), np.float64(0.03912262277923706), np.float64(0.0360950610902292), np.float64(0.03217702685883128), np.float64(0.0312531310560028)]","[np.int64(50), np.int64(100), np.int64(112), np.int64(554), np.int64(42)]","[np.float64(0.0044285637765282574), np.float64(0.027522613250217348), np.float64(0.012219361011064302), np.float64(0.017214011504069125), np.float64(0.04074122168625666)]","[np.str_('(VERB, <-, VERB, advcl)'), np.str_('(ADJ, <-, NUM, advcl)'), np.str_('(ADJ, <-, DET, nmod)'), np.str_('(VERB, ->, PROPN, obj)'), np.str_('(PROPN, <-, ADJ, iobj)')]",Vlasova
115,115,"[np.float64(0.07484603634277764), np.float64(0.07063142348304141), np.float64(0.06364262214064653), np.float64(0.061833445738449955), np.float64(0.05661517665725313)]","[np.int64(0), np.int64(441), np.int64(607), np.int64(661), np.int64(1583)]","[np.float64(0.1032997130613046), np.float64(0.015852759098641207), np.float64(0.004608713111573079), np.float64(0.054402157917357925), np.float64(0.004198692160858551)]","[np.str_('(DET, ->, VERB, cop)'), np.str_('(ADV, ->, PART, aux)'), np.str_('(ADV, <-, PROPN, root)'), np.str_('(NOUN, <-, PRON, parataxis)'), np.str_('(CCONJ, ->, ADJ, root)')]",Voinovich
116,116,"[np.float64(0.0609120700293696), np.float64(0.051889471098624296), np.float64(0.04928668249483814), np.float64(0.04666874652347208), np.float64(0.04434599183475518)]","[np.int64(1282), np.int64(423), np.int64(1611), np.int64(1524), np.int64(216)]","[np.float64(0.0010633287108198987), np.float64(0.0026554879307224555), np.float64(0.0008079812640788693), np.float64(0.001330274432012702), np.float64(0.02380747346918038)]","[np.str_('(PART, ->, ADV, advmod)'), np.str_('(ADJ, <-, VERB, amod)'), np.str_('(PRON, ->, SCONJ, parataxis)'), np.str_('(VERB, ->, PRON, root)'), np.str_('(DET, ->, ADV, conj)')]",Volkov
117,117,"[np.float64(0.023274811972684994), np.float64(0.023274811972684994), np.float64(0.022300966674966727), np.float64(0.022300966674966505), np.float64(0.022300966674966505)]","[np.int64(140), np.int64(396), np.int64(39), np.int64(125), np.int64(166)]","[np.float64(0.04018610197617995), np.float64(0.013395367325393316), np.float64(0.026790734650786633), np.float64(0.04445216420154501), np.float64(0.01596234074220225)]","[np.str_('(ADV, <-, ADV, fixed)'), np.str_('(VERB, ->, AUX, cop)'), np.str_('(ADJ, ->, PRON, nsubj)'), np.str_('(PRON, ->, PRON, punct)'), np.str_('(PAD, ->, NOUN, conj)')]",Vorotyntseva
118,118,"[np.float64(0.022300966674966505), np.float64(0.021327121377248237), np.float64(0.021327121377248237), np.float64(0.021327121377248237), np.float64(0.02035327607952997)]","[np.int64(19), np.int64(127), np.int64(313), np.int64(922), np.int64(417)]","[np.float64(0.1728887175956019), np.float64(0.013387651099975462), np.float64(0.00026891683230832806), np.float64(0.00017796652938159533), np.float64(0.013387651099975462)]","[np.str_('(VERB, <-, ADV, parataxis)'), np.str_('(VERB, ->, PART, cc)'), np.str_('(NOUN, <-, NOUN, fixed)'), np.str_('(ADJ, <-, PRON, conj)'), np.str_('(VERB, <-, DET, parataxis)')]",YasenevoMedia
119,119,"[np.float64(0.10115003192923777), np.float64(0.09473770395910674), np.float64(0.09364463407920731), np.float64(0.09351294932119902), np.float64(0.0877279477293158)]","[np.int64(0), np.int64(1052), np.int64(1207), np.int64(238), np.int64(492)]","[np.float64(0.1544556455256634), np.float64(0.043228735024749304), np.float64(0.00909788357175051), np.float64(0.01950812738613683), np.float64(0.009856919594542829)]","[np.str_('(DET, ->, VERB, cop)'), np.str_('(NUM, ->, DET, det)'), np.str_('(PROPN, <-, PROPN, case)'), np.str_('(NOUN, <-, ADV, obj)'), np.str_('(DET, ->, DET, punct)')]",Zemlyanoj
120,120,"[np.float64(0.05960144914107157), np.float64(0.0491077145406873), np.float64(0.04850022428642864), np.float64(0.04501967945595953), np.float64(0.04355843180741248)]","[np.int64(605), np.int64(603), np.int64(1703), np.int64(0), np.int64(1469)]","[np.float64(6.085641068322363e-05), np.float64(6.874530137358091e-05), np.float64(0.0025147511315501444), np.float64(0.013246205086472387), np.float64(0.00022445398643991838)]","[np.str_('(VERB, ->, DET, obj)'), np.str_('(ADV, <-, VERB, advcl)'), np.str_('(VERB, <-, NOUN, ccomp)'), np.str_('(DET, ->, VERB, cop)'), np.str_('(NOUN, ->, AUX, cop)')]",Zhitkov
121,121,"[np.float64(0.04329183591884356), np.float64(0.04090052229624863), np.float64(0.04078367885722922), np.float64(0.03841488330274978), np.float64(0.037636961176526706)]","[np.int64(12), np.int64(572), np.int64(1069), np.int64(1268), np.int64(177)]","[np.float64(0.002613986426296247), np.float64(0.002613986426296247), np.float64(0.014826672254147298), np.float64(0.003471232729926431), np.float64(0.0017567401226660623)]","[np.str_('(ADJ, ->, ADP, discourse)'), np.str_('(ADV, ->, PROPN, orphan)'), np.str_('(ADJ, ->, SCONJ, obl)'), np.str_('(NOUN, ->, PROPN, iobj)'), np.str_('(ADV, ->, ADP, conj)')]",ZlotnikovNikolaev
122,122,"[np.float64(0.03501984092318755), np.float64(0.03483054805854058), np.float64(0.034296510717855444), np.float64(0.03393951416905128), np.float64(0.033771729849075616)]","[np.int64(649), np.int64(979), np.int64(1459), np.int64(572), np.int64(375)]","[np.float64(0.003072529102671515), np.float64(0.010993191458053138), np.float64(0.0017756041500385943), np.float64(0.015897060013761444), np.float64(0.00585370723113284)]","[np.str_('(ADP, ->, ADP, fixed)'), np.str_('(X, ->, PUNCT, punct)'), np.str_('(PRON, ->, NOUN, appos)'), np.str_('(ADV, ->, PROPN, orphan)'), np.str_('(VERB, <-, INTJ, parataxis)')]",Zlotnikov
123,123,"[np.float64(0.06588980996636828), np.float64(0.06498862132480887), np.float64(0.06245450221020721), np.float64(0.06028843606658618), np.float64(0.059187697464399)]","[np.int64(0), np.int64(1245), np.int64(1296), np.int64(789), np.int64(458)]","[np.float64(0.0037211462638354308), np.float64(0.002479244313772143), np.float64(0.006430012707367658), np.float64(0.02353029158239148), np.float64(0.004368796337916722)]","[np.str_('(DET, ->, VERB, cop)'), np.str_('(NUM, ->, SYM, obl)'), np.str_('(X, ->, VERB, ccomp)'), np.str_('(VERB, ->, SCONJ, root)'), np.str_('(ADV, ->, VERB, parataxis)')]",Zoschenko
