,author_id,z_score,features,feature_stats,feature_names,author
0,0,"[np.float64(3.8901844972545474), np.float64(3.4847763451501605), np.float64(3.4521244462637513), np.float64(3.4311831434168876), np.float64(3.2963794968866407)]","[np.int64(733), np.int64(1842), np.int64(967), np.int64(1538), np.int64(1448)]","[np.float64(0.01638865856574776), np.float64(0.002152631430016832), np.float64(0.002152631430016832), np.float64(0.0018465857819503623), np.float64(0.0031768647272416863)]","[np.str_('(ADJ, ->, PROPN, appos)'), np.str_('(ADV, <-, ADJ, parataxis)'), np.str_('(PRON, ->, ADP, fixed)'), np.str_('(VERB, <-, ADV, xcomp)'), np.str_('(VERB, ->, NUM, ccomp)')]",Abgaryan
1,1,"[np.float64(8.158170240398247), np.float64(8.158170240398247), np.float64(6.3346460445859565), np.float64(2.8845402660843655), np.float64(2.832370370431881)]","[np.int64(875), np.int64(103), np.int64(974), np.int64(901), np.int64(1490)]","[np.float64(0.0005851259675076361), np.float64(0.0005851259675076361), np.float64(0.0005851259675076361), np.float64(0.0005851259675076361), np.float64(0.044896459780915214)]","[np.str_('(PART, ->, PART, conj)'), np.str_('(PROPN, <-, ADV, nmod)'), np.str_('(ADV, <-, PART, fixed)'), np.str_('(PROPN, ->, ADV, mark)'), np.str_('(ADJ, ->, ADV, conj)')]",Adamov
2,2,"[np.float64(5.631719024779759), np.float64(4.894902144238948), np.float64(4.894902144238946), np.float64(4.619906837306453), np.float64(3.2467347945766982)]","[np.int64(112), np.int64(375), np.int64(1892), np.int64(572), np.int64(623)]","[np.float64(0.01883629903262058), np.float64(0.00047208409970088806), np.float64(0.0005755714027711693), np.float64(0.00047208409970088806), np.float64(0.0005755714027711693)]","[np.str_('(ADJ, <-, DET, nmod)'), np.str_('(VERB, <-, INTJ, parataxis)'), np.str_('(ADJ, ->, CCONJ, conj)'), np.str_('(ADV, ->, PROPN, orphan)'), np.str_('(ADJ, <-, ADJ, iobj)')]",Aksakov
3,3,"[np.float64(9.271365393586171), np.float64(7.284028645404235), np.float64(6.424328745215853), np.float64(6.3510546488272706), np.float64(5.803509456589871)]","[np.int64(645), np.int64(657), np.int64(417), np.int64(227), np.int64(407)]","[np.float64(0.0062711716971282794), np.float64(0.0062711716971282794), np.float64(0.0062711716971282794), np.float64(0.0062711716971282794), np.float64(0.0062711716971282794)]","[np.str_('(PRON, ->, ADJ, nummod)'), np.str_('(ADJ, ->, VERB, advmod)'), np.str_('(VERB, <-, DET, parataxis)'), np.str_('(ADV, <-, DET, parataxis)'), np.str_('(ADJ, <-, ADV, parataxis)')]",AkuninBorisova
4,4,"[np.float64(8.158170240398247), np.float64(8.158170240398247), np.float64(6.600691650642883), np.float64(5.63625906303322), np.float64(5.255299185845161)]","[np.int64(1350), np.int64(537), np.int64(1785), np.int64(1422), np.int64(615)]","[np.float64(0.0009681571220546691), np.float64(0.0009681571220546691), np.float64(0.0013355784170852021), np.float64(0.0009681571220546691), np.float64(0.0009681571220546691)]","[np.str_('(PRON, ->, PART, conj)'), np.str_('(SCONJ, <-, ADJ, obl)'), np.str_('(ADV, ->, ADJ, obj)'), np.str_('(X, ->, VERB, advcl)'), np.str_('(NOUN, ->, ADJ, acl)')]",AkuninBrusnikin
5,5,"[np.float64(3.0736702803201297), np.float64(2.8680780696517827), np.float64(2.678411182880129), np.float64(2.664050207588045), np.float64(2.6086512642686093)]","[np.int64(866), np.int64(377), np.int64(1588), np.int64(1300), np.int64(310)]","[np.float64(0.005718074176230341), np.float64(0.07165550321196229), np.float64(0.016746084236603752), np.float64(0.000757786622146563), np.float64(0.000757786622146563)]","[np.str_('(PRON, <-, VERB, advmod)'), np.str_('(PROPN, ->, VERB, orphan)'), np.str_('(PRON, ->, INTJ, cc)'), np.str_('(ADV, <-, X, advmod)'), np.str_('(NOUN, <-, ADJ, punct)')]",Akunin
6,6,"[np.float64(2.553100459137968), np.float64(2.270741595193613), np.float64(2.1697881547871516), np.float64(2.1390649746827948), np.float64(2.0908800019465397)]","[np.int64(1684), np.int64(371), np.int64(1063), np.int64(1707), np.int64(1600)]","[np.float64(0.00627645674729075), np.float64(0.011144563609089756), np.float64(0.031279939694106376), np.float64(0.055767875458625576), np.float64(0.053497559604593035)]","[np.str_('(PART, <-, X, obl)'), np.str_('(ADJ, ->, X, obl)'), np.str_('(X, ->, ADP, conj)'), np.str_('(PRON, ->, ADP, acl)'), np.str_('(VERB, ->, NOUN, acl:relcl)')]",Aldanov
7,7,"[np.float64(5.789855944364911), np.float64(4.079085120199123), np.float64(4.079085120199122), np.float64(4.079085120199122), np.float64(4.079085120199122)]","[np.int64(848), np.int64(1171), np.int64(1595), np.int64(1606), np.int64(381)]","[np.float64(0.007390785906223902), np.float64(0.0032754787947575728), np.float64(0.000595979258589037), np.float64(0.000595979258589037), np.float64(0.000595979258589037)]","[np.str_('(NOUN, ->, SYM, nummod:entity)'), np.str_('(VERB, <-, ADJ, orphan)'), np.str_('(PRON, ->, SCONJ, orphan)'), np.str_('(NOUN, <-, PROPN, acl)'), np.str_('(VERB, <-, DET, conj)')]",Aleshkovsky
8,8,"[np.float64(11.53841223519292), np.float64(10.893299903113833), np.float64(9.662944654925555), np.float64(8.695554204835384), np.float64(8.61364962928451)]","[np.int64(141), np.int64(360), np.int64(166), np.int64(891), np.int64(39)]","[np.float64(0.07418455821564152), np.float64(0.007065196020537287), np.float64(0.007065196020537287), np.float64(0.0035325980102686436), np.float64(0.03443581594671481)]","[np.str_('(PUNCT, ->, ADV, root)'), np.str_('(NOUN, <-, PRON, nmod)'), np.str_('(PAD, ->, NOUN, conj)'), np.str_('(NUM, <-, ADJ, nsubj)'), np.str_('(ADJ, ->, PRON, nsubj)')]",Alexander Hofman
9,9,"[np.float64(7.9806418657895675), np.float64(6.58521311840171), np.float64(6.118627680298684), np.float64(6.118627680298684), np.float64(6.118627680298684)]","[np.int64(1538), np.int64(1992), np.int64(1250), np.int64(694), np.int64(1354)]","[np.float64(0.0017770405230561532), np.float64(0.009041097188779296), np.float64(0.008040737530874942), np.float64(0.0007766808651517977), np.float64(0.0007766808651517977)]","[np.str_('(VERB, <-, ADV, xcomp)'), np.str_('(VERB, ->, INTJ, advmod)'), np.str_('(ADV, <-, NOUN, det)'), np.str_('(PRON, ->, ADP, case)'), np.str_('(PUNCT, ->, PROPN, parataxis)')]",Astafiev
10,10,"[np.float64(6.118627680298684), np.float64(6.118627680298684), np.float64(6.118627680298683), np.float64(6.118627680298683), np.float64(5.918593525979272)]","[np.int64(1299), np.int64(855), np.int64(218), np.int64(313), np.int64(710)]","[np.float64(0.0024898731884883648), np.float64(0.00038589309263961093), np.float64(0.0006187600887384223), np.float64(0.0006187600887384223), np.float64(0.0024898731884883648)]","[np.str_('(VERB, ->, ADV, conj)'), np.str_('(NOUN, ->, VERB, obj)'), np.str_('(PRON, <-, ADV, root)'), np.str_('(NOUN, <-, NOUN, fixed)'), np.str_('(ADV, <-, NOUN, orphan)')]",Bakhtin
11,11,"[np.float64(13.875803429812727), np.float64(12.307833857192259), np.float64(9.436901728954918), np.float64(9.020191259883465), np.float64(4.918969480042771)]","[np.int64(1277), np.int64(1159), np.int64(1766), np.int64(1364), np.int64(1526)]","[np.float64(0.0025245451129217254), np.float64(0.0025245451129217254), np.float64(0.0025245451129217254), np.float64(0.0025245451129217254), np.float64(0.0025245451129217254)]","[np.str_('(PROPN, <-, ADJ, parataxis)'), np.str_('(NUM, <-, VERB, obl)'), np.str_('(PRON, ->, ADV, nsubj)'), np.str_('(PART, ->, INTJ, parataxis)'), np.str_('(INTJ, ->, NOUN, orphan)')]",Barinova
12,12,"[np.float64(24.474510721194736), np.float64(17.29248133517187), np.float64(5.0814076201589895), np.float64(4.961029145009675), np.float64(4.69573934634453)]","[np.int64(866), np.int64(48), np.int64(998), np.int64(934), np.int64(39)]","[np.float64(0.0015735248686227085), np.float64(0.01101467408035896), np.float64(0.001332722943659804), np.float64(0.0015735248686227085), np.float64(0.003147049737245417)]","[np.str_('(PRON, <-, VERB, advmod)'), np.str_('(CCONJ, <-, VERB, parataxis)'), np.str_('(NOUN, ->, VERB, cop)'), np.str_('(ADJ, <-, NOUN, nummod:gov)'), np.str_('(ADJ, ->, PRON, nsubj)')]",bashinform 202
13,13,"[np.float64(2.461432623196619), np.float64(2.4474510721194735), np.float64(2.385524106736426), np.float64(2.2707210926465367), np.float64(2.125123184592326)]","[np.int64(1843), np.int64(694), np.int64(1726), np.int64(222), np.int64(336)]","[np.float64(0.0016988482182576337), np.float64(0.0003003364097037684), np.float64(0.009677198558692634), np.float64(0.02089463953682937), np.float64(0.009677198558692634)]","[np.str_('(VERB, ->, PRON, iobj)'), np.str_('(PRON, ->, ADP, case)'), np.str_('(PROPN, ->, PROPN, amod)'), np.str_('(VERB, ->, ADP, obl)'), np.str_('(NOUN, <-, X, appos)')]",Belyaev
14,14,"[np.float64(4.513117592468793), np.float64(4.227436703698391), np.float64(3.474324701937278), np.float64(3.418288155396978), np.float64(3.059313840149343)]","[np.int64(1364), np.int64(794), np.int64(239), np.int64(615), np.int64(1726)]","[np.float64(0.01501804993978505), np.float64(0.005854560054893338), np.float64(0.06474580842519749), np.float64(0.009362089630448413), np.float64(0.0007284250184588026)]","[np.str_('(PART, ->, INTJ, parataxis)'), np.str_('(ADJ, ->, ADJ, amod)'), np.str_('(NOUN, <-, NOUN, mark)'), np.str_('(NOUN, ->, ADJ, acl)'), np.str_('(PROPN, ->, PROPN, amod)')]",Belyanin
15,15,"[np.float64(18.113823813553452), np.float64(15.972149302751303), np.float64(15.184238750809895), np.float64(15.061248902756438), np.float64(10.791627264696789)]","[np.int64(1367), np.int64(390), np.int64(319), np.int64(299), np.int64(229)]","[np.float64(0.003479185974484642), np.float64(0.027833487795877136), np.float64(0.003479185974484642), np.float64(0.003479185974484642), np.float64(0.013916743897938568)]","[np.str_('(PART, <-, DET, advmod)'), np.str_('(NOUN, ->, VERB, nmod)'), np.str_('(ADP, ->, NOUN, nsubj)'), np.str_('(PART, <-, VERB, conj)'), np.str_('(VERB, <-, VERB, iobj)')]",Bobkova
16,16,"[np.float64(6.118627680298684), np.float64(6.118627680298684), np.float64(4.281435594853317), np.float64(3.9666189037844832), np.float64(3.543489192207403)]","[np.int64(1652), np.int64(854), np.int64(1538), np.int64(238), np.int64(830)]","[np.float64(0.0011639625382511042), np.float64(0.0011639625382511042), np.float64(0.000768368725990564), np.float64(0.008339814352976642), np.float64(0.000768368725990564)]","[np.str_('(NOUN, <-, VERB, iobj)'), np.str_('(PART, ->, NOUN, punct)'), np.str_('(VERB, <-, ADV, xcomp)'), np.str_('(NOUN, <-, ADV, obj)'), np.str_('(VERB, <-, ADJ, conj)')]",BonchOsmolovskaya
17,17,"[np.float64(3.496358674456391), np.float64(3.4963586744563906), np.float64(3.4963586744563906), np.float64(3.4848055292100404), np.float64(3.41565518559732)]","[np.int64(1988), np.int64(325), np.int64(713), np.int64(1599), np.int64(1033)]","[np.float64(0.002414012694295035), np.float64(0.0005708053348846137), np.float64(0.0005708053348846137), np.float64(0.004064954365605664), np.float64(0.0014152405054252966)]","[np.str_('(X, <-, X, obj)'), np.str_('(NOUN, ->, PROPN, root)'), np.str_('(PAD, ->, PART, advmod)'), np.str_('(X, <-, VERB, appos)'), np.str_('(VERB, ->, VERB, fixed)')]",Brustein
18,18,"[np.float64(3.4731137118970308), np.float64(3.059313840149342), np.float64(2.988359850356964), np.float64(2.931869343035268), np.float64(2.713548215206815)]","[np.int64(1176), np.int64(75), np.int64(1629), np.int64(790), np.int64(407)]","[np.float64(0.004364390973540206), np.float64(0.0036808964957035905), np.float64(0.0012233307867695403), np.float64(0.007361792991407181), np.float64(0.0007686633392457834)]","[np.str_('(ADJ, <-, PART, nsubj)'), np.str_('(NUM, ->, VERB, acl:relcl)'), np.str_('(VERB, ->, PART, conj)'), np.str_('(NOUN, ->, NUM, orphan)'), np.str_('(ADJ, <-, ADV, parataxis)')]",Bulgakov
19,19,"[np.float64(2.2249555201086126), np.float64(2.2249555201086126), np.float64(2.177812638611682), np.float64(2.141154538938906), np.float64(1.930771200131159)]","[np.int64(912), np.int64(668), np.int64(377), np.int64(1807), np.int64(199)]","[np.float64(0.00034102004059308156), np.float64(0.00034102004059308156), np.float64(0.0005329922637436922), np.float64(0.008525501014827038), np.float64(0.00034102004059308156)]","[np.str_('(ADJ, <-, ADJ, nummod)'), np.str_('(PRON, <-, VERB, root)'), np.str_('(PROPN, ->, VERB, orphan)'), np.str_('(ADJ, <-, NOUN, advmod)'), np.str_('(PRON, ->, ADV, mark)')]",Bulychev
20,20,"[np.float64(2.9681699331195692), np.float64(2.8915015831370634), np.float64(2.5905473479059284), np.float64(2.447451072119473), np.float64(2.4087761538928945)]","[np.int64(1868), np.int64(940), np.int64(1829), np.int64(1740), np.int64(242)]","[np.float64(0.0020330212738676277), np.float64(0.0010684954439405244), np.float64(0.0018510106358989706), np.float64(0.0008535541942357055), np.float64(0.13390308558211425)]","[np.str_('(SCONJ, <-, PART, root)'), np.str_('(PROPN, <-, NOUN, nummod)'), np.str_('(INTJ, ->, INTJ, discourse)'), np.str_('(DET, <-, ADJ, root)'), np.str_('(VERB, ->, VERB, acl)')]",Bushkov
21,21,"[np.float64(4.10401176878738), np.float64(2.7732269399317415), np.float64(2.719390080132748), np.float64(2.534282664087734), np.float64(2.526334443588735)]","[np.int64(1519), np.int64(999), np.int64(706), np.int64(1785), np.int64(1855)]","[np.float64(0.06008783238691767), np.float64(0.02729533571842129), np.float64(0.0005928569954635344), np.float64(0.019602326122918883), np.float64(0.0050784076626136255)]","[np.str_('(VERB, <-, VERB, punct)'), np.str_('(PART, <-, PART, fixed)'), np.str_('(AUX, ->, ADJ, amod)'), np.str_('(ADV, ->, ADJ, obj)'), np.str_('(PRON, ->, INTJ, parataxis)')]",Bykov
22,22,"[np.float64(10.9212622491896), np.float64(7.714553274828333), np.float64(5.184623445246467), np.float64(3.3065089978695754), np.float64(2.3320469231382845)]","[np.int64(51), np.int64(140), np.int64(50), np.int64(23), np.int64(42)]","[np.float64(0.01838683727021946), np.float64(0.01838683727021946), np.float64(0.03568563619263084), np.float64(0.03677367454043892), np.float64(0.025956065444308847)]","[np.str_('(ADJ, <-, VERB, nsubj)'), np.str_('(ADV, <-, ADV, fixed)'), np.str_('(VERB, <-, VERB, advcl)'), np.str_('(PROPN, ->, ADV, obl)'), np.str_('(PROPN, <-, ADJ, iobj)')]",Chechin
23,23,"[np.float64(5.715808924628943), np.float64(5.112082280529207), np.float64(4.475671774306918), np.float64(4.398099968134373), np.float64(4.299041796401139)]","[np.int64(140), np.int64(697), np.int64(332), np.int64(1499), np.int64(7)]","[np.float64(0.09748627786298371), np.float64(0.06716711968452978), np.float64(0.008062890595747184), np.float64(0.003185094451139802), np.float64(0.1338492209098259)]","[np.str_('(ADV, <-, ADV, fixed)'), np.str_('(NOUN, ->, NOUN, punct)'), np.str_('(ADV, ->, NUM, conj)'), np.str_('(X, <-, PRON, amod)'), np.str_('(VERB, ->, ADP, parataxis)')]",Chekhov
24,24,"[np.float64(4.079085120199124), np.float64(4.079085120199124), np.float64(4.079085120199124), np.float64(4.079085120199122), np.float64(3.436649788250522)]","[np.int64(1289), np.int64(261), np.int64(891), np.int64(487), np.int64(1320)]","[np.float64(0.0005217359352057789), np.float64(0.0005217359352057789), np.float64(0.0005217359352057789), np.float64(0.00041060674334743693), np.float64(0.001210380627307)]","[np.str_('(DET, ->, VERB, discourse)'), np.str_('(PRON, <-, NUM, advmod)'), np.str_('(NUM, <-, ADJ, nsubj)'), np.str_('(NOUN, <-, SCONJ, root)'), np.str_('(PRON, <-, ADP, fixed)')]",Cherkasova
25,25,"[np.float64(12.541932637047779), np.float64(12.15584755390419), np.float64(11.938205089746338), np.float64(11.436663723569936), np.float64(11.257865918524965)]","[np.int64(494), np.int64(1543), np.int64(813), np.int64(336), np.int64(22)]","[np.float64(0.02323779778161437), np.float64(0.0843279379131617), np.float64(0.011145239152453416), np.float64(0.003267207175663696), np.float64(0.05419776923197451)]","[np.str_('(PART, ->, SCONJ, root)'), np.str_('(INTJ, <-, X, cc)'), np.str_('(PRON, <-, VERB, cc)'), np.str_('(NOUN, <-, X, appos)'), np.str_('(X, <-, PRON, advmod)')]",Convlab
26,26,"[np.float64(24.474510721194736), np.float64(24.474510721194736), np.float64(24.474510721194736), np.float64(10.323421547969543), np.float64(9.156746222869522)]","[np.int64(320), np.int64(1051), np.int64(1983), np.int64(1904), np.int64(1081)]","[np.float64(0.000947605084789913), np.float64(0.000947605084789913), np.float64(0.000947605084789913), np.float64(0.000947605084789913), np.float64(0.000947605084789913)]","[np.str_('(NUM, ->, PRON, iobj)'), np.str_('(ADJ, ->, NUM, amod)'), np.str_('(PAD, ->, NOUN, obl)'), np.str_('(NOUN, <-, ADV, conj)'), np.str_('(PROPN, <-, NOUN, appos)')]",Derevyanko
27,27,"[np.float64(22.763364077829348), np.float64(20.36879457935334), np.float64(12.005841132129797), np.float64(9.248561185455126), np.float64(8.649269760639177)]","[np.int64(19), np.int64(214), np.int64(16), np.int64(254), np.int64(50)]","[np.float64(0.01810043793579237), np.float64(0.06381992713807293), np.float64(0.03620087587158474), np.float64(0.01810043793579237), np.float64(0.01810043793579237)]","[np.str_('(VERB, <-, ADV, parataxis)'), np.str_('(PRON, ->, NOUN, root)'), np.str_('(PRON, ->, ADV, advmod)'), np.str_('(PRON, ->, DET, acl)'), np.str_('(VERB, <-, VERB, advcl)')]",DoctorPiter
28,28,"[np.float64(3.791654716416054), np.float64(3.025324149878867), np.float64(3.0029486765036704), np.float64(2.9866342983713525), np.float64(2.842972612945842)]","[np.int64(958), np.int64(1928), np.int64(1326), np.int64(1714), np.int64(803)]","[np.float64(0.0032534521305219517), np.float64(0.002371817208967281), np.float64(0.0021492558736611422), np.float64(0.00659625328259819), np.float64(0.0007771362310960491)]","[np.str_('(PAD, <-, VERB, obl)'), np.str_('(ADJ, ->, ADV, nsubj)'), np.str_('(VERB, <-, ADJ, root)'), np.str_('(SCONJ, <-, ADV, root)'), np.str_('(PART, <-, NOUN, punct)')]",Dombrowski
29,29,"[np.float64(16.778789669521327), np.float64(12.982604006012805), np.float64(7.581478523322159), np.float64(7.17409193913863), np.float64(6.383100268489034)]","[np.int64(1652), np.int64(1767), np.int64(1918), np.int64(129), np.int64(1856)]","[np.float64(0.0018055439954597111), np.float64(0.0018055439954597111), np.float64(0.0018055439954597111), np.float64(0.0018055439954597111), np.float64(0.0018055439954597111)]","[np.str_('(NOUN, <-, VERB, iobj)'), np.str_('(ADV, ->, PUNCT, amod)'), np.str_('(PRON, <-, DET, obl)'), np.str_('(ADJ, <-, DET, advcl)'), np.str_('(PART, ->, NOUN, nsubj)')]",Doronina
30,30,"[np.float64(2.8381954251434824), np.float64(2.8267459197771205), np.float64(2.473256804872581), np.float64(2.4256747025464223), np.float64(2.423412586759087)]","[np.int64(284), np.int64(1387), np.int64(738), np.int64(21), np.int64(1776)]","[np.float64(0.02712027511979599), np.float64(0.011611599791987753), np.float64(0.004759233421019105), np.float64(0.008413366185761528), np.float64(0.005361072592739351)]","[np.str_('(VERB, ->, VERB, mark)'), np.str_('(VERB, ->, CCONJ, aux)'), np.str_('(CCONJ, ->, VERB, acl:relcl)'), np.str_('(SYM, <-, PROPN, parataxis)'), np.str_('(VERB, <-, PAD, orphan)')]",Dostoevsky
31,31,"[np.float64(3.4963586744563906), np.float64(3.430166331075438), np.float64(3.3269555563008315), np.float64(3.269628261121486), np.float64(3.147526536125737)]","[np.int64(1569), np.int64(309), np.int64(299), np.int64(196), np.int64(922)]","[np.float64(0.0019127900818955395), np.float64(0.014722555201900625), np.float64(0.013486967061782873), np.float64(0.008183756299206988), np.float64(0.015258047290018886)]","[np.str_('(ADV, <-, PROPN, advmod)'), np.str_('(PART, ->, NOUN, fixed)'), np.str_('(PART, <-, VERB, conj)'), np.str_('(ADP, ->, PART, root)'), np.str_('(ADJ, <-, PRON, conj)')]",Dovlatov
32,32,"[np.float64(7.176951257644576), np.float64(6.118627680298686), np.float64(5.799341924467737), np.float64(5.7013146131893455), np.float64(5.535107895631841)]","[np.int64(227), np.int64(17), np.int64(267), np.int64(1733), np.int64(939)]","[np.float64(0.0028805872091857746), np.float64(0.0007225170204367141), np.float64(0.002566165714690398), np.float64(0.0005627138147646381), np.float64(0.0031288795294550364)]","[np.str_('(ADV, <-, DET, parataxis)'), np.str_('(PRON, ->, ADJ, orphan)'), np.str_('(VERB, ->, NOUN, advcl)'), np.str_('(PROPN, <-, INTJ, root)'), np.str_('(PRON, ->, ADP, conj)')]",Dragunski
33,33,"[np.float64(6.710558959714737), np.float64(6.279727101350616), np.float64(6.0626082321986745), np.float64(3.607420076199387), np.float64(3.5609894921795404)]","[np.int64(195), np.int64(88), np.int64(200), np.int64(111), np.int64(42)]","[np.float64(0.0296440845785171), np.float64(0.0296440845785171), np.float64(0.0296440845785171), np.float64(0.014049602478430756), np.float64(0.030741591553603557)]","[np.str_('(PROPN, <-, NOUN, amod)'), np.str_('(ADJ, <-, ADJ, nsubj)'), np.str_('(ADV, <-, ADJ, conj)'), np.str_('(VERB, <-, PART, parataxis)'), np.str_('(PROPN, <-, ADJ, iobj)')]",Drobyshevsky Rupasova
34,34,"[np.float64(11.565195764841182), np.float64(11.532654082016927), np.float64(11.51670504465281), np.float64(11.014218090015788), np.float64(10.83049591100749)]","[np.int64(50), np.int64(400), np.int64(51), np.int64(1539), np.int64(17)]","[np.float64(0.12220033513073514), np.float64(0.08441553810429865), np.float64(0.014415622181744173), np.float64(0.030807565038269036), np.float64(0.15252929272062588)]","[np.str_('(VERB, <-, VERB, advcl)'), np.str_('(ADJ, <-, ADV, advcl)'), np.str_('(ADJ, <-, VERB, nsubj)'), np.str_('(X, <-, VERB, advcl)'), np.str_('(PRON, ->, ADJ, orphan)')]",Drobyshevsky
35,35,"[np.float64(6.440119507446179), np.float64(4.824580833340157), np.float64(4.5042736962131915), np.float64(4.486270775315193), np.float64(4.178761547285711)]","[np.int64(724), np.int64(1675), np.int64(1993), np.int64(51), np.int64(111)]","[np.float64(0.004664986412998274), np.float64(0.004664986412998274), np.float64(0.004664986412998274), np.float64(0.009329972825996548), np.float64(0.023324932064991373)]","[np.str_('(PART, <-, PRON, orphan)'), np.str_('(NOUN, <-, ADJ, parataxis)'), np.str_('(SCONJ, ->, ADV, nsubj)'), np.str_('(ADJ, <-, VERB, nsubj)'), np.str_('(VERB, <-, PART, parataxis)')]",Dubchak
36,36,"[np.float64(9.463689477729059), np.float64(6.7518680077542905), np.float64(5.193351404983654), np.float64(4.877639697026979), np.float64(4.032427338103382)]","[np.int64(50), np.int64(140), np.int64(33), np.int64(940), np.int64(19)]","[np.float64(0.03959278076585589), np.float64(0.04516447794859916), np.float64(0.05938917114878383), np.float64(0.0034678941812830216), np.float64(0.03959278076585589)]","[np.str_('(VERB, <-, VERB, advcl)'), np.str_('(ADV, <-, ADV, fixed)'), np.str_('(NOUN, ->, VERB, amod)'), np.str_('(PROPN, <-, NOUN, nummod)'), np.str_('(VERB, <-, ADV, parataxis)')]",EdimDoma
37,37,"[np.float64(3.9441975995509413), np.float64(2.9862108383440233), np.float64(2.7956670322456576), np.float64(2.7193900801327486), np.float64(2.719390080132748)]","[np.int64(0), np.int64(1320), np.int64(3), np.int64(739), np.int64(1164)]","[np.float64(0.09652353645529858), np.float64(0.030147663583039188), np.float64(0.09359810918359265), np.float64(0.00035116529653070783), np.float64(0.0004405645203727745)]","[np.str_('(DET, ->, VERB, cop)'), np.str_('(PRON, <-, ADP, fixed)'), np.str_('(CCONJ, <-, ADV, root)'), np.str_('(PRON, <-, NOUN, acl:relcl)'), np.str_('(VERB, ->, X, case)')]",Efremov
38,38,"[np.float64(8.158170240398247), np.float64(8.158170240398247), np.float64(8.158170240398245), np.float64(8.158170240398245), np.float64(8.158170240398245)]","[np.int64(1900), np.int64(1397), np.int64(1679), np.int64(1437), np.int64(1007)]","[np.float64(0.0007188583162448178), np.float64(0.0007188583162448178), np.float64(0.0010522076183672627), np.float64(0.0010522076183672627), np.float64(0.0010522076183672627)]","[np.str_('(SCONJ, <-, ADP, mark)'), np.str_('(DET, ->, X, appos)'), np.str_('(PROPN, ->, PUNCT, root)'), np.str_('(ADP, ->, INTJ, appos)'), np.str_('(ADP, ->, NOUN, amod)')]",Epstein
39,39,"[np.float64(4.894902144238948), np.float64(4.678159825702434), np.float64(4.445153604809029), np.float64(4.3980952028963305), np.float64(4.273646653269894)]","[np.int64(1524), np.int64(1083), np.int64(264), np.int64(1992), np.int64(274)]","[np.float64(0.0007245885435128037), np.float64(0.0007245885435128037), np.float64(0.0007245885435128037), np.float64(0.0020139675703586633), np.float64(0.0007245885435128037)]","[np.str_('(VERB, ->, PRON, root)'), np.str_('(NOUN, ->, ADV, obl)'), np.str_('(PRON, ->, CCONJ, cc)'), np.str_('(VERB, ->, INTJ, advmod)'), np.str_('(ADV, ->, NOUN, obj)')]",Exler
40,40,"[np.float64(6.118627680298683), np.float64(4.251854932604841), np.float64(3.9146091357238637), np.float64(2.9295551617291262), np.float64(2.624947897128029)]","[np.int64(442), np.int64(1171), np.int64(1254), np.int64(1060), np.int64(643)]","[np.float64(0.0006405367710927438), np.float64(0.0007079514511356741), np.float64(0.0007079514511356741), np.float64(0.0007079514511356741), np.float64(0.0006820555269280996)]","[np.str_('(PROPN, <-, X, nsubj)'), np.str_('(VERB, <-, ADJ, orphan)'), np.str_('(VERB, <-, VERB, appos)'), np.str_('(NOUN, ->, PROPN, amod)'), np.str_('(ADV, <-, VERB, nsubj)')]",Fadeev
41,41,"[np.float64(4.894902144238949), np.float64(4.894902144238948), np.float64(4.578550105209262), np.float64(4.3388784439786185), np.float64(4.036551339674117)]","[np.int64(830), np.int64(1159), np.int64(812), np.int64(701), np.int64(35)]","[np.float64(0.0009934799054954382), np.float64(0.001096539600690028), np.float64(0.0011385702986003376), np.float64(0.0011385702986003376), np.float64(0.004974072645789687)]","[np.str_('(VERB, <-, ADJ, conj)'), np.str_('(NUM, <-, VERB, obl)'), np.str_('(INTJ, ->, ADJ, acl:relcl)'), np.str_('(PROPN, ->, ADP, case)'), np.str_('(NOUN, ->, ADV, advmod)')]",Furmanov
42,42,"[np.float64(8.158170240398242), np.float64(8.158170240398242), np.float64(8.158170240398242), np.float64(8.158170240398242), np.float64(8.158170240398242)]","[np.int64(603), np.int64(1218), np.int64(1583), np.int64(1643), np.int64(1139)]","[np.float64(0.002694768416626954), np.float64(0.001347384208313477), np.float64(0.001347384208313477), np.float64(0.001347384208313477), np.float64(0.001347384208313477)]","[np.str_('(ADV, <-, VERB, advcl)'), np.str_('(NOUN, ->, SCONJ, cc)'), np.str_('(CCONJ, ->, ADJ, root)'), np.str_('(DET, ->, PROPN, advcl)'), np.str_('(PROPN, ->, ADJ, case)')]",Gachev
43,43,"[np.float64(12.237255360597365), np.float64(12.237255360597365), np.float64(12.040532431554245), np.float64(12.02041995031928), np.float64(11.135926333236803)]","[np.int64(441), np.int64(1167), np.int64(313), np.int64(783), np.int64(661)]","[np.float64(0.00912069333246716), np.float64(0.00912069333246716), np.float64(0.027362079997401485), np.float64(0.011268775122115337), np.float64(0.00912069333246716)]","[np.str_('(ADV, ->, PART, aux)'), np.str_('(NOUN, <-, PROPN, nmod)'), np.str_('(NOUN, <-, NOUN, fixed)'), np.str_('(PART, <-, NOUN, nsubj)'), np.str_('(NOUN, <-, PRON, parataxis)')]",Gasymov
44,44,"[np.float64(6.118627680298687), np.float64(6.118627680298683), np.float64(6.118627680298683), np.float64(4.277740098564716), np.float64(4.257514367424939)]","[np.int64(1250), np.int64(1347), np.int64(345), np.int64(1081), np.int64(979)]","[np.float64(0.0009092184584450461), np.float64(0.0007473715779046046), np.float64(0.0007473715779046046), np.float64(0.0009092184584450461), np.float64(0.001733420057904942)]","[np.str_('(ADV, <-, NOUN, det)'), np.str_('(VERB, ->, ADV, root)'), np.str_('(AUX, ->, PRON, root)'), np.str_('(PROPN, <-, NOUN, appos)'), np.str_('(X, ->, PUNCT, punct)')]",Gaydar
45,45,"[np.float64(24.474510721194733), np.float64(14.200904115540682), np.float64(7.524003805525926), np.float64(4.46028695273205), np.float64(3.706386252907792)]","[np.int64(385), np.int64(277), np.int64(458), np.int64(51), np.int64(117)]","[np.float64(0.01661255347359357), np.float64(0.01661255347359357), np.float64(0.01661255347359357), np.float64(0.06645021389437428), np.float64(0.08306276736796785)]","[np.str_('(DET, ->, PRON, nmod)'), np.str_('(ADV, <-, VERB, discourse)'), np.str_('(ADV, ->, VERB, parataxis)'), np.str_('(ADJ, <-, VERB, nsubj)'), np.str_('(INTJ, ->, NOUN, nsubj)')]",GazetaRu
46,46,"[np.float64(5.424951605095015), np.float64(5.309773086145542), np.float64(4.502198667595222), np.float64(3.9698859166428173), np.float64(3.6507724621240674)]","[np.int64(313), np.int64(1149), np.int64(1556), np.int64(779), np.int64(1449)]","[np.float64(0.0008900405064857453), np.float64(0.0008900405064857453), np.float64(0.0008900405064857453), np.float64(0.000219969239034624), np.float64(0.0008900405064857453)]","[np.str_('(NOUN, <-, NOUN, fixed)'), np.str_('(PROPN, <-, VERB, orphan)'), np.str_('(SCONJ, <-, PART, fixed)'), np.str_('(PROPN, ->, ADJ, conj)'), np.str_('(VERB, <-, NOUN, nmod)')]",Gelb
47,47,"[np.float64(23.898577341034485), np.float64(15.5292017234244), np.float64(9.656850824119786), np.float64(8.516995763583486), np.float64(7.587866616905959)]","[np.int64(1124), np.int64(195), np.int64(866), np.int64(1020), np.int64(96)]","[np.float64(0.010376356062843739), np.float64(0.010376356062843739), np.float64(0.0020752712125687474), np.float64(0.010376356062843739), np.float64(0.0020752712125687474)]","[np.str_('(PROPN, ->, PROPN, fixed)'), np.str_('(PROPN, <-, NOUN, amod)'), np.str_('(PRON, <-, VERB, advmod)'), np.str_('(PUNCT, <-, PROPN, appos)'), np.str_('(AUX, ->, PROPN, nsubj)')]",Gorelov
48,48,"[np.float64(14.274600406598374), np.float64(10.549959450439175), np.float64(5.25340393188449), np.float64(5.193134435408013), np.float64(4.297696131963154)]","[np.int64(226), np.int64(19), np.int64(51), np.int64(153), np.int64(35)]","[np.float64(0.011331527210900734), np.float64(0.045326108843602934), np.float64(0.011331527210900734), np.float64(0.03100875864891108), np.float64(0.0339945816327022)]","[np.str_('(SYM, ->, NOUN, conj)'), np.str_('(VERB, <-, ADV, parataxis)'), np.str_('(ADJ, <-, VERB, nsubj)'), np.str_('(ADV, <-, SYM, conj)'), np.str_('(NOUN, ->, ADV, advmod)')]",GorVestnik
49,49,"[np.float64(4.076859981906329), np.float64(4.075863815710895), np.float64(4.067578437798056), np.float64(4.067349890348038), np.float64(4.045901765479061)]","[np.int64(900), np.int64(643), np.int64(1904), np.int64(640), np.int64(12)]","[np.float64(0.04218726263188972), np.float64(0.04670732648530647), np.float64(0.12656178789566913), np.float64(0.12204172404225239), np.float64(0.0020184954808218536)]","[np.str_('(VERB, ->, ADJ, parataxis)'), np.str_('(ADV, <-, VERB, nsubj)'), np.str_('(NOUN, <-, ADV, conj)'), np.str_('(NOUN, ->, PRON, parataxis)'), np.str_('(ADJ, ->, ADP, discourse)')]",Granin
50,50,"[np.float64(3.059313840149343), np.float64(3.059313840149342), np.float64(3.059313840149342), np.float64(3.0593138401493416), np.float64(3.0593138401493416)]","[np.int64(349), np.int64(1978), np.int64(830), np.int64(1167), np.int64(1232)]","[np.float64(0.0009216838644274612), np.float64(0.0007892908993297056), np.float64(0.0007892908993297056), np.float64(0.0005796333627348772), np.float64(0.0005796333627348772)]","[np.str_('(PRON, <-, NUM, conj)'), np.str_('(PART, <-, PART, discourse)'), np.str_('(VERB, <-, ADJ, conj)'), np.str_('(NOUN, <-, PROPN, nmod)'), np.str_('(NOUN, ->, AUX, parataxis)')]",Grekova
51,51,"[np.float64(3.059313840149342), np.float64(3.059313840149341), np.float64(3.059313840149341), np.float64(2.6891263882259167), np.float64(2.677749277902981)]","[np.int64(240), np.int64(643), np.int64(1726), np.int64(1046), np.int64(42)]","[np.float64(0.0005111104122260971), np.float64(0.00039383080676636196), np.float64(0.00039383080676636196), np.float64(0.001362082802078231), np.float64(0.001362082802078231)]","[np.str_('(ADJ, <-, DET, conj)'), np.str_('(ADV, <-, VERB, nsubj)'), np.str_('(PROPN, ->, PROPN, amod)'), np.str_('(PART, <-, SCONJ, root)'), np.str_('(PROPN, <-, ADJ, iobj)')]",Grin
52,52,"[np.float64(16.456021759901443), np.float64(15.288706117312776), np.float64(12.35983159521924), np.float64(12.237255360597368), np.float64(11.755485241456771)]","[np.int64(1052), np.int64(938), np.int64(883), np.int64(1555), np.int64(813)]","[np.float64(0.004781252570171433), np.float64(0.004781252570171433), np.float64(0.004781252570171433), np.float64(0.00229512248909697), np.float64(0.004781252570171433)]","[np.str_('(NUM, ->, DET, det)'), np.str_('(PROPN, ->, PROPN, nmod)'), np.str_('(VERB, <-, NOUN, obl)'), np.str_('(SYM, ->, NUM, nummod)'), np.str_('(PRON, <-, VERB, cc)')]",Gusev
53,53,"[np.float64(24.474510721194736), np.float64(21.832677863058258), np.float64(10.494162466592014), np.float64(9.264242141498011), np.float64(8.831414246298145)]","[np.int64(200), np.int64(7), np.int64(274), np.int64(39), np.int64(401)]","[np.float64(0.013003755663481548), np.float64(0.045513144822185436), np.float64(0.003250938915870387), np.float64(0.03386709891111759), np.float64(0.013003755663481548)]","[np.str_('(ADV, <-, ADJ, conj)'), np.str_('(VERB, ->, ADP, parataxis)'), np.str_('(ADV, ->, NOUN, obj)'), np.str_('(ADJ, ->, PRON, nsubj)'), np.str_('(DET, ->, VERB, root)')]",Gusiatnikova
54,54,"[np.float64(4.894902144238948), np.float64(4.894902144238947), np.float64(4.894902144238947), np.float64(4.894902144238947), np.float64(4.082834969364142)]","[np.int64(1611), np.int64(783), np.int64(1557), np.int64(780), np.int64(687)]","[np.float64(0.00043396494381371393), np.float64(0.0004951864653665143), np.float64(0.0004375075454834067), np.float64(0.0003483625491020213), np.float64(0.0003483625491020213)]","[np.str_('(PRON, ->, SCONJ, parataxis)'), np.str_('(PART, <-, NOUN, nsubj)'), np.str_('(PROPN, <-, ADJ, det)'), np.str_('(PRON, ->, PRON, acl)'), np.str_('(PRON, ->, PART, mark)')]",Hoffman
55,55,"[np.float64(2.9388263323724364), np.float64(2.7193900801327486), np.float64(2.7193900801327486), np.float64(2.2859665869883607), np.float64(2.2542025412390743)]","[np.int64(438), np.int64(149), np.int64(1294), np.int64(278), np.int64(1333)]","[np.float64(0.003509125747344076), np.float64(0.0010279107496740424), np.float64(0.0010279107496740424), np.float64(0.0008160900126177699), np.float64(0.0008507869966438967)]","[np.str_('(NOUN, ->, CCONJ, discourse)'), np.str_('(X, ->, PART, discourse)'), np.str_('(X, <-, ADJ, advcl)'), np.str_('(NUM, ->, ADV, nummod:gov)'), np.str_('(ADV, ->, NOUN, parataxis)')]",Kassil
56,56,"[np.float64(2.651221307720105), np.float64(2.433213088176635), np.float64(1.9756683950976104), np.float64(1.864576578035374), np.float64(1.7937800833364894)]","[np.int64(965), np.int64(669), np.int64(1176), np.int64(1595), np.int64(493)]","[np.float64(0.0009868100289258687), np.float64(0.0005531711848511947), np.float64(0.0006007629745738383), np.float64(0.0015214868442937235), np.float64(0.0007872103093976208)]","[np.str_('(INTJ, ->, VERB, csubj)'), np.str_('(ADV, <-, PROPN, punct)'), np.str_('(ADJ, <-, PART, nsubj)'), np.str_('(PRON, ->, SCONJ, orphan)'), np.str_('(INTJ, ->, NOUN, obj)')]",Kataev
57,57,"[np.float64(2.0821915334227064), np.float64(1.8409315748661428), np.float64(1.8197333059877214), np.float64(1.8020910320421835), np.float64(1.7650148284382343)]","[np.int64(461), np.int64(1639), np.int64(91), np.int64(378), np.int64(915)]","[np.float64(0.02241885384225679), np.float64(0.002679945686281832), np.float64(0.013400266663423996), np.float64(0.0005351209135048687), np.float64(0.002679945686281832)]","[np.str_('(PROPN, <-, ADJ, punct)'), np.str_('(SCONJ, ->, PRON, fixed)'), np.str_('(DET, ->, PART, orphan)'), np.str_('(NUM, ->, ADJ, advmod)'), np.str_('(PRON, <-, ADJ, iobj)')]",Kaverin
58,58,"[np.float64(22.408078733356287), np.float64(20.06405177792994), np.float64(19.52205653504591), np.float64(10.591994252648037), np.float64(9.97543831293499)]","[np.int64(228), np.int64(19), np.int64(474), np.int64(354), np.int64(413)]","[np.float64(0.006481026857099109), np.float64(0.006481026857099109), np.float64(0.006481026857099109), np.float64(0.019443080571297327), np.float64(0.021867136982949453)]","[np.str_('(NUM, ->, NOUN, flat)'), np.str_('(VERB, <-, ADV, parataxis)'), np.str_('(NUM, <-, NOUN, nsubj)'), np.str_('(PRON, ->, ADV, fixed)'), np.str_('(PRON, ->, NOUN, nsubj)')]",Kirsanova Anodina Aksenov
59,59,"[np.float64(12.23725536059737), np.float64(12.23725536059737), np.float64(12.237255360597365), np.float64(12.237255360597365), np.float64(11.335004524599452)]","[np.int64(1524), np.int64(1466), np.int64(16), np.int64(38), np.int64(96)]","[np.float64(0.001301964390848103), np.float64(0.00032549109771202577), np.float64(0.004939338478171045), np.float64(0.004939338478171045), np.float64(0.004939338478171045)]","[np.str_('(VERB, ->, PRON, root)'), np.str_('(VERB, <-, ADV, nsubj)'), np.str_('(PRON, ->, ADV, advmod)'), np.str_('(NOUN, <-, ADV, punct)'), np.str_('(AUX, ->, PROPN, nsubj)')]",Knabe
60,60,"[np.float64(21.89095390132235), np.float64(12.683175322971604), np.float64(7.818537078977903), np.float64(7.103658596242059), np.float64(5.699004786278616)]","[np.int64(240), np.int64(50), np.int64(86), np.int64(292), np.int64(709)]","[np.float64(0.011205864180114468), np.float64(0.011205864180114468), np.float64(0.011205864180114468), np.float64(0.011205864180114468), np.float64(0.015354049422782118)]","[np.str_('(ADJ, <-, DET, conj)'), np.str_('(VERB, <-, VERB, advcl)'), np.str_('(NOUN, <-, VERB, nmod)'), np.str_('(ADJ, ->, ADP, advmod)'), np.str_('(AUX, <-, VERB, conj)')]",Koni
61,61,"[np.float64(4.894902144238946), np.float64(4.894902144238945), np.float64(4.894902144238945), np.float64(3.6981513948637406), np.float64(3.5747666265285383)]","[np.int64(699), np.int64(385), np.int64(1745), np.int64(1127), np.int64(1035)]","[np.float64(0.0005569615763644754), np.float64(0.00045713450787478817), np.float64(0.00045713450787478817), np.float64(0.00045713450787478817), np.float64(0.00045713450787478817)]","[np.str_('(NOUN, <-, ADV, iobj)'), np.str_('(DET, ->, PRON, nmod)'), np.str_('(VERB, ->, NUM, obl)'), np.str_('(NUM, ->, SCONJ, cc)'), np.str_('(X, <-, NOUN, discourse)')]",Kozlov
62,62,"[np.float64(2.3723807210016696), np.float64(2.245079801222631), np.float64(2.1717881777095323), np.float64(1.748179337228195), np.float64(1.7158528187485738)]","[np.int64(39), np.int64(1807), np.int64(84), np.int64(1916), np.int64(425)]","[np.float64(0.027570428703372642), np.float64(0.002512605646426247), np.float64(0.002512605646426247), np.float64(0.0007108342216552865), np.float64(0.0008011771348902681)]","[np.str_('(ADJ, ->, PRON, nsubj)'), np.str_('(ADJ, <-, NOUN, advmod)'), np.str_('(PART, ->, NOUN, nmod)'), np.str_('(ADP, ->, PROPN, nsubj)'), np.str_('(VERB, <-, PROPN, appos)')]",Krapivin
63,63,"[np.float64(2.4294323682622405), np.float64(2.0134241854978296), np.float64(1.908170906383053), np.float64(1.5931275585939602), np.float64(1.588168616751687)]","[np.int64(1373), np.int64(1695), np.int64(1732), np.int64(94), np.int64(1449)]","[np.float64(0.0014288458566011335), np.float64(0.015192819182183272), np.float64(0.0044488038366733585), np.float64(0.001287460046432394), np.float64(0.0008187008796684565)]","[np.str_('(PRON, <-, VERB, punct)'), np.str_('(VERB, <-, PROPN, conj)'), np.str_('(VERB, ->, ADP, cc)'), np.str_('(ADJ, ->, PROPN, advcl)'), np.str_('(VERB, <-, NOUN, nmod)')]",Kuprin
64,64,"[np.float64(8.158170240398247), np.float64(8.060595913894218), np.float64(7.802071469399937), np.float64(6.972728587536592), np.float64(6.852607284116469)]","[np.int64(1299), np.int64(662), np.int64(1028), np.int64(783), np.int64(1951)]","[np.float64(0.002673860939484132), np.float64(0.004700369904374516), np.float64(0.002673860939484132), np.float64(0.005347721878968264), np.float64(0.002673860939484132)]","[np.str_('(VERB, ->, ADV, conj)'), np.str_('(PART, <-, X, fixed)'), np.str_('(NOUN, ->, PRON, mark)'), np.str_('(PART, <-, NOUN, nsubj)'), np.str_('(NOUN, <-, ADJ, nsubj)')]",Lermontov
65,65,"[np.float64(4.296684367809504), np.float64(4.271360323177657), np.float64(4.082476589292054), np.float64(4.066651170481435), np.float64(3.8931843864408315)]","[np.int64(1074), np.int64(1458), np.int64(211), np.int64(236), np.int64(310)]","[np.float64(0.00860058092552474), np.float64(0.025665684344446053), np.float64(0.03387258430281218), np.float64(0.06135036677396311), np.float64(0.003487874496240499)]","[np.str_('(NUM, ->, ADV, nsubj)'), np.str_('(AUX, ->, NOUN, orphan)'), np.str_('(PRON, ->, X, nummod)'), np.str_('(SCONJ, ->, VERB, appos)'), np.str_('(NOUN, <-, ADJ, punct)')]",Losev
66,66,"[np.float64(9.73456337060287), np.float64(5.309445918346678), np.float64(4.901863034262811), np.float64(3.7629673931469383), np.float64(3.6938595003190637)]","[np.int64(1176), np.int64(1732), np.int64(34), np.int64(797), np.int64(1299)]","[np.float64(0.0024824783496643246), np.float64(0.0024824783496643246), np.float64(0.0074474350489929725), np.float64(0.0138443655834931), np.float64(0.0024824783496643246)]","[np.str_('(ADJ, <-, PART, nsubj)'), np.str_('(VERB, ->, ADP, cc)'), np.str_('(ADJ, <-, ADJ, advmod)'), np.str_('(ADJ, ->, CCONJ, advmod)'), np.str_('(VERB, ->, ADV, conj)')]",Lubimova
67,67,"[np.float64(3.865834060552268), np.float64(3.394569241599884), np.float64(3.34404378137915), np.float64(2.974555176175113), np.float64(2.9309580639349115)]","[np.int64(676), np.int64(967), np.int64(1798), np.int64(166), np.int64(1209)]","[np.float64(0.00302281133721797), np.float64(0.000866039620675097), np.float64(0.001429379398911643), np.float64(0.0008139528384410483), np.float64(0.0007889341044125019)]","[np.str_('(NOUN, <-, VERB, obj)'), np.str_('(PRON, ->, ADP, fixed)'), np.str_('(ADJ, <-, NOUN, obj)'), np.str_('(PAD, ->, NOUN, conj)'), np.str_('(NOUN, ->, ADP, cc)')]",Lukyanenko
68,68,"[np.float64(17.854686808236682), np.float64(8.563031774398498), np.float64(7.67007490669964), np.float64(4.377405449743162), np.float64(4.271582998086319)]","[np.int64(1983), np.int64(1542), np.int64(1616), np.int64(1733), np.int64(1931)]","[np.float64(0.0018827740043387397), np.float64(0.0018827740043387397), np.float64(0.0018827740043387397), np.float64(0.0018827740043387397), np.float64(0.0018827740043387397)]","[np.str_('(PAD, ->, NOUN, obl)'), np.str_('(PAD, <-, VERB, parataxis)'), np.str_('(NOUN, ->, PRON, amod)'), np.str_('(PROPN, <-, INTJ, root)'), np.str_('(ADP, ->, PROPN, obl)')]",Lungu
69,69,"[np.float64(7.529518247733995), np.float64(6.881436889956687), np.float64(6.363314427051131), np.float64(5.839309003143493), np.float64(5.8182184521290825)]","[np.int64(1041), np.int64(1872), np.int64(1954), np.int64(100), np.int64(12)]","[np.float64(0.040679234956765564), np.float64(0.04727806942628922), np.float64(0.053712234168661485), np.float64(0.0816365815748822), np.float64(0.04735673734266162)]","[np.str_('(X, ->, PROPN, nsubj)'), np.str_('(CCONJ, ->, VERB, parataxis)'), np.str_('(VERB, <-, ADJ, ccomp)'), np.str_('(ADJ, <-, NUM, advcl)'), np.str_('(ADJ, ->, ADP, discourse)')]",Makushinskiyi
70,70,"[np.float64(13.155962403301528), np.float64(11.88813628417061), np.float64(10.760408592078118), np.float64(10.760408592078118), np.float64(10.353064215486596)]","[np.int64(1775), np.int64(1728), np.int64(1569), np.int64(640), np.int64(302)]","[np.float64(0.005646884689898186), np.float64(0.003883702272714809), np.float64(0.0027008022517406613), np.float64(0.0027008022517406613), np.float64(0.009754701466475382)]","[np.str_('(ADV, <-, PRON, advmod)'), np.str_('(PUNCT, ->, PART, advmod)'), np.str_('(ADV, <-, PROPN, advmod)'), np.str_('(NOUN, ->, PRON, parataxis)'), np.str_('(PART, ->, PRON, nsubj)')]",Malevish
71,71,"[np.float64(3.698136929990698), np.float64(3.311574216343177), np.float64(2.0809977792473986), np.float64(1.7287363234411868), np.float64(1.6427371725768996)]","[np.int64(572), np.int64(1078), np.int64(303), np.int64(1187), np.int64(403)]","[np.float64(0.048487973532687224), np.float64(0.03381527842461094), np.float64(0.029343270781542363), np.float64(0.000877823038784154), np.float64(0.052844308165969904)]","[np.str_('(ADV, ->, PROPN, orphan)'), np.str_('(INTJ, ->, ADV, parataxis)'), np.str_('(ADP, <-, VERB, root)'), np.str_('(PROPN, <-, NOUN, obl)'), np.str_('(ADJ, <-, PRON, root)')]",Mamin-Sibiryak
72,72,"[np.float64(8.017489471998514), np.float64(7.516788660806751), np.float64(7.363418981335957), np.float64(6.083621067420635), np.float64(5.7871646829178385)]","[np.int64(491), np.int64(1160), np.int64(1167), np.int64(39), np.int64(111)]","[np.float64(0.011120077660075311), np.float64(0.005560038830037656), np.float64(0.005560038830037656), np.float64(0.005560038830037656), np.float64(0.01668011649011297)]","[np.str_('(NOUN, <-, NOUN, orphan)'), np.str_('(PROPN, <-, NOUN, nsubj)'), np.str_('(NOUN, <-, PROPN, nmod)'), np.str_('(ADJ, ->, PRON, nsubj)'), np.str_('(VERB, <-, PART, parataxis)')]",Mamina
73,73,"[np.float64(24.47451072119474), np.float64(21.86638259881191), np.float64(20.022819111553012), np.float64(17.295121527470226), np.float64(10.808492705156667)]","[np.int64(1889), np.int64(375), np.int64(1717), np.int64(449), np.int64(1872)]","[np.float64(0.00401051981183044), np.float64(0.00401051981183044), np.float64(0.00401051981183044), np.float64(0.00401051981183044), np.float64(0.00401051981183044)]","[np.str_('(PRON, <-, VERB, obj)'), np.str_('(VERB, <-, INTJ, parataxis)'), np.str_('(ADJ, <-, ADP, fixed)'), np.str_('(VERB, ->, VERB, advmod)'), np.str_('(CCONJ, ->, VERB, parataxis)')]",Marchik
74,74,"[np.float64(3.387112857855262), np.float64(2.9728370468488334), np.float64(2.6894342818937695), np.float64(2.447451072119473), np.float64(2.307265598579141)]","[np.int64(748), np.int64(1728), np.int64(1765), np.int64(1786), np.int64(1375)]","[np.float64(0.0006291120117070264), np.float64(0.0007371743424475488), np.float64(0.0015589992988967248), np.float64(0.0004619290371102222), np.float64(0.00042561422184058523)]","[np.str_('(PROPN, <-, PROPN, flat)'), np.str_('(PUNCT, ->, PART, advmod)'), np.str_('(NOUN, ->, VERB, advcl)'), np.str_('(CCONJ, ->, ADV, obl)'), np.str_('(VERB, ->, X, obl)')]",Marinina
75,75,"[np.float64(10.355776622508603), np.float64(9.836106380837279), np.float64(5.774860730990149), np.float64(5.581370889405863), np.float64(5.267611971756253)]","[np.int64(16), np.int64(33), np.int64(264), np.int64(166), np.int64(254)]","[np.float64(0.01573737967873605), np.float64(0.018884855614483262), np.float64(0.018884855614483262), np.float64(0.043918636073708626), np.float64(0.018884855614483262)]","[np.str_('(PRON, ->, ADV, advmod)'), np.str_('(NOUN, ->, VERB, amod)'), np.str_('(PRON, ->, CCONJ, cc)'), np.str_('(PAD, ->, NOUN, conj)'), np.str_('(PRON, ->, DET, acl)')]",Mikhalkov
76,76,"[np.float64(4.894902144238948), np.float64(4.894902144238948), np.float64(4.894902144238948), np.float64(4.894902144238947), np.float64(4.894902144238947)]","[np.int64(1764), np.int64(148), np.int64(528), np.int64(325), np.int64(167)]","[np.float64(0.0028009331277933365), np.float64(0.0028009331277933365), np.float64(0.0028009331277933365), np.float64(0.000744691464568521), np.float64(0.000744691464568521)]","[np.str_('(PART, ->, VERB, conj)'), np.str_('(ADV, ->, CCONJ, parataxis)'), np.str_('(VERB, <-, NOUN, discourse)'), np.str_('(NOUN, ->, PROPN, root)'), np.str_('(NOUN, ->, PROPN, obj)')]",Moshkov
77,77,"[np.float64(8.446179447246749), np.float64(6.029255052739251), np.float64(5.660152948254739), np.float64(4.625233197693171), np.float64(3.671530110386777)]","[np.int64(86), np.int64(200), np.int64(23), np.int64(195), np.int64(267)]","[np.float64(0.01658883819383112), np.float64(0.01658883819383112), np.float64(0.03317767638766224), np.float64(0.015874882543367053), np.float64(0.01658883819383112)]","[np.str_('(NOUN, <-, VERB, nmod)'), np.str_('(ADV, <-, ADJ, conj)'), np.str_('(PROPN, ->, ADV, obl)'), np.str_('(PROPN, <-, NOUN, amod)'), np.str_('(VERB, ->, NOUN, advcl)')]",NakedScience
78,78,[],[],[],[],nlobooks[ru]
79,79,"[np.float64(4.894902144238947), np.float64(4.729273872175614), np.float64(4.611888571576619), np.float64(4.2125548480447454), np.float64(4.006595047505426)]","[np.int64(1983), np.int64(968), np.int64(1928), np.int64(1411), np.int64(1646)]","[np.float64(0.0015345092288889023), np.float64(0.0015345092288889023), np.float64(0.001859445343464318), np.float64(0.0015345092288889023), np.float64(0.0013230035156905464)]","[np.str_('(PAD, ->, NOUN, obl)'), np.str_('(PROPN, ->, ADJ, orphan)'), np.str_('(ADJ, ->, ADV, nsubj)'), np.str_('(ADV, <-, PART, conj)'), np.str_('(VERB, <-, VERB, csubj:pass)')]",Nosov
80,80,"[np.float64(6.337847646627104), np.float64(4.894902144238949), np.float64(4.162874511815636), np.float64(4.161292873166509), np.float64(3.006996522700009)]","[np.int64(731), np.int64(100), np.int64(493), np.int64(687), np.int64(808)]","[np.float64(0.0017563833962918852), np.float64(0.0005397586854684367), np.float64(0.0011598320808509843), np.float64(0.0005249780285193898), np.float64(0.000338433012677506)]","[np.str_('(VERB, ->, PART, nsubj)'), np.str_('(ADJ, <-, NUM, advcl)'), np.str_('(INTJ, ->, NOUN, obj)'), np.str_('(PRON, ->, PART, mark)'), np.str_('(ADJ, ->, ADJ, compound)')]",Oseeva
81,81,"[np.float64(11.35270065946189), np.float64(10.793808050237008), np.float64(9.570187568975435), np.float64(9.151841234068419), np.float64(8.422724138587423)]","[np.int64(313), np.int64(922), np.int64(127), np.int64(439), np.int64(122)]","[np.float64(0.006028378242760217), np.float64(0.006028378242760217), np.float64(0.022523298965492346), np.float64(0.03458005545101278), np.float64(0.022523298965492346)]","[np.str_('(NOUN, <-, NOUN, fixed)'), np.str_('(ADJ, <-, PRON, conj)'), np.str_('(VERB, ->, PART, cc)'), np.str_('(ADJ, <-, ADJ, parataxis)'), np.str_('(CCONJ, ->, DET, det)')]",Oster
82,82,"[np.float64(24.474510721194736), np.float64(10.74522693336099), np.float64(9.831716552533576), np.float64(9.684154670496746), np.float64(7.2600203931404925)]","[np.int64(661), np.int64(39), np.int64(291), np.int64(195), np.int64(630)]","[np.float64(0.006370877826084816), np.float64(0.006370877826084816), np.float64(0.006370877826084816), np.float64(0.006370877826084816), np.float64(0.006370877826084816)]","[np.str_('(NOUN, <-, PRON, parataxis)'), np.str_('(ADJ, ->, PRON, nsubj)'), np.str_('(NOUN, <-, PART, acl)'), np.str_('(PROPN, <-, NOUN, amod)'), np.str_('(VERB, <-, PROPN, ccomp)')]",Plevako
83,83,"[np.float64(6.118627680298684), np.float64(6.118627680298684), np.float64(6.118627680298684), np.float64(6.118627680298684), np.float64(6.118627680298683)]","[np.int64(381), np.int64(998), np.int64(33), np.int64(1789), np.int64(105)]","[np.float64(0.002486709653558592), np.float64(0.002486709653558592), np.float64(0.002486709653558592), np.float64(0.002486709653558592), np.float64(0.002541996289413469)]","[np.str_('(VERB, <-, DET, conj)'), np.str_('(NOUN, ->, VERB, cop)'), np.str_('(NOUN, ->, VERB, amod)'), np.str_('(NOUN, ->, VERB, orphan)'), np.str_('(PART, <-, DET, conj)')]",Preobrazhensky
84,84,"[np.float64(7.393057436959889), np.float64(5.408944667920637), np.float64(5.314462617736959), np.float64(5.246001288276953), np.float64(4.740116408639389)]","[np.int64(1036), np.int64(474), np.int64(332), np.int64(1928), np.int64(1761)]","[np.float64(0.004784854456748894), np.float64(0.002195337796778663), np.float64(0.010976688983893312), np.float64(0.0015619148420669157), np.float64(0.0020815678917632616)]","[np.str_('(ADV, <-, PRON, orphan)'), np.str_('(NUM, <-, NOUN, nsubj)'), np.str_('(ADV, ->, NUM, conj)'), np.str_('(ADJ, ->, ADV, nsubj)'), np.str_('(PRON, <-, NOUN, orphan)')]",Prokofeva
85,85,"[np.float64(11.387366396266838), np.float64(11.300338060288816), np.float64(10.816464477883189), np.float64(10.81514666013199), np.float64(10.480075909809855)]","[np.int64(1377), np.int64(249), np.int64(390), np.int64(676), np.int64(1490)]","[np.float64(0.003814400342750803), np.float64(0.011443201028252411), np.float64(0.006224892627033262), np.float64(0.01867467788109978), np.float64(0.003814400342750803)]","[np.str_('(VERB, ->, VERB, appos)'), np.str_('(ADJ, ->, DET, nummod)'), np.str_('(NOUN, ->, VERB, nmod)'), np.str_('(NOUN, <-, VERB, obj)'), np.str_('(ADJ, ->, ADV, conj)')]",Pushkin
86,86,"[np.float64(22.015797155368997), np.float64(20.762238540798652), np.float64(18.344555147203472), np.float64(15.123471206035774), np.float64(15.032992662991044)]","[np.int64(200), np.int64(309), np.int64(97), np.int64(86), np.int64(195)]","[np.float64(0.03018306793449014), np.float64(0.010061022644830043), np.float64(0.010061022644830043), np.float64(0.018780317749110532), np.float64(0.010061022644830043)]","[np.str_('(ADV, <-, ADJ, conj)'), np.str_('(PART, ->, NOUN, fixed)'), np.str_('(PRON, <-, VERB, iobj)'), np.str_('(NOUN, <-, VERB, nmod)'), np.str_('(PROPN, <-, NOUN, amod)')]",pvlida
87,87,"[np.float64(4.894902144238947), np.float64(4.894902144238947), np.float64(4.894902144238947), np.float64(4.894902144238947), np.float64(4.828031644851109)]","[np.int64(1904), np.int64(1591), np.int64(238), np.int64(1517), np.int64(16)]","[np.float64(0.00103368708250764), np.float64(0.0009266734144952399), np.float64(0.0009266734144952399), np.float64(0.0009266734144952399), np.float64(0.004627344318325513)]","[np.str_('(NOUN, <-, ADV, conj)'), np.str_('(PART, <-, AUX, aux)'), np.str_('(NOUN, <-, ADV, obj)'), np.str_('(NOUN, <-, NOUN, nummod)'), np.str_('(PRON, ->, ADV, advmod)')]",Regentov
88,88,"[np.float64(8.158170240398245), np.float64(8.158170240398245), np.float64(8.158170240398245), np.float64(8.158170240398245), np.float64(8.158170240398245)]","[np.int64(322), np.int64(648), np.int64(393), np.int64(163), np.int64(1967)]","[np.float64(0.001071870642748828), np.float64(0.001071870642748828), np.float64(0.001071870642748828), np.float64(0.001071870642748828), np.float64(0.0010135473749431846)]","[np.str_('(NOUN, <-, AUX, advcl)'), np.str_('(INTJ, ->, DET, nsubj)'), np.str_('(PROPN, ->, NOUN, amod)'), np.str_('(ADP, <-, NOUN, compound)'), np.str_('(NOUN, <-, ADV, csubj)')]",Rubina
89,89,"[np.float64(3.741587049374893), np.float64(2.672416279646318), np.float64(2.4063367877734936), np.float64(2.240699287330963), np.float64(2.2001046052439173)]","[np.int64(1713), np.int64(1782), np.int64(572), np.int64(396), np.int64(349)]","[np.float64(0.010107936214472165), np.float64(0.0006401193157673834), np.float64(0.0008550018896532007), np.float64(0.0004971975172527797), np.float64(0.0008550018896532007)]","[np.str_('(ADJ, <-, CCONJ, fixed)'), np.str_('(DET, <-, ADV, nsubj)'), np.str_('(ADV, ->, PROPN, orphan)'), np.str_('(VERB, ->, AUX, cop)'), np.str_('(PRON, <-, NUM, conj)')]",Rybakov
90,90,"[np.float64(7.5832227496998295), np.float64(7.009827010596503), np.float64(6.860091068382457), np.float64(5.720998958744074), np.float64(5.008167739782028)]","[np.int64(1367), np.int64(380), np.int64(694), np.int64(1593), np.int64(1462)]","[np.float64(0.0030338227260049565), np.float64(0.0030338227260049565), np.float64(0.003962118535886415), np.float64(0.0030338227260049565), np.float64(0.06333347423768852)]","[np.str_('(PART, <-, DET, advmod)'), np.str_('(ADV, ->, ADV, ccomp)'), np.str_('(PRON, ->, ADP, case)'), np.str_('(ADP, ->, PRON, iobj)'), np.str_('(ADJ, ->, PRON, conj)')]",Salnikov
91,91,"[np.float64(4.551048160078711), np.float64(2.92567149318713), np.float64(2.914838343231331), np.float64(2.7353293488039725), np.float64(2.69574314182733)]","[np.int64(106), np.int64(192), np.int64(1530), np.int64(741), np.int64(1853)]","[np.float64(0.0011776423468166236), np.float64(0.0019618495940723567), np.float64(0.006976584219363141), np.float64(0.0009711687719723131), np.float64(0.0016572932049699418)]","[np.str_('(PART, <-, ADP, fixed)'), np.str_('(X, ->, DET, det)'), np.str_('(VERB, ->, NOUN, cc)'), np.str_('(PROPN, <-, NOUN, punct)'), np.str_('(PUNCT, <-, PROPN, PAD)')]",SaltykovSchedrin
92,92,"[np.float64(24.474510721194733), np.float64(22.185044957037427), np.float64(21.703015226151006), np.float64(17.279955738179776), np.float64(14.315032532105851)]","[np.int64(97), np.int64(932), np.int64(216), np.int64(332), np.int64(938)]","[np.float64(0.003837041820960443), np.float64(0.003837041820960443), np.float64(0.003837041820960443), np.float64(0.015348167283841772), np.float64(0.06906675277728798)]","[np.str_('(PRON, <-, VERB, iobj)'), np.str_('(ADV, ->, PART, obl)'), np.str_('(DET, ->, ADV, conj)'), np.str_('(ADV, ->, NUM, conj)'), np.str_('(PROPN, ->, PROPN, nmod)')]",Semihatov
93,93,"[np.float64(4.078119250454241), np.float64(4.010257488281748), np.float64(3.553369979415931), np.float64(3.4060118929318235), np.float64(3.232810597956674)]","[np.int64(1471), np.int64(1235), np.int64(132), np.int64(100), np.int64(1979)]","[np.float64(0.0008671284639545616), np.float64(0.0015584392767765958), np.float64(0.06070513540469949), np.float64(0.031030147670918804), np.float64(0.020075489791353325)]","[np.str_('(PRON, ->, NOUN, case)'), np.str_('(NOUN, ->, ADP, case)'), np.str_('(PROPN, <-, NUM, nsubj)'), np.str_('(ADJ, <-, NUM, advcl)'), np.str_('(X, ->, X, xcomp)')]",Serafimovich
94,94,"[np.float64(6.118627680298683), np.float64(4.293011838246559), np.float64(4.2747653504314105), np.float64(3.7711828671636245), np.float64(3.706719132252527)]","[np.int64(979), np.int64(1604), np.int64(1526), np.int64(528), np.int64(1364)]","[np.float64(0.0008769638557205228), np.float64(0.0008769638557205228), np.float64(0.000921568467171246), np.float64(0.0008769638557205228), np.float64(0.003552954050034158)]","[np.str_('(X, ->, PUNCT, punct)'), np.str_('(INTJ, ->, X, conj)'), np.str_('(INTJ, ->, NOUN, orphan)'), np.str_('(VERB, <-, NOUN, discourse)'), np.str_('(PART, ->, INTJ, parataxis)')]",Sergeev-Tsenskij
95,95,"[np.float64(12.23725536059737), np.float64(12.23725536059737), np.float64(12.237255360597368), np.float64(9.709163846812727), np.float64(8.705046042668268)]","[np.int64(616), np.int64(373), np.int64(465), np.int64(1616), np.int64(1147)]","[np.float64(0.0016454928728207373), np.float64(0.0016454928728207373), np.float64(0.0032128105338388667), np.float64(0.0032128105338388667), np.float64(0.0032128105338388667)]","[np.str_('(PUNCT, <-, PROPN, punct)'), np.str_('(NOUN, ->, CCONJ, parataxis)'), np.str_('(AUX, ->, PART, cc)'), np.str_('(NOUN, ->, PRON, amod)'), np.str_('(DET, <-, NOUN, advmod)')]",Shevtsov
96,96,"[np.float64(12.23725536059737), np.float64(12.23725536059737), np.float64(12.237255360597368), np.float64(11.298168800293043), np.float64(7.829581422478047)]","[np.int64(1235), np.int64(552), np.int64(728), np.int64(1160), np.int64(1287)]","[np.float64(0.0009363009636870124), np.float64(0.0009363009636870124), np.float64(0.0007455148372528261), np.float64(0.0018726019273740248), np.float64(0.0009363009636870124)]","[np.str_('(NOUN, ->, ADP, case)'), np.str_('(PRON, <-, ADV, nmod)'), np.str_('(INTJ, <-, NOUN, obl)'), np.str_('(PROPN, <-, NOUN, nsubj)'), np.str_('(ADJ, ->, PRON, amod)')]",Shukshin
97,97,"[np.float64(7.817944031881955), np.float64(6.886580183077769), np.float64(6.672963698725845), np.float64(4.881962053227535), np.float64(4.861727201755159)]","[np.int64(504), np.int64(536), np.int64(274), np.int64(390), np.int64(88)]","[np.float64(0.013295745028350915), np.float64(0.013295745028350915), np.float64(0.013295745028350915), np.float64(0.013295745028350915), np.float64(0.06647872514175458)]","[np.str_('(DET, ->, PRON, acl:relcl)'), np.str_('(PROPN, <-, VERB, parataxis)'), np.str_('(ADV, ->, NOUN, obj)'), np.str_('(NOUN, ->, VERB, nmod)'), np.str_('(ADJ, <-, ADJ, nsubj)')]",ShushpanovLouk
98,98,"[np.float64(10.159803953660404), np.float64(9.899566726409072), np.float64(9.295438104308815), np.float64(8.12773259766076), np.float64(7.347016014702846)]","[np.int64(480), np.int64(86), np.int64(342), np.int64(520), np.int64(504)]","[np.float64(0.011588836186115625), np.float64(0.011588836186115625), np.float64(0.011588836186115625), np.float64(0.011588836186115625), np.float64(0.006796747417227617)]","[np.str_('(DET, ->, ADJ, parataxis)'), np.str_('(NOUN, <-, VERB, nmod)'), np.str_('(ADV, <-, ADJ, ccomp)'), np.str_('(ADV, ->, VERB, fixed)'), np.str_('(DET, ->, PRON, acl:relcl)')]",Shushpanov
99,99,"[np.float64(3.488172126694055), np.float64(2.1805879970686073), np.float64(1.9520128980423836), np.float64(1.9120020635062271), np.float64(1.8969867252196544)]","[np.int64(407), np.int64(1152), np.int64(7), np.int64(1078), np.int64(341)]","[np.float64(0.0018702703253705886), np.float64(0.0012044864426967246), np.float64(0.08779073489285354), np.float64(0.004052252371636275), np.float64(0.01351375913074907)]","[np.str_('(ADJ, <-, ADV, parataxis)'), np.str_('(PRON, <-, NOUN, nummod:gov)'), np.str_('(VERB, ->, ADP, parataxis)'), np.str_('(INTJ, ->, ADV, parataxis)'), np.str_('(ADV, ->, ADJ, case)')]",Simonov
100,100,"[np.float64(19.457451044855823), np.float64(18.38778364723797), np.float64(8.258118283045057), np.float64(7.906631079236435), np.float64(6.913303787324831)]","[np.int64(491), np.int64(649), np.int64(958), np.int64(216), np.int64(592)]","[np.float64(0.043078706783238926), np.float64(0.008615741356647786), np.float64(0.004307870678323893), np.float64(0.004307870678323893), np.float64(0.030155094748267254)]","[np.str_('(NOUN, <-, NOUN, orphan)'), np.str_('(ADP, ->, ADP, fixed)'), np.str_('(PAD, <-, VERB, obl)'), np.str_('(DET, ->, ADV, conj)'), np.str_('(PUNCT, ->, PUNCT, root)')]",Soloviev
101,101,"[np.float64(24.47451072119473), np.float64(24.47451072119473), np.float64(24.47451072119473), np.float64(21.689263692814077), np.float64(20.878303278418336)]","[np.int64(227), np.int64(1415), np.int64(686), np.int64(915), np.int64(1855)]","[np.float64(0.0028942667882387797), np.float64(0.0028942667882387797), np.float64(0.0028942667882387797), np.float64(0.040519735035342924), np.float64(0.0028942667882387797)]","[np.str_('(ADV, <-, DET, parataxis)'), np.str_('(VERB, ->, NOUN, flat:foreign)'), np.str_('(INTJ, <-, VERB, orphan)'), np.str_('(PRON, <-, ADJ, iobj)'), np.str_('(PRON, ->, INTJ, parataxis)')]",Solovyov
102,102,"[np.float64(6.118627680298684), np.float64(5.833897307115326), np.float64(5.142523625883695), np.float64(5.06361519352363), np.float64(4.611957869393268)]","[np.int64(1259), np.int64(1412), np.int64(310), np.int64(1363), np.int64(423)]","[np.float64(0.0009818505427296096), np.float64(0.020323994677213745), np.float64(0.0033952845329748974), np.float64(0.025804987550131202), np.float64(0.0009818505427296096)]","[np.str_('(VERB, ->, VERB, nmod)'), np.str_('(NUM, ->, ADV, obl)'), np.str_('(NOUN, <-, ADJ, punct)'), np.str_('(PRON, ->, VERB, conj)'), np.str_('(ADJ, <-, VERB, amod)')]",Stepnova
103,103,"[np.float64(2.5100981644915685), np.float64(2.346186637601267), np.float64(2.2804874362319874), np.float64(2.2730598659959917), np.float64(2.091615937426324)]","[np.int64(462), np.int64(1166), np.int64(1182), np.int64(1760), np.int64(1728)]","[np.float64(0.03156630232567652), np.float64(0.0014534490893109077), np.float64(0.004198422264808375), np.float64(0.0006426556075421388), np.float64(0.0014534490893109077)]","[np.str_('(DET, ->, PROPN, obl)'), np.str_('(PRON, <-, INTJ, parataxis)'), np.str_('(AUX, <-, ADJ, conj)'), np.str_('(ADJ, ->, ADJ, root)'), np.str_('(PUNCT, ->, PART, advmod)')]",Strugatskie
104,104,"[np.float64(3.4963586744563906), np.float64(3.49635867445639), np.float64(3.329123262601795), np.float64(2.7519730140724197), np.float64(2.7026735842953666)]","[np.int64(601), np.int64(400), np.int64(493), np.int64(1945), np.int64(1127)]","[np.float64(0.0005102732804935819), np.float64(0.0006300280911631139), np.float64(0.0006542468648464217), np.float64(0.10498255834657255), np.float64(0.0006542468648464217)]","[np.str_('(PRON, ->, VERB, nsubj)'), np.str_('(ADJ, <-, ADV, advcl)'), np.str_('(INTJ, ->, NOUN, obj)'), np.str_('(NUM, <-, ADJ, nummod)'), np.str_('(NUM, ->, SCONJ, cc)')]",Tamonikov
105,105,"[np.float64(24.474510721194736), np.float64(23.857404736470485), np.float64(19.794209473480016), np.float64(17.161487742515018), np.float64(7.448078457040143)]","[np.int64(325), np.int64(1086), np.int64(1719), np.int64(1158), np.int64(1889)]","[np.float64(0.0035490512803783166), np.float64(0.0017745256401891583), np.float64(0.0017745256401891583), np.float64(0.0017745256401891583), np.float64(0.0017745256401891583)]","[np.str_('(NOUN, ->, PROPN, root)'), np.str_('(VERB, ->, ADJ, nsubj)'), np.str_('(DET, ->, ADJ, obl)'), np.str_('(NUM, ->, PART, parataxis)'), np.str_('(PRON, <-, VERB, obj)')]",TEDRus
106,106,"[np.float64(4.894902144238947), np.float64(4.894902144238947), np.float64(3.7066357673823096), np.float64(2.811262986188651), np.float64(2.5037333862176068)]","[np.int64(108), np.int64(1393), np.int64(1184), np.int64(458), np.int64(442)]","[np.float64(0.0007070922263602171), np.float64(0.0007070922263602171), np.float64(0.0007070922263602171), np.float64(0.0007070922263602171), np.float64(0.0006238670243183551)]","[np.str_('(INTJ, ->, PRON, conj)'), np.str_('(NOUN, ->, CCONJ, det)'), np.str_('(INTJ, <-, PUNCT, root)'), np.str_('(ADV, ->, VERB, parataxis)'), np.str_('(PROPN, <-, X, nsubj)')]",Teffi
107,107,"[np.float64(3.3234221210605845), np.float64(3.062428216039525), np.float64(2.8720759922312267), np.float64(2.8383683781484006), np.float64(2.667282812264018)]","[np.int64(0), np.int64(1778), np.int64(162), np.int64(1398), np.int64(202)]","[np.float64(0.0769749586692073), np.float64(0.004859473214793473), np.float64(0.02472916592768576), np.float64(0.014821258312386842), np.float64(0.05622630708137311)]","[np.str_('(DET, ->, VERB, cop)'), np.str_('(ADJ, <-, CCONJ, root)'), np.str_('(INTJ, ->, NOUN, iobj)'), np.str_('(PROPN, <-, X, flat)'), np.str_('(PUNCT, ->, NUM, parataxis)')]",Tolstoy
108,108,"[np.float64(4.894902144238949), np.float64(4.894902144238947), np.float64(4.894902144238947), np.float64(4.894902144238947), np.float64(4.894902144238946)]","[np.int64(478), np.int64(1981), np.int64(190), np.int64(1008), np.int64(199)]","[np.float64(0.0010671302330199429), np.float64(0.0012000541940451115), np.float64(0.0012000541940451115), np.float64(0.0012000541940451115), np.float64(0.001082285842490479)]","[np.str_('(CCONJ, ->, SCONJ, mark)'), np.str_('(INTJ, ->, PRON, iobj)'), np.str_('(PROPN, <-, NUM, flat:foreign)'), np.str_('(DET, <-, PROPN, obl)'), np.str_('(PRON, ->, ADV, mark)')]",Turgenev
109,109,"[np.float64(2.7193900801327495), np.float64(2.7193900801327486), np.float64(2.7193900801327486), np.float64(2.646764237572809), np.float64(2.6327812405676703)]","[np.int64(1576), np.int64(413), np.int64(1770), np.int64(19), np.int64(1185)]","[np.float64(0.0023337532939568194), np.float64(0.0015289709637134477), np.float64(0.0015289709637134477), np.float64(0.002660659588340612), np.float64(0.002973497654053325)]","[np.str_('(ADV, <-, PROPN, mark)'), np.str_('(PRON, ->, NOUN, nsubj)'), np.str_('(NOUN, <-, INTJ, conj)'), np.str_('(VERB, <-, ADV, parataxis)'), np.str_('(NOUN, ->, PART, advcl)')]",Uspensky
110,110,"[np.float64(2.224955520108613), np.float64(2.168626614963339), np.float64(2.1661124398966707), np.float64(2.0923545389317235), np.float64(2.026152842086772)]","[np.int64(504), np.int64(1305), np.int64(557), np.int64(1568), np.int64(1086)]","[np.float64(0.000749344708820358), np.float64(0.001475853111073655), np.float64(0.000663706722161962), np.float64(0.0011676680007878452), np.float64(0.000663706722161962)]","[np.str_('(DET, ->, PRON, acl:relcl)'), np.str_('(DET, ->, DET, fixed)'), np.str_('(PRON, <-, NUM, obl)'), np.str_('(ADV, ->, NOUN, compound)'), np.str_('(VERB, ->, ADJ, nsubj)')]",Vainery
111,111,"[np.float64(14.185032756843421), np.float64(13.674790745455587), np.float64(12.237255360597372), np.float64(12.237255360597372), np.float64(12.237255360597372)]","[np.int64(779), np.int64(339), np.int64(797), np.int64(1346), np.int64(1753)]","[np.float64(0.07724523172695284), np.float64(0.08572854450643526), np.float64(0.0038567830035064776), np.float64(0.0009641957508766194), np.float64(0.0009641957508766194)]","[np.str_('(PROPN, ->, ADJ, conj)'), np.str_('(X, ->, PROPN, flat:name)'), np.str_('(ADJ, ->, CCONJ, advmod)'), np.str_('(NOUN, ->, PAD, root)'), np.str_('(PROPN, ->, SYM, cop)')]",vestnik nsu
112,112,"[np.float64(9.717641610064044), np.float64(8.460674691341103), np.float64(4.006205119165866), np.float64(3.9517457506884215), np.float64(3.465110162992531)]","[np.int64(16), np.int64(100), np.int64(200), np.int64(51), np.int64(86)]","[np.float64(0.05828454497694647), np.float64(0.014571136244236617), np.float64(0.004567384837916548), np.float64(0.02841287554169144), np.float64(0.014571136244236617)]","[np.str_('(PRON, ->, ADV, advmod)'), np.str_('(ADJ, <-, NUM, advcl)'), np.str_('(ADV, <-, ADJ, conj)'), np.str_('(ADJ, <-, VERB, nsubj)'), np.str_('(NOUN, <-, VERB, nmod)')]",VestnikRayona
113,113,"[np.float64(24.474510721194743), np.float64(16.729260692287408), np.float64(8.253136068442256), np.float64(8.233910119163347), np.float64(5.36688069401972)]","[np.int64(1742), np.int64(1501), np.int64(195), np.int64(1908), np.int64(1782)]","[np.float64(0.00166721393899264), np.float64(0.00166721393899264), np.float64(0.00166721393899264), np.float64(0.00166721393899264), np.float64(0.00166721393899264)]","[np.str_('(ADV, <-, ADJ, mark)'), np.str_('(ADV, <-, PROPN, discourse)'), np.str_('(PROPN, <-, NOUN, amod)'), np.str_('(VERB, ->, PRON, punct)'), np.str_('(DET, <-, ADV, nsubj)')]",Vladimirova
114,114,"[np.float64(8.158170240398247), np.float64(6.549830599329109), np.float64(4.22748083923177), np.float64(3.2122879092830603), np.float64(3.0897133528551675)]","[np.int64(17), np.int64(1889), np.int64(694), np.int64(1946), np.int64(1792)]","[np.float64(0.001345840523554929), np.float64(0.0010677835238130852), np.float64(0.00119493267435352), np.float64(0.001345840523554929), np.float64(0.002540773197908449)]","[np.str_('(PRON, ->, ADJ, orphan)'), np.str_('(PRON, <-, VERB, obj)'), np.str_('(PRON, ->, ADP, case)'), np.str_('(VERB, ->, ADJ, xcomp)'), np.str_('(CCONJ, <-, ADJ, advmod)')]",Vlasova
115,115,"[np.float64(3.156418293533791), np.float64(2.5555183974888016), np.float64(2.4542512965385117), np.float64(2.447451072119474), np.float64(2.447451072119474)]","[np.int64(739), np.int64(106), np.int64(661), np.int64(1564), np.int64(1001)]","[np.float64(0.007341864073058836), np.float64(0.021858228479556388), np.float64(0.007251936899571324), np.float64(0.00037553555308958707), np.float64(0.00037553555308958707)]","[np.str_('(PRON, <-, NOUN, acl:relcl)'), np.str_('(PART, <-, ADP, fixed)'), np.str_('(NOUN, <-, PRON, parataxis)'), np.str_('(NOUN, ->, ADJ, amod)'), np.str_('(VERB, ->, SCONJ, mark)')]",Voinovich
116,116,"[np.float64(4.079085120199122), np.float64(4.079085120199122), np.float64(4.050759286544418), np.float64(3.707614314303564), np.float64(3.6208731195252857)]","[np.int64(1646), np.int64(797), np.int64(709), np.int64(1215), np.int64(1551)]","[np.float64(0.001359795656254871), np.float64(0.001359795656254871), np.float64(0.001964616902446298), np.float64(0.0012125200548908203), np.float64(0.001964616902446298)]","[np.str_('(VERB, <-, VERB, csubj:pass)'), np.str_('(ADJ, ->, CCONJ, advmod)'), np.str_('(AUX, <-, VERB, conj)'), np.str_('(PAD, ->, VERB, acl)'), np.str_('(NOUN, <-, PAD, conj)')]",Volkov
117,117,"[np.float64(24.116404711470278), np.float64(23.072396693205555), np.float64(18.792721581109717), np.float64(12.929148576865204), np.float64(12.628478037548993)]","[np.int64(462), np.int64(390), np.int64(166), np.int64(475), np.int64(140)]","[np.float64(0.013395367325393316), np.float64(0.013395367325393316), np.float64(0.026790734650786633), np.float64(0.013395367325393316), np.float64(0.026790734650786633)]","[np.str_('(DET, ->, PROPN, obl)'), np.str_('(NOUN, ->, VERB, nmod)'), np.str_('(PAD, ->, NOUN, conj)'), np.str_('(VERB, ->, ADJ, nsubj:pass)'), np.str_('(ADV, <-, ADV, fixed)')]",Vorotyntseva
118,118,"[np.float64(6.519471880192921), np.float64(6.2438578257781225), np.float64(5.557983564635262), np.float64(4.934036415575349), np.float64(3.6451650707258376)]","[np.int64(97), np.int64(39), np.int64(35), np.int64(360), np.int64(51)]","[np.float64(0.026775302199950925), np.float64(0.013387651099975462), np.float64(0.026775302199950925), np.float64(0.013387651099975462), np.float64(0.008329979646782898)]","[np.str_('(PRON, <-, VERB, iobj)'), np.str_('(ADJ, ->, PRON, nsubj)'), np.str_('(NOUN, ->, ADV, advmod)'), np.str_('(NOUN, <-, PRON, nmod)'), np.str_('(ADJ, <-, VERB, nsubj)')]",YasenevoMedia
119,119,"[np.float64(2.6658550848493303), np.float64(2.4675210353696357), np.float64(2.0751590459428106), np.float64(1.8220002816450769), np.float64(1.771348992253639)]","[np.int64(658), np.int64(1034), np.int64(734), np.int64(1314), np.int64(1240)]","[np.float64(0.0009227443872433091), np.float64(0.04644179940883804), np.float64(0.0013738106828186793), np.float64(0.0021814417830522434), np.float64(0.0005809894548987234)]","[np.str_('(PAD, ->, NOUN, orphan)'), np.str_('(PART, ->, NOUN, conj)'), np.str_('(DET, ->, PRON, cop)'), np.str_('(ADJ, <-, X, amod)'), np.str_('(NUM, ->, ADJ, nsubj)')]",Zemlyanoj
120,120,"[np.float64(4.867958301523382), np.float64(4.391390692144902), np.float64(4.319011090521744), np.float64(4.196440559032789), np.float64(3.9929819918224485)]","[np.int64(225), np.int64(1284), np.int64(1187), np.int64(1117), np.int64(23)]","[np.float64(0.006465525006741153), np.float64(0.01927937774722069), np.float64(0.004075100301980751), np.float64(0.012931050013482307), np.float64(0.009870827192403692)]","[np.str_('(NOUN, ->, VERB, root)'), np.str_('(ADV, <-, PROPN, obl)'), np.str_('(PROPN, <-, NOUN, obl)'), np.str_('(PRON, <-, PRON, parataxis)'), np.str_('(PROPN, ->, ADV, obl)')]",Zhitkov
121,121,"[np.float64(8.158170240398247), np.float64(8.158170240398247), np.float64(6.13131331568194), np.float64(5.226325464683808), np.float64(5.110184278970605)]","[np.int64(295), np.int64(1317), np.int64(1374), np.int64(679), np.int64(1885)]","[np.float64(0.0004294666397257698), np.float64(0.0004294666397257698), np.float64(0.05546276231745639), np.float64(0.000899493819035877), np.float64(0.0004294666397257698)]","[np.str_('(NOUN, ->, AUX, obl)'), np.str_('(VERB, <-, PROPN, root)'), np.str_('(ADV, ->, AUX, fixed)'), np.str_('(NOUN, <-, PUNCT, appos)'), np.str_('(NOUN, ->, ADJ, nummod)')]",ZlotnikovNikolaev
122,122,"[np.float64(8.158170240398245), np.float64(8.158170240398245), np.float64(8.158170240398245), np.float64(8.158170240398245), np.float64(6.23817166779475)]","[np.int64(1556), np.int64(689), np.int64(1712), np.int64(554), np.int64(1444)]","[np.float64(0.000899381493682367), np.float64(0.000899381493682367), np.float64(0.000899381493682367), np.float64(0.0008762226563562272), np.float64(0.0008762226563562272)]","[np.str_('(SCONJ, <-, PART, fixed)'), np.str_('(X, <-, ADJ, flat:foreign)'), np.str_('(PART, <-, ADV, discourse)'), np.str_('(VERB, ->, PROPN, obj)'), np.str_('(AUX, <-, VERB, xcomp)')]",Zlotnikov
123,123,"[np.float64(4.909298462530312), np.float64(3.959377777005342), np.float64(3.9233164540864642), np.float64(3.6783182345989616), np.float64(3.496358674456391)]","[np.int64(48), np.int64(833), np.int64(1556), np.int64(1682), np.int64(1296)]","[np.float64(0.0005728663645889931), np.float64(0.0023027813612190346), np.float64(0.0006603660007501727), np.float64(0.001460882274300888), np.float64(0.0007458774580971092)]","[np.str_('(CCONJ, <-, VERB, parataxis)'), np.str_('(CCONJ, ->, PART, root)'), np.str_('(SCONJ, <-, PART, fixed)'), np.str_('(X, ->, X, obl)'), np.str_('(X, ->, VERB, ccomp)')]",Zoschenko
