,author_id,info_gain,features,feature_stats,author,feature_names
0,0,"[np.float64(0.07181826975579286), np.float64(0.06390661136941889), np.float64(0.06355217993631967), np.float64(0.06301380945315926), np.float64(0.06272094694860086)]","[1481, 1288, 1269, 1227, 1222]","[np.float64(0.0003597167781064664), np.float64(0.0005865390994046368), np.float64(0.0008032235537972329), np.float64(0.0009922633098714683), np.float64(0.0010910222484040917)]",Abgaryan,"['(INTJ, <-, INTJ, root)' '(ADJ, ->, PROPN, root)'
 '(PROPN, ->, PART, advmod)' '(PAD, ->, VERB, aux:pass)'
 '(INTJ, ->, NOUN, nmod)']"
1,1,"[np.float64(0.041832729301667815), np.float64(0.03776373060902849), np.float64(0.036968315493315695), np.float64(0.03650430841584262), np.float64(0.03644053910280887)]","[534, 347, 410, 3, 633]","[np.float64(0.003779925029253538), np.float64(0.00610053016338217), np.float64(0.005099454954520905), np.float64(0.05640128608550692), np.float64(0.003074499066517301)]",Adamov,"['(PART, ->, ADJ, root)' '(NUM, ->, ADV, parataxis)'
 '(PROPN, ->, X, flat:foreign)' '(X, <-, PROPN, flat)'
 '(PRON, <-, DET, acl)']"
2,2,"[np.float64(0.06644039055712747), np.float64(0.06080819200198706), np.float64(0.06077419384615468), np.float64(0.05915321025999676), np.float64(0.05706773814964905)]","[134, 1401, 720, 1, 761]","[np.float64(0.01883629903262058), np.float64(0.001048151239649741), np.float64(0.003852678427512901), np.float64(0.12783673415466834), np.float64(0.0035358711007592372)]",Aksakov,"['(PRON, ->, VERB, det)' '(PROPN, ->, CCONJ, appos)'
 '(VERB, <-, ADV, nsubj)' '(X, ->, PROPN, mark)' '(ADJ, <-, DET, appos)']"
3,3,"[np.float64(0.023274811972684994), np.float64(0.023274811972684994), np.float64(0.023274811972684994), np.float64(0.023274811972684994), np.float64(0.023274811972684994)]","[37, 108, 203, 491, 527]","[np.float64(0.03762703018276967), np.float64(0.012542343394256559), np.float64(0.018813515091384837), np.float64(0.0062711716971282794), np.float64(0.0062711716971282794)]",AkuninBorisova,"['(ADV, ->, CCONJ, fixed)' '(PAD, <-, VERB, conj)'
 '(ADV, ->, PROPN, nmod)' '(PAD, ->, PRON, flat:foreign)'
 '(ADV, <-, VERB, nsubj)']"
4,4,"[np.float64(0.042874260677961185), np.float64(0.0402990568667847), np.float64(0.040142589600761336), np.float64(0.03936742651278624), np.float64(0.036802566916547264)]","[120, 189, 155, 1124, 72]","[np.float64(0.023786368322173814), np.float64(0.016989540650287186), np.float64(0.020497904055232344), np.float64(0.002372558522030769), np.float64(0.033497781477941996)]",AkuninBrusnikin,"['(PART, ->, PAD, root)' '(NOUN, <-, PUNCT, advmod)'
 '(NUM, ->, ADJ, advmod)' '(NUM, ->, PART, appos)'
 '(ADV, ->, SCONJ, fixed)']"
5,5,"[np.float64(0.07306116156875153), np.float64(0.07187145856887556), np.float64(0.0714637425282385), np.float64(0.06789067852647857), np.float64(0.06614257541237789)]","[25, 165, 451, 346, 32]","[np.float64(0.056840050501567), np.float64(0.02169471000955735), np.float64(0.010380885667845667), np.float64(0.012710646556546147), np.float64(0.051665288249398596)]",Akunin,"['(AUX, <-, PART, cc)' '(PAD, ->, NOUN, iobj)'
 '(SCONJ, ->, ADV, acl:relcl)' '(CCONJ, ->, PART, parataxis)'
 '(DET, ->, ADP, advmod)']"
6,6,"[np.float64(0.14756677983004973), np.float64(0.1455092985298556), np.float64(0.14020922632778765), np.float64(0.1382187583739749), np.float64(0.13633113043240108)]","[99, 139, 16, 411, 55]","[np.float64(0.03127993969410638), np.float64(0.025517423898750422), np.float64(0.0683206027892582), np.float64(0.0112086945707011), np.float64(0.039161972568423395)]",Aldanov,"['(CCONJ, ->, PRON, cop)' '(NUM, ->, NUM, punct)' '(INTJ, ->, ADP, mark)'
 '(PAD, ->, NOUN, det)' '(PART, ->, X, cop)']"
7,7,"[np.float64(0.06861678178285124), np.float64(0.06517529458113835), np.float64(0.06459694676136074), np.float64(0.05826219225698759), np.float64(0.05751211758092056)]","[55, 35, 814, 1206, 1605]","[np.float64(0.04088965379681669), np.float64(0.04937248405743887), np.float64(0.004583288595440734), np.float64(0.002744131477978184), np.float64(0.0009319158337684338)]",Aleshkovsky,"['(PART, ->, X, cop)' '(ADJ, ->, PROPN, discourse)' '(PART, <-, X, flat)'
 '(ADV, <-, DET, det)' '(AUX, ->, ADV, csubj)']"
8,8,"[np.float64(0.023274811972684994), np.float64(0.023274811972684994), np.float64(0.023274811972684994), np.float64(0.023274811972684994), np.float64(0.023274811972684994)]","[45, 60, 140, 153, 171]","[np.float64(0.003663384675182427), np.float64(0.0035325980102686436), np.float64(0.02826078408214915), np.float64(0.017662990051343218), np.float64(0.007065196020537287)]",Alexander Hofman,"['(DET, <-, PART, root)' '(INTJ, ->, PUNCT, fixed)' '(NUM, <-, DET, obl)'
 '(NOUN, ->, INTJ, obl)' '(PRON, <-, ADV, amod)']"
9,9,"[np.float64(0.05220515725774688), np.float64(0.050551937830441096), np.float64(0.0500114115424064), np.float64(0.04928367858875993), np.float64(0.047889973311971534)]","[1209, 121, 631, 161, 766]","[np.float64(0.001609220390488945), np.float64(0.021100428303856875), np.float64(0.004777927193435098), np.float64(0.017839959162204835), np.float64(0.003577181990188269)]",Astafiev,"['(ADJ, ->, INTJ, punct)' '(PUNCT, <-, VERB, obl)'
 '(INTJ, <-, VERB, csubj)' '(INTJ, ->, ADV, acl:relcl)'
 '(PROPN, <-, PUNCT, nummod)']"
10,10,"[np.float64(0.05417653262417799), np.float64(0.05371335743704353), np.float64(0.05277996082258374), np.float64(0.05254202011984066), np.float64(0.05216824326734448)]","[7, 1696, 10, 1168, 102]","[np.float64(0.06551716353606711), np.float64(0.0004890144565205637), np.float64(0.060089862019191885), np.float64(0.0016019297632308815), np.float64(0.018838736585355183)]",Bakhtin,"['(VERB, <-, PAD, case)' '(INTJ, ->, NOUN, advcl)'
 '(X, <-, PRON, nsubj:pass)' '(PRON, ->, PRON, nummod:gov)'
 '(PROPN, <-, VERB, appos)']"
11,11,"[np.float64(0.023274811972684994), np.float64(0.023274811972684994), np.float64(0.023274811972684994), np.float64(0.023274811972684994), np.float64(0.023274811972684994)]","[100, 143, 250, 282, 373]","[np.float64(0.0002977232264474474), np.float64(0.0005811113773461353), np.float64(0.003627319373011992), np.float64(0.0018457377192458418), np.float64(0.010098180451686901)]",Barinova,"['(ADJ, <-, NUM, nsubj)' '(VERB, <-, X, parataxis)'
 '(VERB, ->, NUM, nummod:gov)' '(NOUN, <-, ADV, advcl)'
 '(CCONJ, ->, ADJ, advcl)']"
12,12,"[np.float64(0.023274811972684994), np.float64(0.023274811972684994), np.float64(0.023274811972684994), np.float64(0.023274811972684994), np.float64(0.023274811972684994)]","[73, 221, 293, 327, 337]","[np.float64(0.003147049737245417), np.float64(0.0002794268368344679), np.float64(0.002068019599249095), np.float64(0.0002519749000408662), np.float64(0.0002351864018223184)]",bashinform 202,"['(DET, <-, CCONJ, fixed)' '(VERB, <-, CCONJ, expl)'
 '(ADV, ->, NOUN, PAD)' '(NOUN, ->, X, discourse)' '(ADV, ->, ADJ, nmod)']"
13,13,"[np.float64(0.07759416494703564), np.float64(0.07432014835918832), np.float64(0.07399782193383775), np.float64(0.07056822246871608), np.float64(0.06866680233112643)]","[864, 1656, 803, 12, 1855]","[np.float64(0.0018577263697916661), np.float64(0.0003758483390341351), np.float64(0.0021464844077616323), np.float64(0.04467870527278687), np.float64(0.00014000553802622967)]",Belyaev,"['(NUM, <-, VERB, parataxis)' '(NOUN, ->, INTJ, cop)'
 '(PUNCT, ->, PART, amod)' '(PROPN, <-, PRON, obj)' '(NUM, ->, ADV, mark)']"
14,14,"[np.float64(0.0719558671510766), np.float64(0.07034163146685568), np.float64(0.0679263530809564), np.float64(0.06711407652806012), np.float64(0.0639876921771898)]","[1302, 294, 2, 42, 1553]","[np.float64(0.002534160774144968), np.float64(0.013795905508222787), np.float64(0.10867755419399629), np.float64(0.04348792364234091), np.float64(0.0016574292137785977)]",Belyanin,"['(PAD, ->, PROPN, nmod)' '(PROPN, ->, PUNCT, nsubj)'
 '(PRON, <-, AUX, orphan)' '(X, <-, ADV, fixed)' '(NOUN, ->, NUM, ccomp)']"
15,15,"[np.float64(0.023274811972684994), np.float64(0.023274811972684994), np.float64(0.023274811972684994), np.float64(0.023274811972684994), np.float64(0.023274811972684994)]","[5, 36, 38, 42, 64]","[np.float64(0.003479185974484642), np.float64(0.002338600340118173), np.float64(0.0021757960705666842), np.float64(0.003479185974484642), np.float64(0.013916743897938568)]",Bobkova,"['(PAD, <-, NUM, amod)' '(PRON, <-, CCONJ, advmod)'
 '(PROPN, <-, ADV, nummod:gov)' '(X, <-, ADV, fixed)'
 '(ADP, ->, PART, appos)']"
16,16,"[np.float64(0.042547343771909496), np.float64(0.04243007153845746), np.float64(0.037697227761705365), np.float64(0.037650695100177156), np.float64(0.03652662866490686)]","[738, 0, 119, 1181, 278]","[np.float64(0.0026929985932117725), np.float64(0.13613464379678408), np.float64(0.018532125017895598), np.float64(0.000930198176109351), np.float64(0.009610784870150355)]",BonchOsmolovskaya,"['(PART, ->, ADJ, acl:relcl)' '(PROPN, ->, ADJ, advcl)'
 '(ADJ, ->, ADJ, advmod)' '(AUX, ->, ADJ, nummod)'
 '(ADP, ->, NOUN, nummod)']"
17,17,"[np.float64(0.07350016772782164), np.float64(0.06097998040510699), np.float64(0.059971692005577726), np.float64(0.05908036912160464), np.float64(0.05674861682896526)]","[384, 98, 1834, 558, 606]","[np.float64(0.010040901916134853), np.float64(0.025157337023705643), np.float64(0.0006264175561902062), np.float64(0.007039281925032763), np.float64(0.006505599136630172)]",Brustein,"['(DET, ->, ADV, obl)' '(NOUN, ->, ADJ, flat:foreign)'
 '(VERB, ->, DET, det)' '(VERB, <-, PRON, obl)' '(ADJ, ->, X, PAD)']"
18,18,"[np.float64(0.08603987500443533), np.float64(0.06535483924602159), np.float64(0.0639875376968766), np.float64(0.06348879940489827), np.float64(0.06210142195052415)]","[285, 806, 42, 424, 65]","[np.float64(0.01287328210970901), np.float64(0.004469447507909277), np.float64(0.037718138489360585), np.float64(0.009226842966049368), np.float64(0.030983986749710805)]",Bulgakov,"['(NUM, ->, NOUN, nsubj:pass)' '(NUM, ->, SYM, amod)'
 '(X, <-, ADV, fixed)' '(ADJ, <-, X, nsubj)' '(PROPN, ->, PUNCT, flat)']"
19,19,"[np.float64(0.081668840954503), np.float64(0.07847933278428298), np.float64(0.07636803745900145), np.float64(0.07330507744092518), np.float64(0.07315991834426194)]","[1372, 96, 1310, 449, 139]","[np.float64(0.0006918676664901357), np.float64(0.016182123758347305), np.float64(0.0007862092455491673), np.float64(0.005005791875120167), np.float64(0.013083012135428455)]",Bulychev,"['(AUX, <-, NOUN, amod)' '(ADP, ->, ADV, appos)'
 '(INTJ, ->, PRON, orphan)' '(PRON, <-, PRON, advmod)'
 '(NUM, ->, NUM, punct)']"
20,20,"[np.float64(0.08680070122046624), np.float64(0.07412014230097996), np.float64(0.0704653801123889), np.float64(0.06859322903512355), np.float64(0.06801035317918758)]","[0, 141, 283, 434, 320]","[np.float64(0.13390308558211425), np.float64(0.018241515474634075), np.float64(0.011931283260325139), np.float64(0.008598447455473415), np.float64(0.010745625498757128)]",Bushkov,"['(PROPN, ->, ADJ, advcl)' '(SCONJ, ->, PART, aux)'
 '(PART, ->, PROPN, flat:name)' '(ADP, <-, PART, aux)'
 '(PART, <-, PART, nsubj)']"
21,21,"[np.float64(0.08684622388629437), np.float64(0.08447941986063279), np.float64(0.07738182339968169), np.float64(0.0749805569454719), np.float64(0.06959005536785945)]","[10, 95, 1991, 762, 1457]","[np.float64(0.06008783238691767), np.float64(0.02092797808791981), np.float64(0.00045536101724149306), np.float64(0.0031065505497548853), np.float64(0.0008931135554934125)]",Bykov,"['(X, <-, PRON, nsubj:pass)' '(SCONJ, <-, NOUN, appos)'
 '(PROPN, ->, NOUN, nsubj)' '(PUNCT, ->, PRON, orphan)'
 '(ADJ, ->, ADP, case)']"
22,22,"[np.float64(0.023274811972684994), np.float64(0.023274811972684994), np.float64(0.023274811972684994), np.float64(0.023274811972684994), np.float64(0.023274811972684994)]","[7, 46, 58, 75, 86]","[np.float64(0.01838683727021946), np.float64(0.01838683727021946), np.float64(0.0022740280182920506), np.float64(0.01838683727021946), np.float64(0.01838683727021946)]",Chechin,"['(VERB, <-, PAD, case)' '(PART, ->, ADJ, obj)' '(NOUN, ->, ADV, nsubj)'
 '(PROPN, <-, DET, fixed)' '(VERB, ->, PART, case)']"
23,23,"[np.float64(0.1356063041830261), np.float64(0.13400834597830524), np.float64(0.11881411038933287), np.float64(0.11654660450340582), np.float64(0.11543345903366808)]","[5, 34, 7, 288, 11]","[np.float64(0.09748627786298371), np.float64(0.059745836568540774), np.float64(0.08911558435563419), np.float64(0.014985113306261198), np.float64(0.07655702030560722)]",Chekhov,"['(PAD, <-, NUM, amod)' '(NOUN, <-, CCONJ, punct)' '(VERB, <-, PAD, case)'
 '(NOUN, <-, PART, iobj)' '(AUX, ->, NOUN, ccomp)']"
24,24,"[np.float64(0.08175627749685044), np.float64(0.07973470175838715), np.float64(0.07326604322204233), np.float64(0.06657423140065566), np.float64(0.06486356755778278)]","[51, 321, 1169, 11, 40]","[np.float64(0.02383955768266522), np.float64(0.006799296963758605), np.float64(0.001031350255872007), np.float64(0.041660478636174385), np.float64(0.03012862143073695)]",Cherkasova,"['(NUM, <-, PART, case)' '(PAD, <-, PAD, compound)' '(SCONJ, ->, X, case)'
 '(AUX, ->, NOUN, ccomp)' '(ADJ, ->, ADJ, ccomp)']"
25,25,"[np.float64(0.0567800578097285), np.float64(0.0567800578097285), np.float64(0.056225426639456844), np.float64(0.05567079546918485), np.float64(0.055116164298913195)]","[52, 217, 40, 426, 31]","[np.float64(0.09568760374290644), np.float64(0.04512516895075528), np.float64(0.09959538227421018), np.float64(0.02323779778161437), np.float64(0.05655927225097196)]",Convlab,"['(SYM, ->, PROPN, conj)' '(PRON, ->, PROPN, cop)' '(ADJ, ->, ADJ, ccomp)'
 '(DET, ->, ADV, cop)' '(NUM, ->, ADV, root)']"
26,26,"[np.float64(0.023274811972684994), np.float64(0.023274811972684994), np.float64(0.023274811972684994), np.float64(0.023274811972684994), np.float64(0.023274811972684994)]","[26, 66, 111, 132, 197]","[np.float64(0.0018952101695798261), np.float64(0.0037904203391596523), np.float64(0.0018952101695798261), np.float64(0.0018952101695798261), np.float64(0.004393732895991252)]",Derevyanko,"['(PAD, ->, PAD, orphan)' '(NUM, <-, PUNCT, nummod:gov)'
 '(PROPN, ->, NUM, obl)' '(X, <-, SCONJ, advmod)' '(X, ->, ADJ, acl)']"
27,27,"[np.float64(0.023274811972684994), np.float64(0.023274811972684994), np.float64(0.023274811972684994), np.float64(0.023274811972684994), np.float64(0.023274811972684994)]","[2, 4, 7, 18, 20]","[np.float64(0.09050218967896184), np.float64(0.04504936033275735), np.float64(0.04504936033275735), np.float64(0.054301313807377107), np.float64(0.0014406764616059881)]",DoctorPiter,"['(PRON, <-, AUX, orphan)' '(SCONJ, ->, INTJ, advmod)'
 '(VERB, <-, PAD, case)' '(ADP, <-, PRON, cc)' '(PRON, ->, NOUN, csubj)']"
28,28,"[np.float64(0.07575313046189902), np.float64(0.06824328365006704), np.float64(0.06313015726777738), np.float64(0.06299417642971517), np.float64(0.06297563619621516)]","[722, 753, 141, 47, 188]","[np.float64(0.005026781441900358), np.float64(0.0047949461413029715), np.float64(0.022120541516485036), np.float64(0.038272039239103404), np.float64(0.017848895341055455)]",Dombrowski,"['(X, ->, X, acl:relcl)' '(NUM, ->, INTJ, conj)' '(SCONJ, ->, PART, aux)'
 '(NOUN, ->, ADP, acl)' '(ADP, ->, SYM, punct)']"
29,29,"[np.float64(0.023274811972684994), np.float64(0.023274811972684994), np.float64(0.023274811972684994), np.float64(0.023274811972684994), np.float64(0.023274811972684994)]","[38, 105, 338, 344, 684]","[np.float64(0.0005822134941927635), np.float64(0.0018055439954597111), np.float64(0.039721967900113654), np.float64(0.004226176019213105), np.float64(0.004988880750731723)]",Doronina,"['(PROPN, <-, ADV, nummod:gov)' '(DET, ->, NUM, obl)'
 '(AUX, ->, VERB, nummod:gov)' '(NOUN, <-, VERB, acl)'
 '(ADJ, ->, NUM, vocative)']"
30,30,"[np.float64(0.13045682512395784), np.float64(0.12570318642424072), np.float64(0.12290193084376988), np.float64(0.12279084211423641), np.float64(0.11746496178566534)]","[770, 70, 797, 561, 127]","[np.float64(0.005640315421868356), np.float64(0.03630693671279915), np.float64(0.005361072592739352), np.float64(0.00841336618576153), np.float64(0.027120275119795992)]",Dostoevsky,"['(DET, ->, PART, obl)' '(PRON, ->, X, acl:relcl)' '(X, <-, NUM, nsubj)'
 '(CCONJ, ->, VERB, cop)' '(PART, <-, NOUN, obj)']"
31,31,"[np.float64(0.07157535304723628), np.float64(0.07066407438410238), np.float64(0.06833331725270242), np.float64(0.06747446388224199), np.float64(0.06555555533607926)]","[1065, 773, 760, 1013, 1039]","[np.float64(0.00011182430062021849), np.float64(0.00104942252348086), np.float64(0.001207031109279787), np.float64(0.00041572913206182934), np.float64(0.0002747975650080208)]",Dovlatov,"['(ADV, <-, CCONJ, orphan)' '(DET, <-, PRON, cop)'
 '(NOUN, ->, PART, root)' '(NOUN, ->, DET, nsubj)'
 '(ADJ, <-, CCONJ, discourse)']"
32,32,"[np.float64(0.04924165711816697), np.float64(0.04620763445157283), np.float64(0.045307274778469186), np.float64(0.042712499248446445), np.float64(0.04118528226781659)]","[1013, 121, 1141, 1012, 174]","[np.float64(0.002500118858104346), np.float64(0.019327407879397174), np.float64(0.00147254278738064), np.float64(0.0025295404277026886), np.float64(0.015006082585050274)]",Dragunski,"['(NOUN, ->, DET, nsubj)' '(PUNCT, <-, VERB, obl)'
 '(INTJ, ->, INTJ, acl:relcl)' '(DET, <-, X, PAD)'
 '(PROPN, ->, CCONJ, advmod)']"
33,33,"[np.float64(0.023274811972684994), np.float64(0.023274811972684994), np.float64(0.023274811972684994), np.float64(0.023274811972684994), np.float64(0.023274811972684994)]","[11, 20, 50, 53, 96]","[np.float64(0.00022435033975447751), np.float64(0.0296440845785171), np.float64(0.003089778433542826), np.float64(0.008190927681558512), np.float64(0.0296440845785171)]",Drobyshevsky Rupasova,"['(AUX, ->, NOUN, ccomp)' '(PRON, ->, NOUN, csubj)'
 '(PROPN, <-, CCONJ, case)' '(ADV, ->, NOUN, obl)' '(ADP, ->, ADV, appos)']"
34,34,"[np.float64(0.07146766846377983), np.float64(0.07146766846377983), np.float64(0.07146766846377983), np.float64(0.07146766846377983), np.float64(0.07146766846377983)]","[8, 17, 19, 34, 65]","[np.float64(0.08496783021030352), np.float64(0.12220033513073514), np.float64(0.014415622181744173), np.float64(0.0421010224146556), np.float64(0.06186025285194951)]",Drobyshevsky,"['(NOUN, <-, DET, PAD)' '(PAD, <-, CCONJ, advmod)'
 '(NOUN, <-, VERB, iobj)' '(NOUN, <-, CCONJ, punct)'
 '(PROPN, ->, PUNCT, flat)']"
35,35,"[np.float64(0.023274811972684994), np.float64(0.023274811972684994), np.float64(0.023274811972684994), np.float64(0.023274811972684994), np.float64(0.023274811972684994)]","[24, 126, 300, 316, 320]","[np.float64(0.004389921794617654), np.float64(0.004664986412998274), np.float64(0.004664986412998274), np.float64(0.018659945651993096), np.float64(0.009329972825996548)]",Dubchak,"['(VERB, ->, PART, obl)' '(PROPN, ->, SYM, cc)' '(AUX, <-, NOUN, root)'
 '(AUX, ->, ADV, punct)' '(PART, <-, PART, nsubj)']"
36,36,"[np.float64(0.023274811972684994), np.float64(0.023274811972684994), np.float64(0.023274811972684994), np.float64(0.023274811972684994), np.float64(0.023274811972684994)]","[15, 29, 30, 46, 104]","[np.float64(0.03959278076585589), np.float64(0.0005955727376166651), np.float64(0.019796390382927943), np.float64(0.003195643246869303), np.float64(0.001709714470561998)]",EdimDoma,"['(ADJ, ->, INTJ, nummod)' '(DET, ->, SCONJ, acl:relcl)'
 '(NOUN, <-, SCONJ, mark)' '(PART, ->, ADJ, obj)'
 '(PRON, <-, SCONJ, root)']"
37,37,"[np.float64(0.09535263078123479), np.float64(0.09366051502703876), np.float64(0.08571947098705457), np.float64(0.07941143524845429), np.float64(0.07843822308087522)]","[606, 3, 0, 1600, 720]","[np.float64(0.003491139406729088), np.float64(0.07569058447378714), np.float64(0.09652353645529858), np.float64(0.0005079148568154236), np.float64(0.0026961087262560315)]",Efremov,"['(ADJ, ->, X, PAD)' '(X, <-, PROPN, flat)' '(PROPN, ->, ADJ, advcl)'
 '(ADV, ->, PAD, csubj)' '(VERB, <-, ADV, nsubj)']"
38,38,"[np.float64(0.04642298098010589), np.float64(0.043664951433390775), np.float64(0.0425228481222516), np.float64(0.04184819301295839), np.float64(0.041295163705866056)]","[1884, 1130, 93, 348, 1899]","[np.float64(0.0009269520791194256), np.float64(0.0023033162767073954), np.float64(0.025744443722670488), np.float64(0.009888821896207874), np.float64(0.0007684823748243612)]",Epstein,"['(CCONJ, ->, PROPN, iobj)' '(NUM, ->, PART, parataxis)'
 '(SCONJ, <-, PRON, iobj)' '(INTJ, ->, ADJ, nsubj)'
 '(PAD, ->, DET, nsubj)']"
39,39,"[np.float64(0.07355563767471174), np.float64(0.07309336997130078), np.float64(0.05914740714474098), np.float64(0.054791799226842075), np.float64(0.05398438346033285)]","[777, 247, 27, 131, 175]","[np.float64(0.0037949880940380664), np.float64(0.01172266370952643), np.float64(0.042326042959190374), np.float64(0.018165092738903058), np.float64(0.015557542788206686)]",Exler,"['(VERB, <-, ADJ, parataxis)' '(X, <-, PRON, appos)'
 '(VERB, <-, CCONJ, punct)' '(PROPN, <-, VERB, amod)'
 '(NOUN, <-, PART, appos)']"
40,40,"[np.float64(0.05726501065647094), np.float64(0.05596465023018338), np.float64(0.04528997724803452), np.float64(0.04507499045150043), np.float64(0.0447258794296318)]","[63, 1999, 70, 520, 785]","[np.float64(0.027131787014309166), np.float64(0.0006004802595069454), np.float64(0.025574483064977536), np.float64(0.00555632650664972), np.float64(0.0032362401940753687)]",Fadeev,"['(PRON, <-, NUM, det)' '(NOUN, ->, DET, discourse)'
 '(PRON, ->, X, acl:relcl)' '(ADV, ->, NOUN, orphan)'
 '(ADJ, <-, VERB, acl)']"
41,41,"[np.float64(0.06552544959243511), np.float64(0.05851157715567723), np.float64(0.05586962298999498), np.float64(0.05517838178738721), np.float64(0.054968082116549466)]","[110, 1542, 180, 2, 80]","[np.float64(0.026764781314467762), np.float64(0.0011870166523952608), np.float64(0.01892147073590818), np.float64(0.09066864445056247), np.float64(0.03027536576609872)]",Furmanov,"['(AUX, <-, PRON, obj)' '(ADJ, ->, NOUN, obl)' '(SYM, <-, AUX, cop)'
 '(PRON, <-, AUX, orphan)' '(ADJ, <-, PART, det)']"
42,42,"[np.float64(0.05039981852599518), np.float64(0.048759694922477115), np.float64(0.042046676936580596), np.float64(0.04116954806678841), np.float64(0.04019831961817322)]","[511, 0, 176, 194, 149]","[np.float64(0.010273142317760013), np.float64(0.19750506221272654), np.float64(0.033295441779021925), np.float64(0.029834112197397435), np.float64(0.035700712426328024)]",Gachev,"['(VERB, ->, PROPN, cop)' '(PROPN, ->, ADJ, advcl)'
 '(DET, <-, PRON, discourse)' '(PRON, <-, VERB, iobj)'
 '(PUNCT, ->, PRON, det)']"
43,43,"[np.float64(0.03924980969525427), np.float64(0.036083143028587394), np.float64(0.03530536525080985), np.float64(0.03069425413969873), np.float64(0.028829174774619215)]","[1, 159, 185, 168, 178]","[np.float64(0.1427262791820775), np.float64(0.020389468454582498), np.float64(0.018807148297208535), np.float64(0.020389468454582498), np.float64(0.020389468454582498)]",Gasymov,"['(X, ->, PROPN, mark)' '(NUM, ->, PUNCT, PAD)'
 '(INTJ, <-, ADV, nummod:gov)' '(NUM, <-, DET, mark)'
 '(ADP, <-, X, flat:foreign)']"
44,44,"[np.float64(0.050546747376745804), np.float64(0.04586802891819797), np.float64(0.04394186278182777), np.float64(0.043866633470718064), np.float64(0.04322997642238646)]","[197, 871, 863, 294, 117]","[np.float64(0.015057971608409538), np.float64(0.0031152511028076746), np.float64(0.0031450146102712565), np.float64(0.011341191371667867), np.float64(0.02127573282791787)]",Gaydar,"['(X, ->, ADJ, acl)' '(NOUN, <-, ADJ, nsubj)' '(NOUN, ->, ADP, PAD)'
 '(PROPN, ->, PUNCT, nsubj)' '(NUM, ->, SYM, fixed)']"
45,45,"[np.float64(0.023274811972684994), np.float64(0.023274811972684994), np.float64(0.023274811972684994), np.float64(0.023274811972684994), np.float64(0.023274811972684994)]","[10, 60, 61, 100, 159]","[np.float64(0.01661255347359357), np.float64(0.06645021389437428), np.float64(0.01661255347359357), np.float64(0.01661255347359357), np.float64(0.01661255347359357)]",GazetaRu,"['(X, <-, PRON, nsubj:pass)' '(INTJ, ->, PUNCT, fixed)'
 '(PART, <-, PROPN, conj)' '(ADJ, <-, NUM, nsubj)' '(NUM, ->, PUNCT, PAD)']"
46,46,"[np.float64(0.05441340489788815), np.float64(0.0534814096137336), np.float64(0.05182798736230454), np.float64(0.04976949665020769), np.float64(0.0472924634516485)]","[466, 645, 1283, 300, 539]","[np.float64(0.004829317337991769), np.float64(0.003400546955491418), np.float64(0.00100162243630129), np.float64(0.0072693060680671315), np.float64(0.0041694096208878964)]",Gelb,"['(PROPN, ->, CCONJ, cc)' '(ADJ, ->, INTJ, flat:foreign)'
 '(SCONJ, <-, NOUN, acl:relcl)' '(AUX, <-, NOUN, root)'
 '(PUNCT, <-, PUNCT, punct)']"
47,47,"[np.float64(0.023274811972684994), np.float64(0.023274811972684994), np.float64(0.023274811972684994), np.float64(0.023274811972684994), np.float64(0.023274811972684994)]","[11, 52, 107, 248, 254]","[np.float64(0.05563375433668049), np.float64(0.029053796975962463), np.float64(0.002075271212568747), np.float64(0.0021521035608558963), np.float64(0.018677440913118723)]",Gorelov,"['(AUX, ->, NOUN, ccomp)' '(SYM, ->, PROPN, conj)' '(ADV, ->, DET, fixed)'
 '(ADV, <-, NOUN, csubj)' '(ADJ, <-, DET, advmod)']"
48,48,"[np.float64(0.023274811972684994), np.float64(0.023274811972684994), np.float64(0.023274811972684994), np.float64(0.023274811972684994), np.float64(0.023274811972684994)]","[0, 1, 2, 13, 14]","[np.float64(0.022663054421801467), np.float64(0.045326108843602934), np.float64(0.0339945816327022), np.float64(0.03810582873996854), np.float64(0.0679891632654044)]",GorVestnik,"['(PROPN, ->, ADJ, advcl)' '(X, ->, PROPN, mark)'
 '(PRON, <-, AUX, orphan)' '(PART, <-, NUM, parataxis)'
 '(PRON, ->, NOUN, flat:foreign)']"
49,49,"[np.float64(0.05651417448088303), np.float64(0.05350998473253665), np.float64(0.046644264637693444), np.float64(0.045473434496484555), np.float64(0.04297992659870109)]","[1453, 153, 185, 797, 102]","[np.float64(0.00079369976730064), np.float64(0.018120216634552072), np.float64(0.01632474376583387), np.float64(0.0032179910360631532), np.float64(0.02365956685694373)]",Granin,"['(ADJ, ->, PART, xcomp)' '(NOUN, ->, INTJ, obl)'
 '(INTJ, <-, ADV, nummod:gov)' '(X, <-, NUM, nsubj)'
 '(PROPN, <-, VERB, appos)']"
50,50,"[np.float64(0.06865700842156564), np.float64(0.06363545983273056), np.float64(0.06157962099646752), np.float64(0.06084178706397825), np.float64(0.05945315616440994)]","[144, 626, 951, 824, 1262]","[np.float64(0.019242769573643865), np.float64(0.005835159302775066), np.float64(0.00289911922841769), np.float64(0.003663238767892134), np.float64(0.0014974365737783276)]",Grekova,"['(PUNCT, <-, PROPN, root)' '(AUX, <-, X, flat:foreign)'
 '(VERB, <-, ADV, parataxis)' '(NOUN, <-, VERB, acl:relcl)'
 '(NUM, ->, SYM, root)']"
51,51,"[np.float64(0.07879233944372499), np.float64(0.07340521418263168), np.float64(0.07319282008880001), np.float64(0.07310892127736834), np.float64(0.07061463354046937)]","[1281, 1779, 818, 1161, 1431]","[np.float64(0.0009403683511340381), np.float64(0.0005067311905763069), np.float64(0.0021673041316153325), np.float64(0.0011795596854662672), np.float64(0.0007052676235769804)]",Grin,"['(AUX, ->, X, obl)' '(ADV, <-, PROPN, advmod)' '(ADJ, ->, ADP, xcomp)'
 '(DET, ->, PROPN, advcl)' '(INTJ, <-, SCONJ, mark)']"
52,52,"[np.float64(0.04091647636192075), np.float64(0.04091647636192075), np.float64(0.04036092080636533), np.float64(0.04036092080636533), np.float64(0.04036092080636533)]","[769, 778, 741, 914, 927]","[np.float64(0.004781252570171433), np.float64(0.004781252570171433), np.float64(0.004781252570171433), np.float64(0.004781252570171433), np.float64(0.004781252570171433)]",Gusev,"['(PROPN, ->, PUNCT, discourse)' '(PRON, ->, PROPN, advcl)'
 '(X, <-, SCONJ, obl)' '(AUX, <-, INTJ, cc)'
 '(VERB, <-, CCONJ, nummod:gov)']"
53,53,"[np.float64(0.023274811972684994), np.float64(0.023274811972684994), np.float64(0.023274811972684994), np.float64(0.023274811972684994), np.float64(0.023274811972684994)]","[6, 7, 40, 75, 113]","[np.float64(0.003250938915870387), np.float64(0.003250938915870387), np.float64(0.003250938915870387), np.float64(0.003250938915870387), np.float64(0.003250938915870387)]",Gusiatnikova,"['(VERB, ->, DET, fixed)' '(VERB, <-, PAD, case)' '(ADJ, ->, ADJ, ccomp)'
 '(PROPN, <-, DET, fixed)' '(PROPN, ->, X, nsubj)']"
54,54,"[np.float64(0.07153720087781834), np.float64(0.06264983092778409), np.float64(0.06148375559307817), np.float64(0.061045324963056924), np.float64(0.05859611715819557)]","[1186, 723, 720, 593, 637]","[np.float64(0.0009118158710524697), np.float64(0.0022209566025612132), np.float64(0.0022209566025612132), np.float64(0.0028302914040842096), np.float64(0.002569319151663234)]",Hoffman,"['(PRON, ->, ADV, appos)' '(VERB, <-, VERB, det)' '(VERB, <-, ADV, nsubj)'
 '(VERB, <-, INTJ, mark)' '(CCONJ, ->, NUM, fixed)']"
55,55,"[np.float64(0.07368418556981382), np.float64(0.07350998714697676), np.float64(0.06745292099540345), np.float64(0.06335413640464738), np.float64(0.0625910117269658)]","[466, 862, 735, 831, 565]","[np.float64(0.006797099179909877), np.float64(0.003122822018350393), np.float64(0.0038828013692689197), np.float64(0.0033056391874033606), np.float64(0.0054211610885737)]",Kassil,"['(PROPN, ->, CCONJ, cc)' '(ADP, <-, ADV, case)' '(PROPN, <-, NUM, advcl)'
 '(NUM, <-, DET, det)' '(ADJ, ->, INTJ, case)']"
56,56,"[np.float64(0.07571390954882562), np.float64(0.07256858311122849), np.float64(0.07229654167210431), np.float64(0.07131914558627539), np.float64(0.06991989106040675)]","[562, 869, 1590, 668, 1070]","[np.float64(0.005403314946857516), np.float64(0.002920259523081547), np.float64(0.0008799648456464734), np.float64(0.0042670538564522804), np.float64(0.0020208480206250936)]",Kataev,"['(VERB, ->, NOUN, compound)' '(INTJ, ->, INTJ, conj)'
 '(PRON, ->, X, nsubj)' '(VERB, ->, DET, nummod:gov)'
 '(PRON, ->, INTJ, mark)']"
57,57,"[np.float64(0.09294510175492587), np.float64(0.08952948166434482), np.float64(0.08463737422601691), np.float64(0.08441041229988211), np.float64(0.08372938673912445)]","[89, 196, 393, 728, 552]","[np.float64(0.02241885384225679), np.float64(0.013847992649856727), np.float64(0.0076830275594880855), np.float64(0.003685447309897373), np.float64(0.0054408300736314644)]",Kaverin,"['(ADV, <-, NOUN, cc)' '(NOUN, <-, CCONJ, cop)'
 '(PART, ->, DET, discourse)' '(PRON, ->, INTJ, obl)'
 '(X, ->, SCONJ, obl)']"
58,58,"[np.float64(0.023274811972684994), np.float64(0.023274811972684994), np.float64(0.023274811972684994), np.float64(0.023274811972684994), np.float64(0.023274811972684994)]","[10, 18, 21, 58, 65]","[np.float64(0.032405134285495546), np.float64(0.006481026857099109), np.float64(0.002658040448162367), np.float64(0.019443080571297323), np.float64(0.005376778087679908)]",Kirsanova Anodina Aksenov,"['(X, <-, PRON, nsubj:pass)' '(ADP, <-, PRON, cc)'
 '(VERB, ->, INTJ, punct)' '(NOUN, ->, ADV, nsubj)'
 '(PROPN, ->, PUNCT, flat)']"
59,59,"[np.float64(0.0342220319174763), np.float64(0.03402758747303203), np.float64(0.03269425413969884), np.float64(0.031610920806365295), np.float64(0.03141250810795271)]","[1793, 330, 143, 137, 22]","[np.float64(0.00038397837632167677), np.float64(0.009821704943851432), np.float64(0.01926658740117759), np.float64(0.019643409887702863), np.float64(0.0553498275882763)]",Knabe,"['(X, <-, AUX, conj)' '(PAD, ->, PAD, appos)' '(VERB, <-, X, parataxis)'
 '(PART, <-, VERB, obl)' '(PRON, ->, ADP, mark)']"
60,60,"[np.float64(0.023274811972684994), np.float64(0.023274811972684994), np.float64(0.023274811972684994), np.float64(0.023274811972684994), np.float64(0.023274811972684994)]","[156, 237, 341, 360, 407]","[np.float64(0.0), np.float64(0.011205864180114466), np.float64(0.011205864180114466), np.float64(0.004648294653428194), np.float64(0.005543628573039831)]",Koni,"['(PART, <-, PUNCT, advmod)' '(AUX, ->, NUM, obl)' '(DET, ->, PRON, nmod)'
 '(VERB, <-, PUNCT, obl)' '(ADV, ->, AUX, nsubj)']"
61,61,"[np.float64(0.05143158291181704), np.float64(0.04583368445311453), np.float64(0.04571029428937001), np.float64(0.04246231645469967), np.float64(0.042410591572405676)]","[405, 77, 650, 1372, 493]","[np.float64(0.005529136748804782), np.float64(0.018103060927037187), np.float64(0.0031418258708781326), np.float64(0.0007537178699486531), np.float64(0.004404564423015725)]",Kozlov,"['(PROPN, ->, ADV, obj)' '(VERB, <-, CCONJ, cc)'
 '(PROPN, ->, PROPN, nsubj:pass)' '(AUX, <-, NOUN, amod)'
 '(PUNCT, ->, ADJ, acl)']"
62,62,"[np.float64(0.1232224975724534), np.float64(0.11433170643273283), np.float64(0.11025626135075206), np.float64(0.10623805025612865), np.float64(0.10579213124816955)]","[49, 267, 69, 871, 461]","[np.float64(0.02883032208708618), np.float64(0.010159982739645947), np.float64(0.025246244899679995), np.float64(0.0025629459587903493), np.float64(0.006249909767030747)]",Krapivin,"['(ADV, ->, ADP, parataxis)' '(NUM, <-, X, cc)' '(VERB, ->, X, aux)'
 '(NOUN, <-, ADJ, nsubj)' '(PROPN, ->, PROPN, PAD)']"
63,63,"[np.float64(0.10156375015792007), np.float64(0.08676901012300453), np.float64(0.08656277538869817), np.float64(0.08327513322844649), np.float64(0.08317943252922466)]","[270, 502, 971, 210, 1200]","[np.float64(0.011615287619073171), np.float64(0.006549919881235919), np.float64(0.0025482205913358188), np.float64(0.013792470425057561), np.float64(0.0017884901682137422)]",Kuprin,"['(NUM, ->, DET, orphan)' '(VERB, <-, DET, expl)'
 '(ADJ, <-, AUX, aux:pass)' '(PROPN, ->, NUM, nmod)'
 '(ADJ, <-, ADJ, orphan)']"
64,64,"[np.float64(0.050855408415860226), np.float64(0.03469687745867511), np.float64(0.033657523638015774), np.float64(0.0324914789184757), np.float64(0.03195336977266949)]","[917, 36, 802, 178, 1493]","[np.float64(0.002685907340575178), np.float64(0.03880603509654191), np.float64(0.004415527930620201), np.float64(0.01530164739289847), np.float64(7.60807475555088e-05)]",Lermontov,"['(VERB, ->, VERB, csubj)' '(PRON, <-, CCONJ, advmod)'
 '(SCONJ, <-, PRON, root)' '(ADP, <-, X, flat:foreign)'
 '(PART, <-, DET, det)']"
65,65,"[np.float64(0.12847850061489385), np.float64(0.12023287678630945), np.float64(0.11733501176777339), np.float64(0.11257818488338012), np.float64(0.11202176131111041)]","[57, 130, 43, 816, 29]","[np.float64(0.04565281104647828), np.float64(0.025521290992753756), np.float64(0.05150925365083846), np.float64(0.003910821240357952), np.float64(0.05870171998956986)]",Losev,"['(VERB, <-, PROPN, acl)' '(PART, ->, DET, nsubj)'
 '(PRON, ->, ADV, acl:relcl)' '(CCONJ, <-, ADJ, advmod)'
 '(DET, ->, SCONJ, acl:relcl)']"
66,66,"[np.float64(0.023274811972684994), np.float64(0.023274811972684994), np.float64(0.023274811972684994), np.float64(0.023274811972684994), np.float64(0.023274811972684994)]","[190, 317, 368, 607, 907]","[np.float64(0.002482478349664324), np.float64(0.00018237072024464634), np.float64(0.0007746895449921512), np.float64(0.004964956699328648), np.float64(0.004964956699328648)]",Lubimova,"['(PRON, <-, PUNCT, cc)' '(ADP, <-, PUNCT, PAD)' '(AUX, ->, PROPN, fixed)'
 '(NUM, <-, VERB, discourse)' '(VERB, ->, NOUN, nummod:entity)']"
67,67,"[np.float64(0.0803841426734534), np.float64(0.07334231954484682), np.float64(0.0730526061243878), np.float64(0.07295225937523342), np.float64(0.07195218704317874)]","[401, 0, 629, 500, 177]","[np.float64(0.006755958762430255), np.float64(0.1236721024519741), np.float64(0.0038677995053113664), np.float64(0.005309558368491979), np.float64(0.013240489892528953)]",Lukyanenko,"['(X, ->, AUX, conj)' '(PROPN, ->, ADJ, advcl)' '(PROPN, <-, X, advmod)'
 '(PART, <-, ADV, orphan)' '(INTJ, ->, VERB, obl)']"
68,68,"[np.float64(0.023274811972684994), np.float64(0.023274811972684994), np.float64(0.023274811972684994), np.float64(0.023274811972684994), np.float64(0.023274811972684994)]","[41, 188, 216, 388, 797]","[np.float64(0.011296644026032438), np.float64(0.0018827740043387397), np.float64(0.009885152180489352), np.float64(0.0018827740043387397), np.float64(0.032007158073758576)]",Lungu,"['(PART, ->, X, root)' '(ADP, ->, SYM, punct)' '(PROPN, <-, DET, obj)'
 '(X, ->, DET, orphan)' '(X, <-, NUM, nsubj)']"
69,69,"[np.float64(0.08357549856276036), np.float64(0.08301496178533607), np.float64(0.07191382506333843), np.float64(0.07064122441159881), np.float64(0.07058151269133073)]","[40, 405, 465, 158, 85]","[np.float64(0.058707469828533664), np.float64(0.013397584926264165), np.float64(0.011702895567523677), np.float64(0.026702134291293186), np.float64(0.040679234956765564)]",Makushinskiyi,"['(ADJ, ->, ADJ, ccomp)' '(PROPN, ->, ADV, obj)'
 '(PUNCT, ->, ADP, orphan)' '(VERB, ->, PUNCT, amod)'
 '(ADV, ->, ADV, iobj)']"
70,70,"[np.float64(0.05400690195836877), np.float64(0.05253514853154051), np.float64(0.049512408653559326), np.float64(0.048904295191868674), np.float64(0.045152611490101635)]","[693, 892, 396, 1203, 1088]","[np.float64(0.005646884689898186), np.float64(0.003883702272714809), np.float64(0.010356149545239087), np.float64(0.0025523732695593828), np.float64(0.0029460824381575246)]",Malevish,"['(NUM, <-, ADP, obl)' '(NOUN, ->, PUNCT, case)' '(VERB, ->, AUX, advmod)'
 '(PUNCT, ->, PART, acl:relcl)' '(PROPN, <-, PRON, flat:name)']"
71,71,"[np.float64(0.11114644453910116), np.float64(0.10151185134597085), np.float64(0.09883684715549068), np.float64(0.09460071526837222), np.float64(0.0937567879188832)]","[57, 32, 89, 676, 199]","[np.float64(0.03381527842461094), np.float64(0.048487973532687224), np.float64(0.02678141274381152), np.float64(0.004613997689495643), np.float64(0.01502561659160047)]",Mamin-Sibiryak,"['(VERB, <-, PROPN, acl)' '(DET, ->, ADP, advmod)' '(ADV, <-, NOUN, cc)'
 '(X, <-, X, discourse)' '(INTJ, <-, VERB, advcl)']"
72,72,"[np.float64(0.023274811972684994), np.float64(0.023274811972684994), np.float64(0.023274811972684994), np.float64(0.023274811972684994), np.float64(0.023274811972684994)]","[9, 12, 17, 165, 345]","[np.float64(0.005560038830037656), np.float64(0.011120077660075311), np.float64(0.05560038830037655), np.float64(0.0023063548112942757), np.float64(0.005560038830037656)]",Mamina,"['(NOUN, ->, AUX, obl)' '(PROPN, <-, PRON, obj)'
 '(PAD, <-, CCONJ, advmod)' '(PAD, ->, NOUN, iobj)'
 '(PART, ->, PUNCT, mark)']"
73,73,"[np.float64(0.023274811972684994), np.float64(0.023274811972684994), np.float64(0.023274811972684994), np.float64(0.023274811972684994), np.float64(0.023274811972684994)]","[4, 43, 373, 380, 405]","[np.float64(0.00401051981183044), np.float64(0.00401051981183044), np.float64(0.0058226006711363685), np.float64(0.00401051981183044), np.float64(0.00802103962366088)]",Marchik,"['(SCONJ, ->, INTJ, advmod)' '(PRON, ->, ADV, acl:relcl)'
 '(CCONJ, ->, ADJ, advcl)' '(VERB, <-, ADV, flat:foreign)'
 '(PROPN, ->, ADV, obj)']"
74,74,"[np.float64(0.10929190614581963), np.float64(0.10187536109038609), np.float64(0.09689154738946704), np.float64(0.09654554115762093), np.float64(0.09470704968687726)]","[1482, 78, 605, 658, 272]","[np.float64(0.0008389542696877752), np.float64(0.02665879521661898), np.float64(0.004830287393195652), np.float64(0.004291165173474265), np.float64(0.01196578572606476)]",Marinina,"['(VERB, <-, VERB, conj)' '(PART, <-, PART, mark)'
 '(NUM, <-, ADV, nummod:gov)' '(ADV, ->, PART, advcl)'
 '(NOUN, <-, X, advmod)']"
75,75,"[np.float64(0.05091647636192076), np.float64(0.04005536525080966), np.float64(0.0325553652508096), np.float64(0.028736582182026793), np.float64(0.02580921325465768)]","[558, 462, 616, 334, 590]","[np.float64(0.0015096491896674003), np.float64(0.0033604738750175984), np.float64(7.785778991652414e-05), np.float64(0.012448034494813343), np.float64(0.0005240512811599712)]",Mikhalkov,"['(VERB, <-, PRON, obl)' '(NOUN, <-, NOUN, flat)' '(PROPN, <-, X, conj)'
 '(INTJ, ->, X, nummod)' '(NOUN, <-, AUX, root)']"
76,76,"[np.float64(0.06868892514397051), np.float64(0.056239470804282155), np.float64(0.0532537812188445), np.float64(0.05239421929702581), np.float64(0.047466086380793526)]","[186, 693, 71, 80, 358]","[np.float64(0.017814229056987322), np.float64(0.006150818336659136), np.float64(0.030227300648791443), np.float64(0.029193708980693713), np.float64(0.011133972798541305)]",Moshkov,"['(NUM, ->, ADJ, acl:relcl)' '(NUM, <-, ADP, obl)'
 '(PROPN, <-, PAD, parataxis)' '(ADJ, <-, PART, det)'
 '(ADV, <-, ADP, advmod)']"
77,77,"[np.float64(0.023274811972684994), np.float64(0.023274811972684994), np.float64(0.023274811972684994), np.float64(0.023274811972684994), np.float64(0.023274811972684994)]","[42, 50, 134, 140, 169]","[np.float64(0.003248960452109804), np.float64(0.033177676387662246), np.float64(0.033177676387662246), np.float64(0.016588838193831123), np.float64(0.016588838193831123)]",NakedScience,"['(X, <-, ADV, fixed)' '(PROPN, <-, CCONJ, case)' '(PRON, ->, VERB, det)'
 '(NUM, <-, DET, obl)' '(VERB, <-, ADV, cc)']"
78,78,"[np.float64(0.023274811972684994), np.float64(0.023274811972684994), np.float64(0.023274811972684994), np.float64(0.023274811972684994), np.float64(0.023274811972684994)]","[3, 25, 27, 37, 127]","[np.float64(0.12328041269918381), np.float64(0.05581947262747708), np.float64(0.005209031522500725), np.float64(0.0017363438408335746), np.float64(0.0017363438408335746)]",nlobooks[ru],"['(X, <-, PROPN, flat)' '(AUX, <-, PART, cc)' '(VERB, <-, CCONJ, punct)'
 '(ADV, ->, CCONJ, fixed)' '(PART, <-, NOUN, obj)']"
79,79,"[np.float64(0.05771131603893487), np.float64(0.057179063962579435), np.float64(0.05629772840787606), np.float64(0.05528251070340906), np.float64(0.05232357306554292)]","[1365, 800, 7, 450, 1360]","[np.float64(0.00012799673191030513), np.float64(0.002510359492542154), np.float64(0.060858626345597355), np.float64(0.005330840094303669), np.float64(0.00018717205492169034)]",Nosov,"['(PRON, <-, PROPN, mark)' '(PROPN, ->, PART, orphan)'
 '(VERB, <-, PAD, case)' '(PROPN, <-, VERB, fixed)'
 '(INTJ, <-, PART, punct)']"
80,80,"[np.float64(0.06480233357081178), np.float64(0.06055385477787678), np.float64(0.059803171621108486), np.float64(0.05864989470693016), np.float64(0.05693570389840641)]","[1338, 636, 1907, 976, 96]","[np.float64(0.0010666152586348617), np.float64(0.0037102026746961814), np.float64(0.00043514755452886454), np.float64(0.0019353969256813688), np.float64(0.019522014345643292)]",Oseeva,"['(NOUN, <-, PUNCT, nsubj)' '(PROPN, <-, ADV, nsubj)'
 '(PROPN, ->, PART, mark)' '(ADV, <-, NOUN, advcl)'
 '(ADP, ->, ADV, appos)']"
81,81,"[np.float64(0.03822203191747642), np.float64(0.03381991551536012), np.float64(0.03138869858414295), np.float64(0.03138550465829815), np.float64(0.030440285885730334)]","[661, 17, 641, 2, 660]","[np.float64(1.2047778930218921e-05), np.float64(0.04663681193653321), np.float64(0.000204243710115669), np.float64(0.07518848914478578), np.float64(1.2705251159250642e-05)]",Oster,"['(NUM, <-, PUNCT, advmod)' '(PAD, <-, CCONJ, advmod)'
 '(PUNCT, <-, ADV, advmod)' '(PRON, <-, AUX, orphan)'
 '(X, <-, PROPN, cop)']"
82,82,"[np.float64(0.023274811972684994), np.float64(0.023274811972684994), np.float64(0.023274811972684994), np.float64(0.023274811972684994), np.float64(0.023274811972684994)]","[167, 275, 300, 317, 368]","[np.float64(0.0006006783591093139), np.float64(0.006370877826084816), np.float64(0.006370877826084816), np.float64(0.006370877826084816), np.float64(0.00040791585939492606)]",Plevako,"['(X, <-, CCONJ, advmod)' '(X, <-, PRON, nmod)' '(AUX, <-, NOUN, root)'
 '(ADP, <-, PUNCT, PAD)' '(AUX, ->, PROPN, fixed)']"
83,83,"[np.float64(0.053266434481814784), np.float64(0.051012842163757455), np.float64(0.050277027743207525), np.float64(0.04931136408156178), np.float64(0.04649139888618137)]","[29, 77, 253, 105, 238]","[np.float64(0.04531119485741261), np.float64(0.028140646309173834), np.float64(0.013451159794839178), np.float64(0.02456270596206411), np.float64(0.014505294076119994)]",Preobrazhensky,"['(DET, ->, SCONJ, acl:relcl)' '(VERB, <-, CCONJ, cc)'
 '(PRON, <-, VERB, aux:pass)' '(DET, ->, NUM, obl)'
 '(SYM, <-, DET, nsubj)']"
84,84,"[np.float64(0.048931314665089376), np.float64(0.048436808934802955), np.float64(0.046380202458783826), np.float64(0.04630327489636432), np.float64(0.042998008493452367)]","[226, 54, 1414, 1403, 812]","[np.float64(0.011496149758440634), np.float64(0.027569592994202054), np.float64(0.0012090932194788952), np.float64(0.0013835000260075737), np.float64(0.002690221244496784)]",Prokofeva,"['(PROPN, <-, PART, flat)' '(VERB, <-, INTJ, nsubj)'
 '(PART, ->, INTJ, nummod:gov)' '(NOUN, <-, ADJ, parataxis)'
 '(ADP, ->, ADV, punct)']"
85,85,"[np.float64(0.03822203191747642), np.float64(0.03730536525080974), np.float64(0.03544425413969854), np.float64(0.03338869858414295), np.float64(0.03305536525080999)]","[188, 20, 337, 4, 68]","[np.float64(0.013853693312534865), np.float64(0.05538418810504756), np.float64(0.00932766477186268), np.float64(0.08553265215949166), np.float64(0.02770738662506973)]",Pushkin,"['(ADP, ->, SYM, punct)' '(PRON, ->, NOUN, csubj)' '(ADV, ->, ADJ, nmod)'
 '(SCONJ, ->, INTJ, advmod)' '(NUM, ->, ADJ, root)']"
86,86,"[np.float64(0.023274811972684994), np.float64(0.023274811972684994), np.float64(0.023274811972684994), np.float64(0.023274811972684994), np.float64(0.023274811972684994)]","[0, 4, 5, 11, 12]","[np.float64(0.00012472143154386052), np.float64(0.000574277395256342), np.float64(0.03018306793449014), np.float64(0.010061022644830043), np.float64(0.010061022644830043)]",pvlida,"['(PROPN, ->, ADJ, advcl)' '(SCONJ, ->, INTJ, advmod)'
 '(PAD, <-, NUM, amod)' '(AUX, ->, NOUN, ccomp)' '(PROPN, <-, PRON, obj)']"
87,87,"[np.float64(0.06538802943013922), np.float64(0.054261876519929086), np.float64(0.05416398363131647), np.float64(0.05249679775781324), np.float64(0.05235738110330901)]","[1771, 80, 1748, 0, 86]","[np.float64(0.00011476804875352292), np.float64(0.02119926983326746), np.float64(0.00033367012910787006), np.float64(0.11651868026288226), np.float64(0.019679965497726135)]",Regentov,"['(PRON, ->, PART, flat)' '(ADJ, <-, PART, det)' '(DET, <-, PUNCT, case)'
 '(PROPN, ->, ADJ, advcl)' '(VERB, ->, PART, case)']"
88,88,"[np.float64(0.04909643527585572), np.float64(0.04784851514274402), np.float64(0.04772636423024379), np.float64(0.04745631167233777), np.float64(0.047393585528080595)]","[570, 935, 941, 947, 919]","[np.float64(0.006206650442964613), np.float64(0.0031033252214823065), np.float64(0.0031033252214823065), np.float64(0.0031033252214823065), np.float64(0.0031033252214823065)]",Rubina,"['(VERB, ->, NUM, amod)' '(NOUN, <-, INTJ, det)' '(VERB, ->, SYM, mark)'
 '(VERB, <-, ADJ, root)' '(ADJ, ->, AUX, csubj)']"
89,89,"[np.float64(0.08069929919154739), np.float64(0.07883486719842026), np.float64(0.07376924691465458), np.float64(0.07246144210580518), np.float64(0.06903549588165547)]","[1439, 387, 1601, 482, 66]","[np.float64(0.0010406559717593953), np.float64(0.007923084927820512), np.float64(0.0008140524707019041), np.float64(0.006234491658501377), np.float64(0.02454272458630352)]",Rybakov,"['(NUM, ->, INTJ, punct)' '(NUM, ->, VERB, orphan)'
 '(VERB, ->, VERB, iobj)' '(DET, ->, DET, flat:name)'
 '(NUM, <-, PUNCT, nummod:gov)']"
90,90,"[np.float64(0.04776333964159518), np.float64(0.041655673966541906), np.float64(0.040726209642734656), np.float64(0.03955822133018283), np.float64(0.03929011107685232)]","[345, 351, 344, 97, 352]","[np.float64(0.008933244604524685), np.float64(0.008933244604524685), np.float64(0.008933244604524685), np.float64(0.025831082142257395), np.float64(0.008933244604524685)]",Salnikov,"['(PART, ->, PUNCT, mark)' '(NOUN, ->, VERB, nsubj)'
 '(NOUN, <-, VERB, acl)' '(PUNCT, ->, VERB, nmod)'
 '(PRON, ->, PUNCT, obl)']"
91,91,"[np.float64(0.08916104817209525), np.float64(0.08665255797652216), np.float64(0.08357466776991918), np.float64(0.08316286376900617), np.float64(0.08225257127455532)]","[28, 656, 337, 1452, 305]","[np.float64(0.05577734528718635), np.float64(0.006976584219363141), np.float64(0.013369127425154365), np.float64(0.001918840602309544), np.float64(0.014479707469493732)]",SaltykovSchedrin,"['(X, <-, NUM, root)' '(ADJ, ->, INTJ, flat)' '(ADV, ->, ADJ, nmod)'
 '(ADP, ->, DET, nsubj)' '(CCONJ, ->, NOUN, fixed)']"
92,92,"[np.float64(0.023274811972684994), np.float64(0.023274811972684994), np.float64(0.023274811972684994), np.float64(0.023274811972684994), np.float64(0.023274811972684994)]","[7, 162, 297, 302, 315]","[np.float64(0.003837041820960443), np.float64(0.0805778782401693), np.float64(0.003837041820960443), np.float64(0.007674083641920886), np.float64(0.003837041820960443)]",Semihatov,"['(VERB, <-, PAD, case)' '(VERB, ->, PROPN, obl)' '(PAD, ->, VERB, amod)'
 '(PUNCT, ->, PUNCT, acl:relcl)' '(PUNCT, <-, PUNCT, root)']"
93,93,"[np.float64(0.09837571698820236), np.float64(0.09827238233803837), np.float64(0.09466834862692064), np.float64(0.08909117695031799), np.float64(0.08655239744506671)]","[402, 1292, 1608, 529, 842]","[np.float64(0.007612416799695835), np.float64(0.0015591248797899974), np.float64(0.0009370541468583792), np.float64(0.005705201022254284), np.float64(0.0033026233507504913)]",Serafimovich,"['(PAD, <-, PRON, parataxis)' '(NOUN, <-, SYM, obl)'
 '(VERB, ->, ADV, ccomp)' '(VERB, <-, INTJ, nummod:gov)'
 '(PAD, ->, ADV, conj)']"
94,94,"[np.float64(0.053907155886654845), np.float64(0.05269822270097768), np.float64(0.04992944619270534), np.float64(0.0458678990932454), np.float64(0.04369699739381139)]","[370, 595, 1225, 870, 377]","[np.float64(0.010803557921752412), np.float64(0.006762076363758383), np.float64(0.002283301016901176), np.float64(0.004104479794533612), np.float64(0.010643217389439547)]",Sergeev-Tsenskij,"['(ADV, ->, VERB, nummod:gov)' '(ADJ, <-, PART, root)'
 '(DET, ->, SCONJ, fixed)' '(SYM, <-, X, case)' '(PRON, <-, ADJ, amod)']"
95,95,"[np.float64(0.037249809695254044), np.float64(0.037249809695254044), np.float64(0.03663869858414304), np.float64(0.0364720319174765), np.float64(0.036222031917476416)]","[18, 721, 1737, 858, 722]","[np.float64(0.10891904387834504), np.float64(0.006503796279480342), np.float64(0.0013489170039443507), np.float64(0.004858303406659604), np.float64(0.006503796279480342)]",Shevtsov,"['(ADP, <-, PRON, cc)' '(PART, <-, VERB, cop)' '(VERB, <-, NOUN, root)'
 '(SCONJ, <-, DET, nsubj)' '(X, ->, X, acl:relcl)']"
96,96,"[np.float64(0.037666476361920664), np.float64(0.037110920806365244), np.float64(0.03683314302858731), np.float64(0.035666476361920996), np.float64(0.03561092080636541)]","[464, 463, 1256, 110, 1723]","[np.float64(0.00747277804101218), np.float64(0.00747277804101218), np.float64(0.0016818158009398385), np.float64(0.02241833412303654), np.float64(0.0007540537986366381)]",Shukshin,"['(PART, <-, VERB, advmod)' '(ADJ, ->, CCONJ, fixed)'
 '(ADJ, ->, PROPN, nummod:gov)' '(AUX, <-, PRON, obj)'
 '(ADP, <-, ADP, discourse)']"
97,97,"[np.float64(0.023274811972684994), np.float64(0.023274811972684994), np.float64(0.023274811972684994), np.float64(0.023274811972684994), np.float64(0.023274811972684994)]","[98, 108, 279, 335, 371]","[np.float64(0.0009056155591004536), np.float64(0.02659149005670183), np.float64(0.02659149005670183), np.float64(0.002541349921866798), np.float64(0.0010831071686703674)]",ShushpanovLouk,"['(NOUN, ->, ADJ, flat:foreign)' '(PAD, <-, VERB, conj)'
 '(AUX, ->, INTJ, nummod)' '(NUM, ->, ADP, det)' '(X, ->, PRON, cop)']"
98,98,"[np.float64(0.03399378494658245), np.float64(0.03372203191747636), np.float64(0.03155536525080982), np.float64(0.028444254139698644), np.float64(0.02759372503916968)]","[157, 80, 123, 204, 770]","[np.float64(0.01838558360334324), np.float64(0.025182331020570856), np.float64(0.019482044707883152), np.float64(0.013509043646676013), np.float64(0.00037194497840932445)]",Shushpanov,"['(NOUN, <-, PAD, mark)' '(ADJ, <-, PART, det)' '(PUNCT, ->, NOUN, advcl)'
 '(PRON, ->, DET, amod)' '(DET, ->, PART, obl)']"
99,99,"[np.float64(0.05131618407839411), np.float64(0.051302597773498104), np.float64(0.05069013806635381), np.float64(0.05068535034955357), np.float64(0.05067190829924806)]","[1259, 156, 1379, 1378, 275]","[np.float64(0.0017964401909736976), np.float64(0.020176593915572825), np.float64(0.001445431989764024), np.float64(0.001445431989764024), np.float64(0.012677317204156905)]",Simonov,"['(NOUN, <-, X, nummod)' '(PART, <-, PUNCT, advmod)'
 '(NOUN, <-, PUNCT, iobj)' '(PAD, ->, NOUN, punct)' '(X, <-, PRON, nmod)']"
100,100,"[np.float64(0.023274811972684994), np.float64(0.023274811972684994), np.float64(0.023274811972684994), np.float64(0.023274811972684994), np.float64(0.023274811972684994)]","[11, 21, 77, 115, 191]","[np.float64(0.051821377242834504), np.float64(0.008615741356647786), np.float64(0.008615741356647786), np.float64(0.021539353391619463), np.float64(0.012508608299994537)]",Soloviev,"['(AUX, ->, NOUN, ccomp)' '(VERB, ->, INTJ, punct)'
 '(VERB, <-, CCONJ, cc)' '(PRON, <-, X, csubj)' '(ADV, ->, DET, conj)']"
101,101,"[np.float64(0.023274811972684994), np.float64(0.023274811972684994), np.float64(0.023274811972684994), np.float64(0.023274811972684994), np.float64(0.023274811972684994)]","[0, 8, 15, 33, 78]","[np.float64(0.10708787116483487), np.float64(0.040519735035342924), np.float64(0.0028942667882387806), np.float64(0.0028942667882387806), np.float64(0.0028942667882387806)]",Solovyov,"['(PROPN, ->, ADJ, advcl)' '(NOUN, <-, DET, PAD)'
 '(ADJ, ->, INTJ, nummod)' '(PART, <-, NUM, iobj)'
 '(PART, <-, PART, mark)']"
102,102,"[np.float64(0.05184412304523223), np.float64(0.0454124364225158), np.float64(0.045219184574099125), np.float64(0.04303079525946374), np.float64(0.039342100744886754)]","[38, 1810, 1134, 24, 384]","[np.float64(0.05232732772505589), np.float64(0.0005614819149698481), np.float64(0.0016711700993912958), np.float64(0.06054948023852136), np.float64(0.009840957849986797)]",Stepnova,"['(PROPN, <-, ADV, nummod:gov)' '(ADV, <-, ADJ, case)'
 '(ADJ, <-, PART, advcl)' '(VERB, ->, PART, obl)' '(DET, ->, ADV, obl)']"
103,103,"[np.float64(0.08107656791958417), np.float64(0.07898337431600488), np.float64(0.07437349421635009), np.float64(0.07429903095724344), np.float64(0.07266481307257533)]","[441, 402, 113, 263, 669]","[np.float64(0.006765247071425342), np.float64(0.00745009563435004), np.float64(0.019661947569666348), np.float64(0.010580750629607286), np.float64(0.004287091248180857)]",Strugatskie,"['(X, ->, PROPN, advcl)' '(PAD, <-, PRON, parataxis)'
 '(PROPN, ->, X, nsubj)' '(DET, ->, NOUN, punct)'
 '(NOUN, ->, NOUN, orphan)']"
104,104,"[np.float64(0.08268293252646142), np.float64(0.07857815816857383), np.float64(0.06902363290563418), np.float64(0.06888942860811087), np.float64(0.06847461419783218)]","[57, 613, 695, 79, 1438]","[np.float64(0.0276146439241725), np.float64(0.004525676635889832), np.float64(0.0038425495731230657), np.float64(0.023883587017125965), np.float64(0.0009212604997545082)]",Tamonikov,"['(VERB, <-, PROPN, acl)' '(ADJ, ->, DET, advmod)'
 '(PART, ->, VERB, conj)' '(NUM, <-, CCONJ, punct)'
 '(INTJ, <-, NOUN, amod)']"
105,105,"[np.float64(0.023274811972684994), np.float64(0.023274811972684994), np.float64(0.023274811972684994), np.float64(0.023274811972684994), np.float64(0.023274811972684994)]","[152, 358, 465, 547, 599]","[np.float64(0.008120313228944232), np.float64(0.001774525640189158), np.float64(0.001774525640189158), np.float64(0.001774525640189158), np.float64(0.003549051280378316)]",TEDRus,"['(VERB, ->, DET, obl)' '(ADV, <-, ADP, advmod)'
 '(PUNCT, ->, ADP, orphan)' '(PART, ->, PART, advcl)'
 '(ADJ, <-, AUX, csubj)']"
106,106,"[np.float64(0.056407140225369634), np.float64(0.05201376397768387), np.float64(0.05155270689406588), np.float64(0.049937124015352996), np.float64(0.049904127371678375)]","[692, 1578, 312, 857, 78]","[np.float64(0.004854638601560286), np.float64(0.0011784651061029125), np.float64(0.011595476575009313), np.float64(0.0036200998944741483), np.float64(0.028435926562710354)]",Teffi,"['(X, ->, ADV, appos)' '(PART, <-, DET, conj)' '(NOUN, <-, NUM, cop)'
 '(X, ->, PROPN, obj)' '(PART, <-, PART, mark)']"
107,107,"[np.float64(0.1296626940790767), np.float64(0.11905518176979268), np.float64(0.11739397082904057), np.float64(0.11721097688171978), np.float64(0.11703088926905836)]","[12, 117, 148, 22, 411]","[np.float64(0.0769749586692073), np.float64(0.028794605088084537), np.float64(0.02472916592768576), np.float64(0.06431009438919126), np.float64(0.01047865688187884)]",Tolstoy,"['(PROPN, <-, PRON, obj)' '(NUM, ->, SYM, fixed)'
 '(PUNCT, ->, ADP, advmod)' '(PRON, ->, ADP, mark)' '(PAD, ->, NOUN, det)']"
108,108,"[np.float64(0.06098258001444712), np.float64(0.05978311748194387), np.float64(0.05103402845534388), np.float64(0.0508964806570501), np.float64(0.050602511255221416)]","[331, 1034, 553, 1038, 1017]","[np.float64(0.011007208677892724), np.float64(0.0029626623240152057), np.float64(0.007003301245990349), np.float64(0.002945216134623601), np.float64(0.003016744532087476)]",Turgenev,"['(NOUN, <-, PUNCT, case)' '(VERB, ->, ADP, appos)' '(X, <-, NUM, obj)'
 '(PART, ->, PRON, flat:name)' '(DET, <-, PROPN, parataxis)']"
109,109,"[np.float64(0.09641621601532835), np.float64(0.08969549629534046), np.float64(0.08759118144894296), np.float64(0.0775162672175741), np.float64(0.07739154146197058)]","[1406, 82, 1413, 454, 219]","[np.float64(0.00014891937330378907), np.float64(0.02141913837686404), np.float64(7.729649696886779e-05), np.float64(0.005789809383354321), np.float64(0.010837574046486486)]",Uspensky,"['(PUNCT, ->, PROPN, advmod)' '(VERB, <-, PROPN, ccomp)'
 '(CCONJ, <-, PUNCT, punct)' '(PART, ->, PUNCT, root)'
 '(PAD, ->, ADV, discourse)']"
110,110,"[np.float64(0.07918062474383392), np.float64(0.07868269693361629), np.float64(0.07746235259924417), np.float64(0.07613031451492835), np.float64(0.07554338203721866)]","[116, 162, 268, 779, 220]","[np.float64(0.02006896605061356), np.float64(0.016115073830776604), np.float64(0.01164523670948599), np.float64(0.003663925166523736), np.float64(0.013385417542764982)]",Vainery,"['(PART, ->, NUM, root)' '(VERB, ->, PROPN, obl)' '(PAD, ->, SYM, appos)'
 '(NOUN, <-, PAD, nsubj:pass)' '(X, <-, X, cop)']"
111,111,"[np.float64(0.04091647636192075), np.float64(0.04091647636192075), np.float64(0.04036092080636533), np.float64(0.03980536525080969), np.float64(0.039249809695254045)]","[56, 1024, 576, 817, 70]","[np.float64(0.03671076041098032), np.float64(0.0017771956392012012), np.float64(0.004367391166726985), np.float64(0.002590195527525783), np.float64(0.0006311894597924823)]",vestnik nsu,"['(ADJ, ->, ADP, advmod)' '(PART, ->, DET, amod)'
 '(CCONJ, ->, VERB, amod)' '(ADJ, ->, NOUN, mark)'
 '(PRON, ->, X, acl:relcl)']"
112,112,"[np.float64(0.023274811972684994), np.float64(0.023274811972684994), np.float64(0.023274811972684994), np.float64(0.023274811972684994), np.float64(0.023274811972684994)]","[5, 16, 17, 26, 27]","[np.float64(0.043713408732709846), np.float64(0.03928756126825422), np.float64(0.04396287707146386), np.float64(0.007460724216990158), np.float64(0.0007093430164521006)]",VestnikRayona,"['(PAD, <-, NUM, amod)' '(INTJ, ->, ADP, mark)' '(PAD, <-, CCONJ, advmod)'
 '(PAD, ->, PAD, orphan)' '(VERB, <-, CCONJ, punct)']"
113,113,"[np.float64(0.023274811972684994), np.float64(0.023274811972684994), np.float64(0.023274811972684994), np.float64(0.023274811972684994), np.float64(0.023274811972684994)]","[13, 298, 370, 488, 493]","[np.float64(0.00333442787798528), np.float64(0.00333442787798528), np.float64(0.00333442787798528), np.float64(0.00333442787798528), np.float64(0.005112040214458767)]",Vladimirova,"['(PART, <-, NUM, parataxis)' '(AUX, ->, PROPN, amod)'
 '(ADV, ->, VERB, nummod:gov)' '(PROPN, ->, NOUN, orphan)'
 '(PUNCT, ->, ADJ, acl)']"
114,114,"[np.float64(0.05040179935160238), np.float64(0.040287348236807685), np.float64(0.04027581884292619), np.float64(0.03858803537477684), np.float64(0.03819766426597371)]","[443, 39, 1357, 797, 1394]","[np.float64(0.0044285637765282574), np.float64(0.027522613250217348), np.float64(0.0005238908253422769), np.float64(0.0017573268787823351), np.float64(0.00015784262943733805)]",Vlasova,"['(PROPN, ->, PRON, parataxis)' '(ADV, <-, VERB, orphan)'
 '(PRON, ->, VERB, obj)' '(X, <-, NUM, nsubj)'
 '(ADJ, ->, PROPN, flat:foreign)']"
115,115,"[np.float64(0.07484603634277764), np.float64(0.07380865516832902), np.float64(0.07057549985287026), np.float64(0.0649959707890635), np.float64(0.06364262214064653)]","[0, 656, 211, 530, 797]","[np.float64(0.1032997130613046), np.float64(0.006358636437518187), np.float64(0.015852759098641207), np.float64(0.007594489880186049), np.float64(0.00460871311157308)]",Voinovich,"['(PROPN, ->, ADJ, advcl)' '(ADJ, ->, INTJ, flat)' '(PRON, ->, ADV, conj)'
 '(NOUN, ->, NUM, nummod)' '(X, <-, NUM, nsubj)']"
116,116,"[np.float64(0.0641424513656883), np.float64(0.0609120700293696), np.float64(0.05553944164864866), np.float64(0.05314414136075585), np.float64(0.051889471098624296)]","[1314, 1428, 830, 177, 746]","[np.float64(0.001221261428658819), np.float64(0.0010633287108198987), np.float64(0.002410663130022768), np.float64(0.011721898432854908), np.float64(0.0026554879307224555)]",Volkov,"['(ADV, <-, PART, advmod)' '(PRON, <-, VERB, csubj:pass)'
 '(PRON, ->, DET, appos)' '(INTJ, ->, VERB, obl)'
 '(PUNCT, ->, PUNCT, aux:pass)']"
117,117,"[np.float64(0.023274811972684994), np.float64(0.023274811972684994), np.float64(0.023274811972684994), np.float64(0.023274811972684994), np.float64(0.023274811972684994)]","[3, 4, 25, 39, 53]","[np.float64(0.040186101976179944), np.float64(0.03333912315115876), np.float64(0.007768729869791374), np.float64(0.013395367325393315), np.float64(0.013395367325393315)]",Vorotyntseva,"['(X, <-, PROPN, flat)' '(SCONJ, ->, INTJ, advmod)' '(AUX, <-, PART, cc)'
 '(ADV, <-, VERB, orphan)' '(ADV, ->, NOUN, obl)']"
118,118,"[np.float64(0.023274811972684994), np.float64(0.023274811972684994), np.float64(0.023274811972684994), np.float64(0.023274811972684994), np.float64(0.023274811972684994)]","[1, 19, 71, 75, 81]","[np.float64(0.0008570899951836344), np.float64(0.08032590659985277), np.float64(0.03609657846939256), np.float64(0.002776659882260966), np.float64(0.013387651099975462)]",YasenevoMedia,"['(X, ->, PROPN, mark)' '(NOUN, <-, VERB, iobj)'
 '(PROPN, <-, PAD, parataxis)' '(PROPN, <-, DET, fixed)'
 '(VERB, <-, X, nummod)']"
119,119,"[np.float64(0.10115003192923777), np.float64(0.09473770395910674), np.float64(0.09364463407920731), np.float64(0.09351294932119902), np.float64(0.08834383742104368)]","[0, 28, 312, 105, 200]","[np.float64(0.15445564552566343), np.float64(0.043228735024749304), np.float64(0.009097883571750513), np.float64(0.01950812738613683), np.float64(0.013206667210382063)]",Zemlyanoj,"['(PROPN, ->, ADJ, advcl)' '(X, <-, NUM, root)' '(NOUN, <-, NUM, cop)'
 '(DET, ->, NUM, obl)' '(NOUN, ->, DET, flat:foreign)']"
120,120,"[np.float64(0.05960144914107157), np.float64(0.05562258297315048), np.float64(0.05212629721239792), np.float64(0.0491077145406873), np.float64(0.04850022428642864)]","[1475, 1451, 61, 1474, 813]","[np.float64(6.085641068322363e-05), np.float64(0.00025667285385893283), np.float64(0.025667794837997103), np.float64(6.874530137358091e-05), np.float64(0.0025147511315501444)]",Zhitkov,"['(ADJ, <-, PROPN, flat:name)' '(VERB, <-, ADV, mark)'
 '(PART, <-, PROPN, conj)' '(NOUN, ->, ADP, nummod)'
 '(PUNCT, ->, ADJ, nsubj)']"
121,121,"[np.float64(0.045618765783211), np.float64(0.04399754313453397), np.float64(0.04259854695600396), np.float64(0.04257081539749019), np.float64(0.04245988916343579)]","[828, 834, 831, 838, 829]","[np.float64(0.002613986426296247), np.float64(0.002613986426296247), np.float64(0.002613986426296247), np.float64(0.002613986426296247), np.float64(0.002613986426296247)]",ZlotnikovNikolaev,"['(VERB, ->, PRON, flat:foreign)' '(PRON, <-, NOUN, obl)'
 '(NUM, <-, DET, det)' '(PRON, <-, PROPN, nsubj)' '(PRON, <-, NOUN, acl)']"
122,122,"[np.float64(0.03788857626780462), np.float64(0.03690858764455651), np.float64(0.0367030292154209), np.float64(0.036586284121777446), np.float64(0.03603846960569912)]","[870, 156, 306, 826, 689]","[np.float64(0.002972255579083213), np.float64(0.016132392318344204), np.float64(0.009961543095205546), np.float64(0.003072529102671515), np.float64(0.004286315985738341)]",Zlotnikov,"['(SYM, <-, X, case)' '(PART, <-, PUNCT, advmod)'
 '(SCONJ, <-, VERB, advmod)' '(ADV, ->, ADJ, advmod)'
 '(DET, <-, AUX, advcl)']"
123,123,"[np.float64(0.0861516996075985), np.float64(0.08584227605252659), np.float64(0.07786846701347627), np.float64(0.0735247670999184), np.float64(0.0695576060590829)]","[520, 975, 228, 281, 1611]","[np.float64(0.005158148777030791), np.float64(0.0022206113438394967), np.float64(0.010933237999567585), np.float64(0.009395912494679118), np.float64(0.000812897599274512)]",Zoschenko,"['(ADV, ->, NOUN, orphan)' '(X, <-, X, acl)' '(ADP, ->, X, det)'
 '(ADV, <-, PART, orphan)' '(PAD, <-, ADV, root)']"
