,author_id,feature_importance,features,feature_stats,author,feature_names
0,0,"[np.float64(195.96903231129363), np.float64(195.30992760435294), np.float64(190.89504747708412), np.float64(190.65364058229432), np.float64(173.74089593920004)]","[1, 28, 69, 9, 106]","[np.float64(0.0802909009444402), np.float64(0.03609228937013218), np.float64(0.021844024257031035), np.float64(0.05244271958083545), np.float64(0.016833415318431338)]",Abgaryan,"['(X, ->, PROPN, mark)' '(X, <-, NUM, root)' '(VERB, ->, X, aux)'
 '(NOUN, ->, AUX, obl)' '(ADV, <-, VERB, mark)']"
1,1,"[np.float64(309.5416771627051), np.float64(282.13396045299845), np.float64(260.9745927734281), np.float64(230.83164321881878), np.float64(181.2021933380493)]","[30, 0, 10, 190, 174]","[np.float64(0.03621882724126609), np.float64(0.07605745260178538), np.float64(0.044896459780915214), np.float64(0.009871784694787101), np.float64(0.010558260651086546)]",Adamov,"['(NOUN, <-, SCONJ, mark)' '(PROPN, ->, ADJ, advcl)'
 '(X, <-, PRON, nsubj:pass)' '(PRON, <-, PUNCT, cc)'
 '(PROPN, ->, CCONJ, advmod)']"
2,2,"[np.float64(241.57596237015366), np.float64(229.80765152931207), np.float64(227.8971383180073), np.float64(223.4163243972964), np.float64(199.8535451744784)]","[21, 76, 334, 124, 407]","[np.float64(0.056471103912736666), np.float64(0.027233281327932318), np.float64(0.009330554500571304), np.float64(0.01957957092227422), np.float64(0.007683711547110545)]",Aksakov,"['(VERB, ->, INTJ, punct)' '(PRON, ->, PRON, mark)'
 '(INTJ, ->, X, nummod)' '(DET, ->, PAD, ccomp)' '(ADV, ->, AUX, nsubj)']"
3,3,"[np.float64(171.37975462374914), np.float64(160.43743778294143), np.float64(151.71541783197281), np.float64(143.79236476861135), np.float64(138.1499007026123)]","[132, 188, 73, 68, 0]","[np.float64(0.018813515091384837), np.float64(0.01300669604858348), np.float64(0.025084686788513118), np.float64(0.025084686788513118), np.float64(0.09406757545692418)]",AkuninBorisova,"['(X, <-, SCONJ, advmod)' '(ADP, ->, SYM, punct)'
 '(DET, <-, CCONJ, fixed)' '(NUM, ->, ADJ, root)'
 '(PROPN, ->, ADJ, advcl)']"
4,4,"[np.float64(336.8344521197177), np.float64(238.18510812173653), np.float64(235.16553134814086), np.float64(235.07868052299727), np.float64(213.2920041263574)]","[61, 231, 82, 77, 178]","[np.float64(0.03508134518566597), np.float64(0.01432344087497555), np.float64(0.03106955287555159), np.float64(0.03217181676064319), np.float64(0.01745161307334676)]",AkuninBrusnikin,"['(PART, <-, PROPN, conj)' '(VERB, ->, ADV, flat:foreign)'
 '(VERB, <-, PROPN, ccomp)' '(VERB, <-, CCONJ, cc)'
 '(ADP, <-, X, flat:foreign)']"
5,5,"[np.float64(698.3436609520618), np.float64(483.15354395713666), np.float64(295.52115306770185), np.float64(268.96577012816124), np.float64(262.0276139772477)]","[25, 228, 520, 463, 263]","[np.float64(0.056840050501567), np.float64(0.01699531526653887), np.float64(0.009164620414546147), np.float64(0.010131101978276833), np.float64(0.015185890583036257)]",Akunin,"['(AUX, <-, PART, cc)' '(ADP, ->, X, det)' '(ADV, ->, NOUN, orphan)'
 '(ADJ, ->, CCONJ, fixed)' '(DET, ->, NOUN, punct)']"
6,6,"[np.float64(336.59055251282825), np.float64(265.3804817071101), np.float64(257.1718176041518), np.float64(210.07499587828636), np.float64(197.13212721573876)]","[85, 8, 62, 67, 704]","[np.float64(0.03417011678381686), np.float64(0.08655495404855673), np.float64(0.03783209249321304), np.float64(0.03679100244312615), np.float64(0.00610943598758316)]",Aldanov,"['(ADV, ->, ADV, iobj)' '(NOUN, <-, DET, PAD)' '(DET, ->, PRON, acl)'
 '(NUM, <-, PRON, conj)' '(NOUN, <-, DET, root)']"
7,7,"[np.float64(251.2495721327826), np.float64(192.14760694723492), np.float64(189.60538650795806), np.float64(186.64140735340652), np.float64(182.24514383420276)]","[54, 70, 280, 56, 92]","[np.float64(0.04135672651445169), np.float64(0.036745374168538236), np.float64(0.014356104350832954), np.float64(0.04088365756888397), np.float64(0.031149217861635565)]",Aleshkovsky,"['(VERB, <-, INTJ, nsubj)' '(PRON, ->, X, acl:relcl)'
 '(PAD, ->, ADJ, nsubj:pass)' '(ADJ, ->, ADP, advmod)'
 '(ADP, ->, PAD, acl)']"
8,8,"[np.float64(251.69641279889547), np.float64(189.58774832125454), np.float64(169.25363974277374), np.float64(105.07582770357881), np.float64(104.75751703119649)]","[23, 6, 8, 45, 9]","[np.float64(0.05421809319269993), np.float64(0.08478235224644744), np.float64(0.0741845582156415), np.float64(0.03443581594671481), np.float64(0.0741845582156415)]",Alexander Hofman,"['(NOUN, ->, VERB, flat:foreign)' '(VERB, ->, DET, fixed)'
 '(NOUN, <-, DET, PAD)' '(DET, <-, PART, root)' '(NOUN, ->, AUX, obl)']"
9,9,"[np.float64(246.9454756367514), np.float64(197.12780057935467), np.float64(176.3576777911798), np.float64(175.86907239501835), np.float64(166.41203593158306)]","[73, 156, 1245, 226, 617]","[np.float64(0.02773849033408461), np.float64(0.018281237193814644), np.float64(0.00151429329191286), np.float64(0.013507048358487043), np.float64(0.004884178479006457)]",Astafiev,"['(DET, <-, CCONJ, fixed)' '(PART, <-, PUNCT, advmod)'
 '(PUNCT, ->, CCONJ, appos)' '(PROPN, <-, PART, flat)'
 '(X, <-, ADV, acl:relcl)']"
10,10,"[np.float64(203.95740316459865), np.float64(145.5964883309652), np.float64(135.97846603284728), np.float64(116.80984099698541), np.float64(107.14804983341435)]","[59, 11, 10, 269, 210]","[np.float64(0.027767900989821695), np.float64(0.059193896283752725), np.float64(0.060089862019191885), np.float64(0.009876030204979678), np.float64(0.012050361149318315)]",Bakhtin,"['(ADJ, ->, PUNCT, amod)' '(AUX, ->, NOUN, ccomp)'
 '(X, <-, PRON, nsubj:pass)' '(NOUN, <-, NUM, appos)'
 '(PROPN, ->, NUM, nmod)']"
11,11,"[np.float64(218.99206792055563), np.float64(209.13160777457423), np.float64(199.38501904325867), np.float64(165.07001976882023), np.float64(163.12205828569543)]","[120, 744, 101, 8, 73]","[np.float64(0.02146768887462595), np.float64(0.0031381643124392396), np.float64(0.02272090601629553), np.float64(0.060589082710121395), np.float64(0.027769996242138974)]",Barinova,"['(PART, ->, PAD, root)' '(PUNCT, <-, NOUN, appos)'
 '(VERB, <-, PRON, nummod)' '(NOUN, <-, DET, PAD)'
 '(DET, <-, CCONJ, fixed)']"
12,12,"[np.float64(130.28125034886986), np.float64(127.33964059351217), np.float64(92.01847582665924), np.float64(87.46735300576786), np.float64(83.04118019770145)]","[1386, 18, 14, 344, 1618]","[np.float64(0.0), np.float64(0.023602873029340627), np.float64(0.026749922766586047), np.float64(0.0015735248686227085), np.float64(0.0)]",bashinform 202,"['(PUNCT, <-, PRON, root)' '(ADP, <-, PRON, cc)'
 '(PRON, ->, NOUN, flat:foreign)' '(NOUN, <-, VERB, acl)'
 '(ADJ, ->, ADP, flat:foreign)']"
13,13,"[np.float64(370.2463288972434), np.float64(279.99083370534515), np.float64(259.4110392124873), np.float64(255.1276706569785), np.float64(239.51479637005926)]","[135, 184, 318, 46, 716]","[np.float64(0.013552829546448058), np.float64(0.011352616147198468), np.float64(0.007403057472792801), np.float64(0.024122282053520527), np.float64(0.002632825113669844)]",Belyaev,"['(ADV, <-, DET, advmod)' '(DET, <-, DET, acl)'
 '(ADJ, ->, VERB, csubj:pass)' '(PART, ->, ADJ, obj)'
 '(PROPN, ->, NOUN, ccomp)']"
14,14,"[np.float64(232.828696007639), np.float64(217.52658616137268), np.float64(155.25160910727988), np.float64(152.7296796174246), np.float64(145.03220935209856)]","[14, 18, 233, 48, 91]","[np.float64(0.07220473170022043), np.float64(0.06474580842519749), np.float64(0.01623092831986709), np.float64(0.04163880654774823), np.float64(0.02886551752950823)]",Belyanin,"['(PRON, ->, NOUN, flat:foreign)' '(ADP, <-, PRON, cc)'
 '(NOUN, ->, SYM, nummod:entity)' '(ADP, ->, VERB, obl)'
 '(PUNCT, ->, X, cc)']"
15,15,"[np.float64(288.3782835789558), np.float64(144.19704926462515), np.float64(94.78421998848756), np.float64(58.05978294064776), np.float64(53.69852743378476)]","[5, 36, 6, 8, 16]","[np.float64(0.0620575170332385), np.float64(0.02164797105810646), np.float64(0.05914616156623891), np.float64(0.04522941766830034), np.float64(0.034791859744846415)]",Bobkova,"['(PAD, <-, NUM, amod)' '(PRON, <-, CCONJ, advmod)'
 '(VERB, ->, DET, fixed)' '(NOUN, <-, DET, PAD)' '(INTJ, ->, ADP, mark)']"
16,16,"[np.float64(258.26124688056547), np.float64(232.6244132054476), np.float64(220.83018897548678), np.float64(207.82521894340667), np.float64(196.3027977925459)]","[42, 82, 101, 292, 1518]","[np.float64(0.038125545737258695), np.float64(0.024914985747528207), np.float64(0.020892443789064276), np.float64(0.009266062508947799), np.float64(0.0001593631773273415)]",BonchOsmolovskaya,"['(X, <-, ADV, fixed)' '(VERB, <-, PROPN, ccomp)'
 '(VERB, <-, PRON, nummod)' '(NUM, ->, ADV, case)' '(ADJ, <-, NUM, csubj)']"
17,17,"[np.float64(193.53130412774624), np.float64(190.26032216701645), np.float64(183.33038507184642), np.float64(180.86308712364064), np.float64(178.1446285988518)]","[39, 73, 151, 1061, 247]","[np.float64(0.04001672384971544), np.float64(0.029839146307151086), np.float64(0.019256476788784505), np.float64(0.0028069925460478978), np.float64(0.014318177678016498)]",Brustein,"['(ADV, <-, VERB, orphan)' '(DET, <-, CCONJ, fixed)'
 '(AUX, ->, VERB, acl)' '(VERB, ->, X, csubj)' '(X, <-, PRON, appos)']"
18,18,"[np.float64(407.5238336333213), np.float64(283.4531502650027), np.float64(267.93959983379136), np.float64(245.72427962830562), np.float64(244.13836240691276)]","[229, 65, 25, 80, 11]","[np.float64(0.014771622903246578), np.float64(0.030983986749710805), np.float64(0.04413023579043629), np.float64(0.027994985385707515), np.float64(0.0578461873917074)]",Bulgakov,"['(INTJ, <-, ADV, conj)' '(PROPN, ->, PUNCT, flat)' '(AUX, <-, PART, cc)'
 '(ADJ, <-, PART, det)' '(AUX, ->, NOUN, ccomp)']"
19,19,"[np.float64(434.62476925325745), np.float64(384.94591006015), np.float64(327.4841106148928), np.float64(288.80871702130275), np.float64(279.1018207417584)]","[61, 44, 96, 133, 251]","[np.float64(0.021358532202410963), np.float64(0.024505590348160838), np.float64(0.016182123758347305), np.float64(0.013610403939511583), np.float64(0.008550444372199976)]",Bulychev,"['(PART, <-, PROPN, conj)' '(X, ->, NUM, flat)' '(ADP, ->, ADV, appos)'
 '(INTJ, ->, INTJ, case)' '(DET, <-, PUNCT, punct)']"
20,20,"[np.float64(324.2882190170006), np.float64(307.69258589809516), np.float64(290.3394515697207), np.float64(261.32149526850765), np.float64(245.10873557904392)]","[52, 34, 125, 404, 499]","[np.float64(0.033890776821741436), np.float64(0.04018372220458109), np.float64(0.019691606148725966), np.float64(0.00919819431377342), np.float64(0.007452844421279545)]",Bushkov,"['(SYM, ->, PROPN, conj)' '(NOUN, <-, CCONJ, punct)'
 '(NOUN, ->, CCONJ, flat:foreign)' '(ADV, ->, NUM, advcl)'
 '(PRON, ->, ADJ, case)']"
21,21,"[np.float64(415.3605687819451), np.float64(219.27336867646596), np.float64(213.0707653587631), np.float64(192.296010537743), np.float64(189.8712723269943)]","[108, 208, 341, 390, 9]","[np.float64(0.019602326122918883), np.float64(0.012195599407487231), np.float64(0.008029663581169596), np.float64(0.007213892333570308), np.float64(0.06052776375200476)]",Bykov,"['(PAD, <-, VERB, conj)' '(PROPN, ->, ADP, nmod)' '(DET, ->, PRON, nmod)'
 '(INTJ, <-, PART, obl)' '(NOUN, ->, AUX, obl)']"
22,22,"[np.float64(247.8164771513091), np.float64(155.959612893575), np.float64(117.94916447172336), np.float64(115.76237396658244), np.float64(114.43823040221484)]","[7, 96, 12, 77, 1377]","[np.float64(0.07354734908087784), np.float64(0.01838683727021946), np.float64(0.07354734908087784), np.float64(0.01838683727021946), np.float64(0.0)]",Chechin,"['(VERB, <-, PAD, case)' '(ADP, ->, ADV, appos)' '(PROPN, <-, PRON, obj)'
 '(VERB, <-, CCONJ, cc)' '(ADV, ->, VERB, flat)']"
23,23,"[np.float64(217.16487635087935), np.float64(214.24378869057819), np.float64(196.00259153448107), np.float64(195.87550036707842), np.float64(187.82615952828226)]","[34, 320, 388, 382, 33]","[np.float64(0.059745836568540774), np.float64(0.013995596370667595), np.float64(0.011911104147328632), np.float64(0.012093258911509799), np.float64(0.05981732543716839)]",Chekhov,"['(NOUN, <-, CCONJ, punct)' '(PART, <-, PART, nsubj)'
 '(X, ->, DET, orphan)' '(NUM, ->, NUM, nummod)' '(PART, <-, NUM, iobj)']"
24,24,"[np.float64(364.5249113246698), np.float64(292.3924848580996), np.float64(240.36888682871404), np.float64(233.40809246732013), np.float64(231.36837845864906)]","[0, 462, 78, 279, 401]","[np.float64(0.0991285728400574), np.float64(0.004575450356329255), np.float64(0.0194123921637955), np.float64(0.007795621647999316), np.float64(0.00523039484533899)]",Cherkasova,"['(PROPN, ->, ADJ, advcl)' '(NOUN, <-, NOUN, flat)'
 '(PART, <-, PART, mark)' '(AUX, ->, INTJ, nummod)' '(X, ->, AUX, conj)']"
25,25,"[np.float64(140.21547242250244), np.float64(74.29440450300581), np.float64(61.54690819961393), np.float64(55.64326370251429), np.float64(49.4549030841165)]","[54, 22, 233, 83, 38]","[np.float64(0.0935298738246672), np.float64(0.12493513313273194), np.float64(0.042255429677991584), np.float64(0.07678390722560974), np.float64(0.10074732291613533)]",Convlab,"['(VERB, <-, INTJ, nsubj)' '(PRON, ->, ADP, mark)'
 '(NOUN, ->, SYM, nummod:entity)' '(NOUN, <-, CCONJ, nummod:gov)'
 '(PROPN, <-, ADV, nummod:gov)']"
26,26,"[np.float64(174.7564696719973), np.float64(163.0411880654538), np.float64(143.98810262702247), np.float64(127.68152074809528), np.float64(127.28748568465923)]","[175, 287, 45, 820, 94]","[np.float64(0.01289560116264154), np.float64(0.008918621958019648), np.float64(0.026532942374117567), np.float64(0.0028428152543697387), np.float64(0.018165521052914402)]",Derevyanko,"['(NOUN, <-, PART, appos)' '(CCONJ, ->, SCONJ, orphan)'
 '(DET, <-, PART, root)' '(CCONJ, ->, ADP, flat:name)'
 '(PROPN, ->, NOUN, acl)']"
27,27,"[np.float64(92.81903832624336), np.float64(92.47294748595739), np.float64(73.27553827111232), np.float64(69.6563878170202), np.float64(64.45049840709363)]","[0, 25, 22, 45, 46]","[np.float64(0.25296259338683036), np.float64(0.056311700415946686), np.float64(0.060065813777009806), np.float64(0.04504936033275735), np.float64(0.04504936033275735)]",DoctorPiter,"['(PROPN, ->, ADJ, advcl)' '(AUX, <-, PART, cc)' '(PRON, ->, ADP, mark)'
 '(DET, <-, PART, root)' '(PART, ->, ADJ, obj)']"
28,28,"[np.float64(211.6258684701322), np.float64(209.48426637160387), np.float64(195.94687480909772), np.float64(191.59578515022972), np.float64(183.2941048641962)]","[241, 216, 22, 24, 349]","[np.float64(0.01563826687296911), np.float64(0.01637304552679714), np.float64(0.047107643495488974), np.float64(0.04608911421645833), np.float64(0.011177583595172066)]",Dombrowski,"['(NOUN, <-, NOUN, det)' '(PROPN, <-, DET, obj)' '(PRON, ->, ADP, mark)'
 '(VERB, ->, PART, obl)' '(INTJ, <-, CCONJ, fixed)']"
29,29,"[np.float64(235.5826641343338), np.float64(196.26064954981373), np.float64(189.7569087770196), np.float64(169.79480171761026), np.float64(166.9465610026392)]","[71, 80, 43, 81, 244]","[np.float64(0.028888703927355378), np.float64(0.028888703927355378), np.float64(0.036110879909194225), np.float64(0.02708315993189567), np.float64(0.01263880796821798)]",Doronina,"['(PROPN, <-, PAD, parataxis)' '(ADJ, <-, PART, det)'
 '(PRON, ->, ADV, acl:relcl)' '(VERB, <-, X, nummod)'
 '(PRON, ->, NOUN, parataxis)']"
30,30,"[np.float64(288.00080784341645), np.float64(248.013326755161), np.float64(222.3790212833528), np.float64(210.94866093662043), np.float64(203.66579432278394)]","[233, 924, 308, 379, 154]","[np.float64(0.017889634874528753), np.float64(0.004312545628313535), np.float64(0.014466300204996216), np.float64(0.012576217837724335), np.float64(0.023909696637526942)]",Dostoevsky,"['(NOUN, ->, SYM, nummod:entity)' '(PRON, ->, PART, cop)'
 '(AUX, ->, VERB, orphan)' '(PRON, ->, SCONJ, mark)'
 '(INTJ, ->, NOUN, csubj)']"
31,31,"[np.float64(182.16296403786765), np.float64(173.37839194759468), np.float64(172.19488242903267), np.float64(167.3347294839413), np.float64(165.31126703523296)]","[15, 702, 81, 708, 299]","[np.float64(0.042898701903692826), np.float64(0.001812438902085623), np.float64(0.017647355528874767), np.float64(0.001812438902085623), np.float64(0.006767458085223537)]",Dovlatov,"['(ADJ, ->, INTJ, nummod)' '(PROPN, <-, PROPN, obj)'
 '(VERB, <-, X, nummod)' '(ADJ, ->, SYM, punct)' '(VERB, ->, ADJ, appos)']"
32,32,"[np.float64(276.8952852085134), np.float64(274.2866297560753), np.float64(273.8950984620724), np.float64(256.2799299280227), np.float64(239.69114605854702)]","[235, 73, 136, 99, 681]","[np.float64(0.012254346729740892), np.float64(0.02508858229776872), np.float64(0.01828009953076753), np.float64(0.02197258183612367), np.float64(0.004175298916948208)]",Dragunski,"['(VERB, <-, PRON, discourse)' '(DET, <-, CCONJ, fixed)'
 '(VERB, <-, X, compound)' '(CCONJ, ->, PRON, cop)'
 '(AUX, ->, INTJ, parataxis)']"
33,33,"[np.float64(244.8923698767132), np.float64(195.4308484474865), np.float64(179.26147725985908), np.float64(166.68596817520654), np.float64(153.07030873932052)]","[27, 16, 34, 20, 50]","[np.float64(0.0592881691570342), np.float64(0.0592881691570342), np.float64(0.05264202015363637), np.float64(0.0592881691570342), np.float64(0.0296440845785171)]",Drobyshevsky Rupasova,"['(VERB, <-, CCONJ, punct)' '(INTJ, ->, ADP, mark)'
 '(NOUN, <-, CCONJ, punct)' '(PRON, ->, NOUN, csubj)'
 '(PROPN, <-, CCONJ, case)']"
34,34,"[np.float64(98.45980153353486), np.float64(92.88584637164425), np.float64(92.27791217446892), np.float64(84.5739224417629), np.float64(80.06922360576453)]","[46, 8, 1, 12, 38]","[np.float64(0.05229701118166301), np.float64(0.12220033513073514), np.float64(0.4187858229067775), np.float64(0.09911233722617788), np.float64(0.05884804805309507)]",Drobyshevsky,"['(PART, ->, ADJ, obj)' '(NOUN, <-, DET, PAD)' '(X, ->, PROPN, mark)'
 '(PROPN, <-, PRON, obj)' '(PROPN, <-, ADV, nummod:gov)']"
35,35,"[np.float64(159.81841319368226), np.float64(158.01592452091728), np.float64(145.7827306923092), np.float64(143.83536680715076), np.float64(136.00628706608995)]","[307, 81, 163, 51, 356]","[np.float64(0.009329972825996548), np.float64(0.027989918477989643), np.float64(0.017415710156742405), np.float64(0.03265490489098792), np.float64(0.009329972825996548)]",Dubchak,"['(PUNCT, ->, NOUN, compound)' '(VERB, <-, X, nummod)'
 '(VERB, <-, PART, flat)' '(NUM, <-, PART, case)' '(ADV, ->, CCONJ, cc)']"
36,36,"[np.float64(251.8534317773859), np.float64(211.33957028234585), np.float64(168.21874183178414), np.float64(141.544764490321), np.float64(140.33861412331345)]","[15, 46, 95, 70, 29]","[np.float64(0.05938917114878383), np.float64(0.03959278076585589), np.float64(0.019796390382927943), np.float64(0.028741031421835827), np.float64(0.05938917114878383)]",EdimDoma,"['(ADJ, ->, INTJ, nummod)' '(PART, ->, ADJ, obj)'
 '(SCONJ, <-, NOUN, appos)' '(PRON, ->, X, acl:relcl)'
 '(DET, ->, SCONJ, acl:relcl)']"
37,37,"[np.float64(339.53215342401495), np.float64(277.4946909375956), np.float64(271.0915139635741), np.float64(265.87976954146455), np.float64(264.9729666348682)]","[175, 1255, 29, 83, 118]","[np.float64(0.010495383124965778), np.float64(0.0009203220417403315), np.float64(0.030147663583039188), np.float64(0.017538202881875038), np.float64(0.013676353223651622)]",Efremov,"['(NOUN, <-, PART, appos)' '(DET, ->, ADV, root)'
 '(DET, ->, SCONJ, acl:relcl)' '(NOUN, <-, CCONJ, nummod:gov)'
 '(PRON, ->, PUNCT, amod)']"
38,38,"[np.float64(232.5320344467961), np.float64(156.09295571838288), np.float64(141.2585377071369), np.float64(121.0753692339731), np.float64(114.24478575631038)]","[13, 243, 350, 141, 312]","[np.float64(0.060952352561536964), np.float64(0.013152631440659413), np.float64(0.009831510204421943), np.float64(0.020128032854854903), np.float64(0.01070631615403837)]",Epstein,"['(PART, <-, NUM, parataxis)' '(X, ->, ADJ, amod)'
 '(ADP, <-, NOUN, compound)' '(SCONJ, ->, PART, aux)'
 '(NOUN, <-, NUM, cop)']"
39,39,"[np.float64(243.1079579683051), np.float64(193.73469019520886), np.float64(185.55278413093424), np.float64(167.15207048381237), np.float64(163.89162016658946)]","[13, 39, 366, 410, 44]","[np.float64(0.0632867685692237), np.float64(0.03510993383688781), np.float64(0.008722852975408896), np.float64(0.008081822430589275), np.float64(0.03250205034589786)]",Exler,"['(PART, <-, NUM, parataxis)' '(ADV, <-, VERB, orphan)'
 '(PUNCT, ->, PRON, acl:relcl)' '(PROPN, ->, X, flat:foreign)'
 '(X, ->, NUM, flat)']"
40,40,"[np.float64(456.2054831253312), np.float64(292.91486228363203), np.float64(271.2225132253851), np.float64(251.50333883997158), np.float64(242.02971641142267)]","[206, 525, 275, 185, 128]","[np.float64(0.013482576192477393), np.float64(0.0055152320629719195), np.float64(0.01013344819927434), np.float64(0.014515625927080406), np.float64(0.017821844434198812)]",Fadeev,"['(NUM, <-, CCONJ, nmod)' '(PRON, <-, VERB, acl)' '(X, <-, PRON, nmod)'
 '(INTJ, <-, ADV, nummod:gov)' '(ADJ, ->, ADV, advcl)']"
41,41,"[np.float64(330.909350006531), np.float64(243.36983925460774), np.float64(173.86222057022857), np.float64(166.16926035136572), np.float64(164.75564289423335)]","[80, 27, 243, 133, 412]","[np.float64(0.03027536576609872), np.float64(0.05300547430111563), np.float64(0.01479266998241979), np.float64(0.023538187147055627), np.float64(0.009830906913971116)]",Furmanov,"['(ADJ, <-, PART, det)' '(VERB, <-, CCONJ, punct)' '(X, ->, ADJ, amod)'
 '(INTJ, ->, INTJ, case)' '(ADV, ->, VERB, fixed)']"
42,42,"[np.float64(134.76211722171504), np.float64(126.22681431948499), np.float64(112.75467273458312), np.float64(106.95639302521519), np.float64(100.36379578471025)]","[224, 52, 113, 1846, 461]","[np.float64(0.026855949699304847), np.float64(0.05707471157634507), np.float64(0.03960431786653952), np.float64(0.001347384208313477), np.float64(0.011432083776251769)]",Gachev,"['(ADV, ->, SCONJ, advmod)' '(SYM, ->, PROPN, conj)'
 '(PROPN, ->, X, nsubj)' '(PART, <-, PRON, det)' '(PROPN, ->, PROPN, PAD)']"
43,43,"[np.float64(150.47396390500487), np.float64(100.97930927858442), np.float64(96.03753268997968), np.float64(94.96790438775164), np.float64(93.73601440239828)]","[1, 311, 43, 140, 327]","[np.float64(0.1427262791820775), np.float64(0.011268775122115337), np.float64(0.040778936909164995), np.float64(0.022537550244230674), np.float64(0.011268775122115337)]",Gasymov,"['(X, ->, PROPN, mark)' '(X, ->, VERB, punct)'
 '(PRON, ->, ADV, acl:relcl)' '(NUM, <-, DET, obl)'
 '(NOUN, ->, X, discourse)']"
44,44,"[np.float64(276.64424040308785), np.float64(232.7550505009716), np.float64(229.50540908098304), np.float64(221.89898778953446), np.float64(218.9067904212518)]","[17, 408, 34, 101, 86]","[np.float64(0.055458380458153246), np.float64(0.0080909164305549), np.float64(0.04459454289067684), np.float64(0.024009429271889645), np.float64(0.025339472554103737)]",Gaydar,"['(PAD, <-, CCONJ, advmod)' '(SYM, <-, NUM, amod)'
 '(NOUN, <-, CCONJ, punct)' '(VERB, <-, PRON, nummod)'
 '(VERB, ->, PART, case)']"
45,45,"[np.float64(552.6087505781212), np.float64(354.4621472520187), np.float64(107.81616714758206), np.float64(85.04797490768586), np.float64(75.56159604857235)]","[23, 26, 10, 61, 60]","[np.float64(0.04479175141019691), np.float64(0.034455193392459164), np.float64(0.06645021389437428), np.float64(0.03322510694718714), np.float64(0.03322510694718714)]",GazetaRu,"['(NOUN, ->, VERB, flat:foreign)' '(PAD, ->, PAD, orphan)'
 '(X, <-, PRON, nsubj:pass)' '(PART, <-, PROPN, conj)'
 '(INTJ, ->, PUNCT, fixed)']"
46,46,"[np.float64(258.58295683884677), np.float64(257.5568549042153), np.float64(226.2647813187318), np.float64(201.2072610183363), np.float64(178.6685407370623)]","[112, 19, 45, 101, 83]","[np.float64(0.01699684754158595), np.float64(0.04202279690371184), np.float64(0.02957369241030783), np.float64(0.018148673988835965), np.float64(0.02106113010760297)]",Gelb,"['(DET, ->, NOUN, root)' '(NOUN, <-, VERB, iobj)' '(DET, <-, PART, root)'
 '(VERB, <-, PRON, nummod)' '(NOUN, <-, CCONJ, nummod:gov)']"
47,47,"[np.float64(96.53579391550468), np.float64(87.98326001056539), np.float64(85.00449247049485), np.float64(84.14723413562282), np.float64(82.44233167472487)]","[3, 58, 1034, 47, 309]","[np.float64(0.08508611971531864), np.float64(0.02754692557895547), np.float64(0.002075271212568747), np.float64(0.031129068188531214), np.float64(0.008301084850274988)]",Gorelov,"['(X, <-, PROPN, flat)' '(NOUN, ->, ADV, nsubj)' '(VERB, ->, ADP, appos)'
 '(NOUN, ->, ADP, acl)' '(AUX, <-, PRON, expl)']"
48,48,"[np.float64(179.88759407371035), np.float64(148.69427647295564), np.float64(147.12744196108108), np.float64(128.07078380729752), np.float64(121.77610997409279)]","[14, 16, 8, 30, 18]","[np.float64(0.045326108843602934), np.float64(0.045326108843602934), np.float64(0.045326108843602934), np.float64(0.0339945816327022), np.float64(0.03760336659662633)]",GorVestnik,"['(PRON, ->, NOUN, flat:foreign)' '(INTJ, ->, ADP, mark)'
 '(NOUN, <-, DET, PAD)' '(NOUN, <-, SCONJ, mark)' '(ADP, <-, PRON, cc)']"
49,49,"[np.float64(255.85137042629785), np.float64(255.5544880547452), np.float64(251.4413729537465), np.float64(228.089683100643), np.float64(227.3219919198417)]","[60, 346, 45, 214, 22]","[np.float64(0.033378715656892995), np.float64(0.009295367616768706), np.float64(0.03801606129590115), np.float64(0.014772712033511185), np.float64(0.051082164904093806)]",Granin,"['(INTJ, ->, PUNCT, fixed)' '(CCONJ, ->, PART, parataxis)'
 '(DET, <-, PART, root)' '(ADJ, <-, ADV, case)' '(PRON, ->, ADP, mark)']"
50,50,"[np.float64(234.86173343310205), np.float64(224.18625725519365), np.float64(202.37140384249054), np.float64(190.05371873726583), np.float64(179.69079973299296)]","[370, 299, 80, 214, 65]","[np.float64(0.009723900451773737), np.float64(0.011854808097019377), np.float64(0.026596173375588346), np.float64(0.015484692436091692), np.float64(0.03030531727391025)]",Grekova,"['(ADV, ->, VERB, nummod:gov)' '(VERB, ->, ADJ, appos)'
 '(ADJ, <-, PART, det)' '(ADJ, <-, ADV, case)' '(PROPN, ->, PUNCT, flat)']"
51,51,"[np.float64(390.10138505600236), np.float64(315.5236918370489), np.float64(289.0740205344257), np.float64(260.73640451859626), np.float64(251.5551515245978)]","[62, 92, 604, 402, 34]","[np.float64(0.02240144123981747), np.float64(0.017440466183686176), np.float64(0.003427461828049866), np.float64(0.005584244673103292), np.float64(0.027662466136610667)]",Grin,"['(DET, ->, PRON, acl)' '(ADP, ->, PAD, acl)' '(VERB, <-, ADP, punct)'
 '(PAD, <-, PRON, parataxis)' '(NOUN, <-, CCONJ, punct)']"
52,52,"[np.float64(222.57760179015762), np.float64(120.46344706965007), np.float64(98.86471101605737), np.float64(94.21176419658451), np.float64(93.60143187287493)]","[94, 5, 500, 79, 52]","[np.float64(0.038040007535953206), np.float64(0.1455416920022625), np.float64(0.009562505140342866), np.float64(0.03932845449390145), np.float64(0.048572342825084554)]",Gusev,"['(PROPN, ->, NOUN, acl)' '(PAD, <-, NUM, amod)' '(PART, <-, ADV, orphan)'
 '(NUM, <-, CCONJ, punct)' '(SYM, ->, PROPN, conj)']"
53,53,"[np.float64(225.85990217277498), np.float64(155.3950687662756), np.float64(132.18916848137889), np.float64(131.97701072923044), np.float64(101.35271176150829)]","[16, 8, 7, 60, 15]","[np.float64(0.031690199064685516), np.float64(0.04387497732318183), np.float64(0.045513144822185436), np.float64(0.014833710200491089), np.float64(0.032509389158703876)]",Gusiatnikova,"['(INTJ, ->, ADP, mark)' '(NOUN, <-, DET, PAD)' '(VERB, <-, PAD, case)'
 '(INTJ, ->, PUNCT, fixed)' '(ADJ, ->, INTJ, nummod)']"
54,54,"[np.float64(346.35841104091804), np.float64(241.7405716642041), np.float64(216.56336940939337), np.float64(214.56936463237935), np.float64(211.17852230672517)]","[237, 6, 154, 39, 993]","[np.float64(0.007507564102886159), np.float64(0.039653543756232305), np.float64(0.010628562993466465), np.float64(0.024723328568941678), np.float64(0.0012882625917112922)]",Hoffman,"['(AUX, ->, NUM, obl)' '(VERB, ->, DET, fixed)' '(INTJ, ->, NOUN, csubj)'
 '(ADV, <-, VERB, orphan)' '(VERB, <-, PART, compound)']"
55,55,"[np.float64(325.0558633800109), np.float64(298.2370243807792), np.float64(248.84377014005747), np.float64(247.56341413133654), np.float64(245.5941935397894)]","[450, 97, 64, 568, 427]","[np.float64(0.007020853615976124), np.float64(0.023002457496538647), np.float64(0.029368578069362532), np.float64(0.00535147874219831), np.float64(0.007447490037474715)]",Kassil,"['(PROPN, <-, VERB, fixed)' '(PUNCT, ->, VERB, nmod)'
 '(ADP, ->, PART, appos)' '(ADV, <-, ADJ, root)' '(AUX, ->, PROPN, obj)']"
56,56,"[np.float64(409.6032159886836), np.float64(330.1248766592441), np.float64(298.7809981763476), np.float64(298.03366508617387), np.float64(290.172338853695)]","[396, 613, 450, 86, 227]","[np.float64(0.007728757348581005), np.float64(0.004854780895309534), np.float64(0.006823875710710473), np.float64(0.020983089321920976), np.float64(0.011977471296334346)]",Kataev,"['(VERB, ->, AUX, advmod)' '(ADJ, ->, DET, advmod)'
 '(PROPN, <-, VERB, fixed)' '(VERB, ->, PART, case)' '(DET, <-, X, nsubj)']"
57,57,"[np.float64(339.39968223076426), np.float64(286.1610224691246), np.float64(218.8472397899505), np.float64(209.07779300008332), np.float64(208.62218923756853)]","[64, 35, 81, 204, 31]","[np.float64(0.0283871736002007), np.float64(0.04132202029687893), np.float64(0.023925172635412124), np.float64(0.013400266663423996), np.float64(0.046400810693422515)]",Kaverin,"['(ADP, ->, PART, appos)' '(ADJ, ->, PROPN, discourse)'
 '(VERB, <-, X, nummod)' '(PRON, ->, DET, amod)' '(NUM, ->, ADV, root)']"
58,58,"[np.float64(164.81444130500265), np.float64(140.7702845957671), np.float64(136.91884299493893), np.float64(135.1712604592617), np.float64(124.52729709622659)]","[4, 11, 10, 52, 31]","[np.float64(0.05184821485679287), np.float64(0.03888616114259465), np.float64(0.03888616114259465), np.float64(0.02016291782879965), np.float64(0.026470744768833546)]",Kirsanova Anodina Aksenov,"['(SCONJ, ->, INTJ, advmod)' '(AUX, ->, NOUN, ccomp)'
 '(X, <-, PRON, nsubj:pass)' '(SYM, ->, PROPN, conj)'
 '(NUM, ->, ADV, root)']"
59,59,"[np.float64(282.47570370107024), np.float64(271.3547232533144), np.float64(196.94254864190708), np.float64(170.4044932305633), np.float64(139.72058569638142)]","[3, 31, 0, 221, 1]","[np.float64(0.07681589906003808), np.float64(0.046454255322921564), np.float64(0.10441772127227472), np.float64(0.014311767617469894), np.float64(0.09998273901008257)]",Knabe,"['(X, <-, PROPN, flat)' '(NUM, ->, ADV, root)' '(PROPN, ->, ADJ, advcl)'
 '(VERB, <-, CCONJ, expl)' '(X, ->, PROPN, mark)']"
60,60,"[np.float64(156.33343860658778), np.float64(152.41477488241821), np.float64(148.62135382616847), np.float64(143.17100868629763), np.float64(142.25617816132404)]","[153, 277, 1414, 73, 1253]","[np.float64(0.022411728360228932), np.float64(0.011205864180114466), np.float64(0.0), np.float64(0.0336175925403434), np.float64(0.0)]",Koni,"['(NOUN, ->, INTJ, obl)' '(VERB, <-, VERB, obj)'
 '(PART, ->, INTJ, nummod:gov)' '(DET, <-, CCONJ, fixed)'
 '(PUNCT, ->, NOUN, nmod)']"
61,61,"[np.float64(470.57952646809184), np.float64(316.6267283409462), np.float64(267.88979493689857), np.float64(245.8097170041849), np.float64(238.12178074205423)]","[212, 0, 284, 248, 51]","[np.float64(0.009599824665370554), np.float64(0.06904011751726287), np.float64(0.0077712866338713995), np.float64(0.008582807855989338), np.float64(0.022709652601772837)]",Kozlov,"['(NOUN, ->, ADP, acl:relcl)' '(PROPN, ->, ADJ, advcl)'
 '(PRON, <-, NUM, punct)' '(ADV, <-, NOUN, csubj)' '(NUM, <-, PART, case)']"
62,62,"[np.float64(270.2858036029518), np.float64(255.111474369994), np.float64(246.5222301627692), np.float64(242.40629196590484), np.float64(201.64179342653551)]","[49, 39, 94, 201, 599]","[np.float64(0.02883032208708618), np.float64(0.03170374272160049), np.float64(0.021215148863104053), np.float64(0.012170509274603279), np.float64(0.004428980957922415)]",Krapivin,"['(ADV, ->, ADP, parataxis)' '(ADV, <-, VERB, orphan)'
 '(PROPN, ->, NOUN, acl)' '(ADJ, ->, PUNCT, PAD)' '(ADJ, <-, AUX, csubj)']"
63,63,"[np.float64(352.35975930515355), np.float64(342.37317724902334), np.float64(270.66076538042034), np.float64(267.7234299582745), np.float64(257.6722332286843)]","[84, 51, 216, 36, 519]","[np.float64(0.023982872828165736), np.float64(0.030195480544684506), np.float64(0.013463417764786172), np.float64(0.03642646201672909), np.float64(0.006338663433239714)]",Kuprin,"['(ADJ, <-, INTJ, mark)' '(NUM, <-, PART, case)' '(PROPN, <-, DET, obj)'
 '(PRON, <-, CCONJ, advmod)' '(SYM, ->, VERB, orphan)']"
64,64,"[np.float64(153.27090188712293), np.float64(150.2118102061276), np.float64(140.36284945320975), np.float64(139.7868122604214), np.float64(136.9289820610185)]","[219, 173, 134, 84, 12]","[np.float64(0.012903110215119492), np.float64(0.015760666828667072), np.float64(0.018804017799268928), np.float64(0.026731434348308755), np.float64(0.06516544123196207)]",Lermontov,"['(PAD, ->, ADV, discourse)' '(VERB, ->, PROPN, flat:name)'
 '(PRON, ->, VERB, det)' '(ADJ, <-, INTJ, mark)' '(PROPN, <-, PRON, obj)']"
65,65,"[np.float64(239.40072139110484), np.float64(228.58495270988547), np.float64(143.12756821411762), np.float64(136.74592273941047), np.float64(102.08129319577273)]","[559, 43, 348, 121, 475]","[np.float64(0.006750782385141983), np.float64(0.05150925365083846), np.float64(0.011449095355878286), np.float64(0.02716081565252542), np.float64(0.008299154629237365)]",Losev,"['(PROPN, ->, AUX, cop)' '(PRON, ->, ADV, acl:relcl)'
 '(INTJ, ->, ADJ, nsubj)' '(PUNCT, <-, VERB, obl)'
 '(ADV, <-, VERB, csubj)']"
66,66,"[np.float64(289.71859585027977), np.float64(253.95900703529267), np.float64(232.82805145776464), np.float64(215.5676975334476), np.float64(207.1206171497373)]","[26, 78, 39, 53, 92]","[np.float64(0.02978974019597189), np.float64(0.014894870097985945), np.float64(0.024824783496643243), np.float64(0.019859826797314593), np.float64(0.014894870097985945)]",Lubimova,"['(PAD, ->, PAD, orphan)' '(PART, <-, PART, mark)'
 '(ADV, <-, VERB, orphan)' '(ADV, ->, NOUN, obl)' '(ADP, ->, PAD, acl)']"
67,67,"[np.float64(350.4820102382976), np.float64(295.050960769291), np.float64(273.38280981924265), np.float64(260.3515575236109), np.float64(245.80166843744666)]","[289, 2, 94, 100, 1247]","[np.float64(0.009172408038192552), np.float64(0.07170953585921833), np.float64(0.02010777111499229), np.float64(0.019354772909287325), np.float64(0.00118642264188173)]",Lukyanenko,"['(NOUN, ->, PART, cop)' '(PRON, <-, AUX, orphan)'
 '(PROPN, ->, NOUN, acl)' '(ADJ, <-, NUM, nsubj)' '(PART, ->, PRON, root)']"
68,68,"[np.float64(174.28417079403812), np.float64(158.70278511753153), np.float64(158.30551002213824), np.float64(142.9473411907747), np.float64(141.11760369565837)]","[54, 1229, 130, 114, 1167]","[np.float64(0.026358836060742356), np.float64(0.0018827740043387397), np.float64(0.015062192034709918), np.float64(0.01694496603904866), np.float64(0.0018827740043387397)]",Lungu,"['(VERB, <-, INTJ, nsubj)' '(PART, ->, PRON, advcl)'
 '(PART, ->, DET, nsubj)' '(PAD, ->, NOUN, amod)' '(PROPN, ->, X, ccomp)']"
69,69,"[np.float64(211.84885102225525), np.float64(179.66137842980564), np.float64(111.96785698228437), np.float64(101.31878119336365), np.float64(99.92568781067212)]","[85, 759, 64, 185, 469]","[np.float64(0.040679234956765564), np.float64(0.0065835353664593565), np.float64(0.04727806942628922), np.float64(0.024304188064567696), np.float64(0.011676083519877867)]",Makushinskiyi,"['(ADV, ->, ADV, iobj)' '(AUX, ->, ADJ, nsubj)' '(ADP, ->, PART, appos)'
 '(INTJ, <-, ADV, nummod:gov)' '(ADJ, <-, PUNCT, flat:foreign)']"
70,70,"[np.float64(146.69401661802766), np.float64(137.94258691316443), np.float64(116.0662361084385), np.float64(101.41577380416555), np.float64(98.56127520884891)]","[115, 9, 10, 29, 526]","[np.float64(0.027570877503685916), np.float64(0.08635229616019682), np.float64(0.08613300121101776), np.float64(0.058738696078395845), np.float64(0.007677682522054117)]",Malevish,"['(PRON, <-, X, csubj)' '(NOUN, ->, AUX, obl)' '(X, <-, PRON, nsubj:pass)'
 '(DET, ->, SCONJ, acl:relcl)' '(PUNCT, ->, ADV, fixed)']"
71,71,"[np.float64(355.0847699642232), np.float64(228.75982418334686), np.float64(204.92742102937615), np.float64(196.7124462142268), np.float64(194.70448402894561)]","[32, 360, 6, 22, 44]","[np.float64(0.048487973532687224), np.float64(0.009458448951861612), np.float64(0.0728402854835741), np.float64(0.052844308165969904), np.float64(0.039742403087309)]",Mamin-Sibiryak,"['(DET, ->, ADP, advmod)' '(VERB, <-, PUNCT, obl)'
 '(VERB, ->, DET, fixed)' '(PRON, ->, ADP, mark)' '(X, ->, NUM, flat)']"
72,72,"[np.float64(275.9245204812749), np.float64(247.31328756562465), np.float64(204.8722048736611), np.float64(193.1983178778933), np.float64(182.93014671308512)]","[55, 129, 76, 19, 213]","[np.float64(0.03336023298022594), np.float64(0.022240155320150622), np.float64(0.027800194150188275), np.float64(0.05560038830037655), np.float64(0.016144483679059927)]",Mamina,"['(PART, ->, X, cop)' '(DET, ->, ADP, root)' '(PRON, ->, PRON, mark)'
 '(NOUN, <-, VERB, iobj)' '(NUM, <-, PRON, nsubj)']"
73,73,"[np.float64(262.5297993166565), np.float64(200.5714858452091), np.float64(179.3922050385767), np.float64(179.05044764088944), np.float64(170.8267304375363)]","[33, 10, 88, 24, 73]","[np.float64(0.0401051981183044), np.float64(0.05213675755379572), np.float64(0.02406311887098264), np.float64(0.0401051981183044), np.float64(0.02807363868281308)]",Marchik,"['(PART, <-, NUM, iobj)' '(X, <-, PRON, nsubj:pass)'
 '(DET, ->, AUX, acl:relcl)' '(VERB, ->, PART, obl)'
 '(DET, <-, CCONJ, fixed)']"
74,74,"[np.float64(291.16985520631897), np.float64(247.30738551769124), np.float64(221.08903743142497), np.float64(216.5143957428564), np.float64(206.40454339116752)]","[49, 198, 513, 1178, 271]","[np.float64(0.03358605216594095), np.float64(0.014764056958536947), np.float64(0.006052371390103653), np.float64(0.0014494675483244463), np.float64(0.011977074897494404)]",Marinina,"['(ADV, ->, ADP, parataxis)' '(AUX, ->, ADV, parataxis)'
 '(PAD, <-, PART, cc)' '(ADJ, ->, PUNCT, nummod)' '(PUNCT, ->, ADJ, root)']"
75,75,"[np.float64(211.7165219294172), np.float64(176.57105380743772), np.float64(165.09574830497382), np.float64(164.72321800178258), np.float64(154.2670712598174)]","[10, 49, 136, 44, 126]","[np.float64(0.07868689839368025), np.float64(0.037769711228966524), np.float64(0.018884855614483262), np.float64(0.037769711228966524), np.float64(0.018884855614483262)]",Mikhalkov,"['(X, <-, PRON, nsubj:pass)' '(ADV, ->, ADP, parataxis)'
 '(VERB, <-, X, compound)' '(X, ->, NUM, flat)' '(PROPN, ->, SYM, cc)']"
76,76,"[np.float64(188.13758159314014), np.float64(187.5747687515269), np.float64(179.0218733615643), np.float64(178.039326418603), np.float64(176.38141523297259)]","[648, 158, 417, 57, 110]","[np.float64(0.006307405214194059), np.float64(0.019940253235644984), np.float64(0.009698745604622645), np.float64(0.0330011160285959), np.float64(0.025009025508736293)]",Moshkov,"['(ADJ, ->, DET, nsubj)' '(VERB, ->, PUNCT, amod)'
 '(PART, ->, SCONJ, root)' '(VERB, <-, PROPN, acl)' '(AUX, <-, PRON, obj)']"
77,77,"[np.float64(187.87752420280253), np.float64(167.31503417494994), np.float64(152.56754808350357), np.float64(143.29021665958066), np.float64(133.3669839866792)]","[43, 255, 157, 188, 1087]","[np.float64(0.033177676387662246), np.float64(0.016588838193831123), np.float64(0.016588838193831123), np.float64(0.016588838193831123), np.float64(0.0)]",NakedScience,"['(PRON, ->, ADV, acl:relcl)' '(PAD, ->, SCONJ, parataxis)'
 '(NOUN, <-, PAD, mark)' '(ADP, ->, SYM, punct)'
 '(NOUN, <-, X, nummod:entity)']"
78,78,"[np.float64(236.97608720266572), np.float64(207.61124516224737), np.float64(163.14229345102336), np.float64(114.57010633900225), np.float64(94.21443812478039)]","[25, 3, 48, 222, 7]","[np.float64(0.05581947262747708), np.float64(0.12328041269918381), np.float64(0.04115106854638266), np.float64(0.014405025194187635), np.float64(0.0902898797233459)]",nlobooks[ru],"['(AUX, <-, PART, cc)' '(X, <-, PROPN, flat)' '(ADP, ->, VERB, obl)'
 '(PRON, <-, PART, nummod)' '(VERB, <-, PAD, case)']"
79,79,"[np.float64(222.64193672238892), np.float64(215.2287255901614), np.float64(196.02661960276757), np.float64(195.3798567131069), np.float64(182.71256500694597)]","[16, 31, 644, 207, 364]","[np.float64(0.044471168659033534), np.float64(0.036440358345348305), np.float64(0.003315354153225318), np.float64(0.011884108222268172), np.float64(0.007370277271547155)]",Nosov,"['(INTJ, ->, ADP, mark)' '(NUM, ->, ADV, root)'
 '(PROPN, ->, DET, parataxis)' '(INTJ, <-, ADV, parataxis)'
 '(NOUN, ->, VERB, aux)']"
80,80,"[np.float64(271.26610459561863), np.float64(268.5661557592331), np.float64(260.0962770965953), np.float64(244.05769572378153), np.float64(238.6808638783207)]","[58, 13, 22, 160, 111]","[np.float64(0.02494740548616501), np.float64(0.043683040663404976), np.float64(0.03941246903014565), np.float64(0.013718502537669153), np.float64(0.01682558927699176)]",Oseeva,"['(NOUN, ->, ADV, nsubj)' '(PART, <-, NUM, parataxis)'
 '(PRON, ->, ADP, mark)' '(PRON, <-, ADJ, nummod)' '(PROPN, ->, NUM, obl)']"
81,81,"[np.float64(148.45574752284207), np.float64(146.5833178065458), np.float64(145.01770639886058), np.float64(140.1661117709206), np.float64(138.9765634762401)]","[199, 215, 30, 225, 204]","[np.float64(0.012056756485520435), np.float64(0.012056756485520435), np.float64(0.03458005545101278), np.float64(0.012056756485520435), np.float64(0.012056756485520435)]",Oster,"['(INTJ, <-, VERB, advcl)' '(ADJ, ->, ADP, fixed)'
 '(NOUN, <-, SCONJ, mark)' '(AUX, <-, DET, conj)' '(PRON, ->, DET, amod)']"
82,82,"[np.float64(181.32005433015757), np.float64(174.9661646117555), np.float64(169.1964572405845), np.float64(156.83939896176685), np.float64(150.69155799739778)]","[134, 195, 48, 203, 608]","[np.float64(0.019112633478254443), np.float64(0.012741755652169631), np.float64(0.03822526695650889), np.float64(0.012741755652169631), np.float64(0.006370877826084816)]",Plevako,"['(PRON, ->, VERB, det)' '(PRON, <-, SCONJ, discourse)'
 '(ADP, ->, VERB, obl)' '(ADV, ->, PROPN, nmod)'
 '(ADV, <-, PROPN, orphan)']"
83,83,"[np.float64(233.78072677744268), np.float64(137.3233783788881), np.float64(136.17855148633282), np.float64(135.85870859084812), np.float64(131.80236189238988)]","[29, 138, 736, 35, 1395]","[np.float64(0.04531119485741261), np.float64(0.021413805746568967), np.float64(0.004752897297858659), np.float64(0.04139847775018298), np.float64(0.0022109010084451902)]",Preobrazhensky,"['(DET, ->, SCONJ, acl:relcl)' '(ADJ, ->, VERB, obl)'
 '(DET, ->, PUNCT, nummod)' '(ADJ, ->, PROPN, discourse)'
 '(PRON, ->, PART, cc)']"
84,84,"[np.float64(273.5920286694422), np.float64(230.59334511335777), np.float64(216.07421786180117), np.float64(175.38448338992742), np.float64(169.06446984187397)]","[192, 18, 47, 42, 52]","[np.float64(0.013281878666587614), np.float64(0.039516080342015925), np.float64(0.028651181676601203), np.float64(0.02981891765547655), np.float64(0.027856771928030207)]",Prokofeva,"['(PRON, <-, PRON, discourse)' '(ADP, <-, PRON, cc)'
 '(NOUN, ->, ADP, acl)' '(X, <-, ADV, fixed)' '(SYM, ->, PROPN, conj)']"
85,85,"[np.float64(258.08676236710244), np.float64(179.96663823360845), np.float64(179.39032547389007), np.float64(139.02610472103746), np.float64(137.4368248253877)]","[20, 68, 19, 125, 81]","[np.float64(0.05538418810504756), np.float64(0.02770738662506973), np.float64(0.05602403364329935), np.float64(0.020078585939568128), np.float64(0.02489957050813305)]",Pushkin,"['(PRON, ->, NOUN, csubj)' '(NUM, ->, ADJ, root)' '(NOUN, <-, VERB, iobj)'
 '(NOUN, ->, CCONJ, flat:foreign)' '(VERB, <-, X, nummod)']"
86,86,"[np.float64(255.0615610125299), np.float64(58.94147719307517), np.float64(51.31785252318963), np.float64(50.22235417759142), np.float64(39.167777627698875)]","[0, 53, 14, 5, 92]","[np.float64(0.08575863646846944), np.float64(0.027127125637604103), np.float64(0.050305113224150225), np.float64(0.06036613586898028), np.float64(0.018780317749110532)]",pvlida,"['(PROPN, ->, ADJ, advcl)' '(ADV, ->, NOUN, obl)'
 '(PRON, ->, NOUN, flat:foreign)' '(PAD, <-, NUM, amod)'
 '(ADP, ->, PAD, acl)']"
87,87,"[np.float64(282.9193299034048), np.float64(207.33016710540676), np.float64(186.71556866567323), np.float64(176.84728918666434), np.float64(175.11681305934584)]","[66, 96, 23, 853, 0]","[np.float64(0.02350701034533883), np.float64(0.01873938251933349), np.float64(0.03919743119314598), np.float64(0.0024574609292811697), np.float64(0.11651868026288226)]",Regentov,"['(NUM, <-, PUNCT, nummod:gov)' '(ADP, ->, ADV, appos)'
 '(NOUN, ->, VERB, flat:foreign)' '(PROPN, ->, PROPN, amod)'
 '(PROPN, ->, ADJ, advcl)']"
88,88,"[np.float64(220.54445561085157), np.float64(218.39379879351432), np.float64(205.2394010525648), np.float64(202.5711479690666), np.float64(179.84306855906485)]","[259, 67, 176, 100, 252]","[np.float64(0.011737128708332756), np.float64(0.02820410401698054), np.float64(0.01573683969209278), np.float64(0.023633724764651223), np.float64(0.012287934692623721)]",Rubina,"['(PROPN, <-, NUM, orphan)' '(NUM, <-, PRON, conj)'
 '(DET, <-, PRON, discourse)' '(ADJ, <-, NUM, nsubj)'
 '(X, <-, ADJ, compound)']"
89,89,"[np.float64(313.38757332742694), np.float64(289.6133190653318), np.float64(255.78184461483536), np.float64(249.7027813100036), np.float64(228.13086020389548)]","[290, 76, 265, 370, 61]","[np.float64(0.010107936214472165), np.float64(0.02303700729096302), np.float64(0.010549434608709008), np.float64(0.00822949197718934), np.float64(0.025459550820788525)]",Rybakov,"['(VERB, <-, PROPN, aux)' '(PRON, ->, PRON, mark)'
 '(ADJ, ->, CCONJ, conj)' '(ADV, ->, VERB, nummod:gov)'
 '(PART, <-, PROPN, conj)']"
90,90,"[np.float64(166.40676282258698), np.float64(163.00734040999018), np.float64(152.6496236481841), np.float64(143.78379020079757), np.float64(133.2324403508933)]","[284, 0, 3, 124, 255]","[np.float64(0.01074268023510301), np.float64(0.111167853917932), np.float64(0.07982095303331986), np.float64(0.021781451755751195), np.float64(0.011798843757039455)]",Salnikov,"['(PRON, <-, NUM, punct)' '(PROPN, ->, ADJ, advcl)' '(X, <-, PROPN, flat)'
 '(DET, ->, PAD, ccomp)' '(PAD, ->, SCONJ, parataxis)']"
91,91,"[np.float64(189.94300420147027), np.float64(180.73786307425024), np.float64(161.27186669725486), np.float64(153.22956640942863), np.float64(147.58465919605555)]","[40, 0, 43, 205, 628]","[np.float64(0.050907834464815754), np.float64(0.09862249379061191), np.float64(0.0440371272970086), np.float64(0.01944358213770978), np.float64(0.0072544993318836345)]",SaltykovSchedrin,"['(ADJ, ->, ADJ, ccomp)' '(PROPN, ->, ADJ, advcl)'
 '(PRON, ->, ADV, acl:relcl)' '(INTJ, ->, AUX, conj)'
 '(PAD, ->, PUNCT, punct)']"
92,92,"[np.float64(151.60145488933168), np.float64(149.96512526419295), np.float64(142.23575845961338), np.float64(122.6260065420301), np.float64(112.4205390830856)]","[2, 7, 16, 108, 69]","[np.float64(0.1074371709868924), np.float64(0.0805778782401693), np.float64(0.06906675277728798), np.float64(0.02467041905625824), np.float64(0.034069129767583715)]",Semihatov,"['(PRON, <-, AUX, orphan)' '(VERB, <-, PAD, case)' '(INTJ, ->, ADP, mark)'
 '(PAD, <-, VERB, conj)' '(VERB, ->, X, aux)']"
93,93,"[np.float64(307.0970400119227), np.float64(306.77540668964645), np.float64(215.92820425427786), np.float64(212.14434825863887), np.float64(186.9777244040938)]","[198, 28, 455, 7, 237]","[np.float64(0.013558892141232267), np.float64(0.04045442749073039), np.float64(0.006693524768704587), np.float64(0.07361985946761905), np.float64(0.012030573719211487)]",Serafimovich,"['(AUX, ->, ADV, parataxis)' '(X, <-, NUM, root)' '(NOUN, <-, X, case)'
 '(VERB, <-, PAD, case)' '(AUX, ->, NUM, obl)']"
94,94,"[np.float64(258.06264440659095), np.float64(248.6394176943679), np.float64(222.00654504284051), np.float64(199.10505836889428), np.float64(185.56321059328494)]","[162, 870, 77, 78, 156]","[np.float64(0.020879839127810256), np.float64(0.004104479794533612), np.float64(0.0332442058156168), np.float64(0.03305684387582714), np.float64(0.02162218589246301)]",Sergeev-Tsenskij,"['(VERB, ->, PROPN, obl)' '(SYM, <-, X, case)' '(VERB, <-, CCONJ, cc)'
 '(PART, <-, PART, mark)' '(PART, <-, PUNCT, advmod)']"
95,95,"[np.float64(172.61346039391898), np.float64(136.67028376706847), np.float64(115.46109429788903), np.float64(108.41924292586322), np.float64(107.44263500723466)]","[71, 109, 81, 54, 23]","[np.float64(0.051010279057442855), np.float64(0.04113732182051843), np.float64(0.047795187303119), np.float64(0.05649779758348931), np.float64(0.09277681599734813)]",Shevtsov,"['(PROPN, <-, PAD, parataxis)' '(PRON, ->, NOUN, conj)'
 '(VERB, <-, X, nummod)' '(VERB, <-, INTJ, nsubj)'
 '(NOUN, ->, VERB, flat:foreign)']"
96,96,"[np.float64(634.2247979694426), np.float64(288.68185938034014), np.float64(167.74578020544712), np.float64(164.31487580852837), np.float64(152.0418904074554)]","[15, 20, 88, 62, 11]","[np.float64(0.060199055917933654), np.float64(0.05265575920298579), np.float64(0.024481722176844748), np.float64(0.030445840874867357), np.float64(0.06801814687484635)]",Shukshin,"['(ADJ, ->, INTJ, nummod)' '(PRON, ->, NOUN, csubj)'
 '(DET, ->, AUX, acl:relcl)' '(DET, ->, PRON, acl)'
 '(AUX, ->, NOUN, ccomp)']"
97,97,"[np.float64(158.81142622842245), np.float64(143.8713926604761), np.float64(137.06100134292018), np.float64(128.5899420361283), np.float64(125.1685984735671)]","[79, 96, 6, 356, 263]","[np.float64(0.03988723508505275), np.float64(0.02659149005670183), np.float64(0.0930702151984564), np.float64(0.013295745028350915), np.float64(0.013295745028350915)]",ShushpanovLouk,"['(NUM, <-, CCONJ, punct)' '(ADP, ->, ADV, appos)'
 '(VERB, ->, DET, fixed)' '(ADV, ->, CCONJ, cc)' '(DET, ->, NOUN, punct)']"
98,98,"[np.float64(173.83527523756138), np.float64(153.7480055194529), np.float64(142.93071185324908), np.float64(135.0130911720998), np.float64(134.2417065689909)]","[66, 456, 76, 145, 149]","[np.float64(0.02997441978945887), np.float64(0.006796747417227617), np.float64(0.025182331020570856), np.float64(0.01838558360334324), np.float64(0.01838558360334324)]",Shushpanov,"['(NUM, <-, PUNCT, nummod:gov)' '(ADP, ->, X, fixed)'
 '(PRON, ->, PRON, mark)' '(PAD, <-, VERB, aux)' '(PUNCT, ->, PRON, det)']"
99,99,"[np.float64(238.90757076910808), np.float64(205.72171400357425), np.float64(198.0160547617945), np.float64(192.7539446460328), np.float64(183.94514281726495)]","[121, 7, 161, 75, 141]","[np.float64(0.02301924245102947), np.float64(0.07817643220487108), np.float64(0.019945156374583783), np.float64(0.030222047443467164), np.float64(0.02107764732052466)]",Simonov,"['(PUNCT, <-, VERB, obl)' '(VERB, <-, PAD, case)'
 '(INTJ, ->, ADV, acl:relcl)' '(PROPN, <-, DET, fixed)'
 '(SCONJ, ->, PART, aux)']"
100,100,"[np.float64(533.9955139869181), np.float64(133.97421492218484), np.float64(111.91784312050649), np.float64(103.17491151421143), np.float64(94.16990419870062)]","[11, 21, 10, 73, 35]","[np.float64(0.051821377242834504), np.float64(0.043078706783238926), np.float64(0.05271484926426268), np.float64(0.021539353391619463), np.float64(0.030155094748267254)]",Soloviev,"['(AUX, ->, NOUN, ccomp)' '(VERB, ->, INTJ, punct)'
 '(X, <-, PRON, nsubj:pass)' '(DET, <-, CCONJ, fixed)'
 '(ADJ, ->, PROPN, discourse)']"
101,101,"[np.float64(445.29133826716605), np.float64(280.22930307536836), np.float64(239.93146150917693), np.float64(234.89863151045017), np.float64(218.1047035883954)]","[53, 0, 5, 8, 6]","[np.float64(0.03241534296421819), np.float64(0.10708787116483487), np.float64(0.09261653722364098), np.float64(0.0752509364942083), np.float64(0.08103947007068585)]",Solovyov,"['(ADV, ->, NOUN, obl)' '(PROPN, ->, ADJ, advcl)' '(PAD, <-, NUM, amod)'
 '(NOUN, <-, DET, PAD)' '(VERB, ->, DET, fixed)']"
102,102,"[np.float64(191.08126577265233), np.float64(146.41903043753044), np.float64(142.00877952923054), np.float64(141.22292891113784), np.float64(138.76979770564765)]","[10, 14, 131, 81, 84]","[np.float64(0.08745023558655576), np.float64(0.075514489297301), np.float64(0.024381494101925288), np.float64(0.031945485667526224), np.float64(0.03146918843796255)]",Stepnova,"['(X, <-, PRON, nsubj:pass)' '(PRON, ->, NOUN, flat:foreign)'
 '(PROPN, <-, VERB, amod)' '(VERB, <-, X, nummod)' '(ADJ, <-, INTJ, mark)']"
103,103,"[np.float64(441.9769839080152), np.float64(281.09295278238585), np.float64(277.81950396806775), np.float64(255.5247946909443), np.float64(240.19456781645283)]","[33, 49, 551, 218, 155]","[np.float64(0.03156630232567652), np.float64(0.027984526117484775), np.float64(0.005472519473044672), np.float64(0.012434811326376265), np.float64(0.01513262036845498)]",Strugatskie,"['(PART, <-, NUM, iobj)' '(ADV, ->, ADP, parataxis)'
 '(PAD, ->, VERB, cop)' '(INTJ, ->, CCONJ, mark)' '(NUM, ->, ADJ, advmod)']"
104,104,"[np.float64(373.23797799296204), np.float64(299.5232450838891), np.float64(237.2951147548141), np.float64(229.2670119899986), np.float64(222.58771739811044)]","[12, 168, 8, 236, 92]","[np.float64(0.05322934765628548), np.float64(0.014733690315612464), np.float64(0.05850772497582732), np.float64(0.011595496886314085), np.float64(0.021668273616677263)]",Tamonikov,"['(PROPN, <-, PRON, obj)' '(NUM, <-, DET, mark)' '(NOUN, <-, DET, PAD)'
 '(X, <-, PROPN, appos)' '(ADP, ->, PAD, acl)']"
105,105,"[np.float64(268.307855436448), np.float64(230.62881643869306), np.float64(188.55651421985758), np.float64(142.46207950498), np.float64(119.33152927061904)]","[1, 135, 81, 165, 93]","[np.float64(0.13308942301418683), np.float64(0.021714637839253047), np.float64(0.028707487312910805), np.float64(0.018907235458708514), np.float64(0.026617884602837365)]",TEDRus,"['(X, ->, PROPN, mark)' '(ADV, <-, DET, advmod)' '(VERB, <-, X, nummod)'
 '(PAD, ->, NOUN, iobj)' '(SCONJ, <-, PRON, iobj)']"
106,106,"[np.float64(221.7526082731383), np.float64(217.51311117761455), np.float64(211.90813471602218), np.float64(206.09220709226688), np.float64(203.04475996257844)]","[2, 195, 45, 587, 425]","[np.float64(0.07710905911876495), np.float64(0.01629715113877885), np.float64(0.03632770383280489), np.float64(0.005932327387262627), np.float64(0.008525517376176576)]",Teffi,"['(PRON, <-, AUX, orphan)' '(PRON, <-, SCONJ, discourse)'
 '(DET, <-, PART, root)' '(NOUN, ->, INTJ, appos)'
 '(ADJ, ->, INTJ, appos)']"
107,107,"[np.float64(245.25121027764555), np.float64(235.18593824815514), np.float64(217.92478004985662), np.float64(213.41535107255953), np.float64(210.16340420560093)]","[65, 742, 12, 61, 3]","[np.float64(0.040521711365600274), np.float64(0.005326619284872963), np.float64(0.0769749586692073), np.float64(0.04183039225249013), np.float64(0.11585320326554237)]",Tolstoy,"['(PROPN, ->, PUNCT, flat)' '(VERB, ->, NOUN, obj)'
 '(PROPN, <-, PRON, obj)' '(PART, <-, PROPN, conj)' '(X, <-, PROPN, flat)']"
108,108,"[np.float64(229.51358667324973), np.float64(214.58612159734415), np.float64(210.36179406845682), np.float64(208.3365039452595), np.float64(199.02009108333948)]","[429, 40, 145, 229, 115]","[np.float64(0.008958717928737332), np.float64(0.035360385921871205), np.float64(0.018294031656064774), np.float64(0.014066091846263763), np.float64(0.021304440374368974)]",Turgenev,"['(NUM, <-, ADJ, fixed)' '(ADJ, ->, ADJ, ccomp)' '(PAD, <-, VERB, aux)'
 '(INTJ, <-, ADV, conj)' '(PRON, <-, X, csubj)']"
109,109,"[np.float64(225.4506597448279), np.float64(193.39639987839627), np.float64(161.66248921106518), np.float64(159.92151932816614), np.float64(148.06152042392515)]","[7, 102, 30, 103, 201]","[np.float64(0.05196861416108884), np.float64(0.018287493171929688), np.float64(0.03612389410190259), np.float64(0.018139506345044555), np.float64(0.011677205977764282)]",Uspensky,"['(VERB, <-, PAD, case)' '(PROPN, <-, VERB, appos)'
 '(NOUN, <-, SCONJ, mark)' '(PROPN, ->, ADJ, flat:foreign)'
 '(ADJ, ->, PUNCT, PAD)']"
110,110,"[np.float64(347.02460714387433), np.float64(321.80460629185114), np.float64(286.27400828707357), np.float64(276.50749005006475), np.float64(274.90836216018255)]","[148, 88, 407, 381, 140]","[np.float64(0.016931080135164124), np.float64(0.02303200625757561), np.float64(0.008047145527952208), np.float64(0.008685476571091675), np.float64(0.017357729109073423)]",Vainery,"['(PUNCT, ->, ADP, advmod)' '(DET, ->, AUX, acl:relcl)'
 '(ADV, ->, AUX, nsubj)' '(VERB, <-, PAD, det)' '(NUM, <-, DET, obl)']"
111,111,"[np.float64(82.91538507717836), np.float64(47.08778049136851), np.float64(45.61751581643793), np.float64(43.039051900741725), np.float64(38.60206837310453)]","[12, 15, 3, 29, 56]","[np.float64(0.08572854450643526), np.float64(0.07724523172695284), np.float64(0.24108361816183096), np.float64(0.05137018882700068), np.float64(0.03671076041098032)]",vestnik nsu,"['(PROPN, <-, PRON, obj)' '(ADJ, ->, INTJ, nummod)' '(X, <-, PROPN, flat)'
 '(DET, ->, SCONJ, acl:relcl)' '(ADJ, ->, ADP, advmod)']"
112,112,"[np.float64(221.57053713371877), np.float64(111.53982689434156), np.float64(69.43617962491608), np.float64(55.60192651982554), np.float64(48.542936942451846)]","[4, 27, 16, 1147, 133]","[np.float64(0.11181844360964663), np.float64(0.03928756126825422), np.float64(0.04533180146337026), np.float64(0.0), np.float64(0.014571136244236615)]",VestnikRayona,"['(SCONJ, ->, INTJ, advmod)' '(VERB, <-, CCONJ, punct)'
 '(INTJ, ->, ADP, mark)' '(CCONJ, <-, CCONJ, parataxis)'
 '(INTJ, ->, INTJ, case)']"
113,113,"[np.float64(230.97128310809921), np.float64(229.36336843173865), np.float64(198.92912357018426), np.float64(182.595604746271), np.float64(178.9883648104513)]","[46, 9, 122, 197, 145]","[np.float64(0.03000985090186752), np.float64(0.06001970180373504), np.float64(0.01833935332891904), np.float64(0.01333771151194112), np.float64(0.0166721393899264)]",Vladimirova,"['(PART, ->, ADJ, obj)' '(NOUN, ->, AUX, obl)' '(INTJ, ->, DET, fixed)'
 '(X, ->, ADJ, acl)' '(PAD, <-, VERB, aux)']"
114,114,"[np.float64(259.88149003995034), np.float64(258.6035407523057), np.float64(256.5074591151682), np.float64(240.07843971901997), np.float64(237.7749454251752)]","[182, 473, 76, 9, 100]","[np.float64(0.009456070942948699), np.float64(0.0038866137214633783), np.float64(0.01896273220538701), np.float64(0.05103453655059854), np.float64(0.015525769109360196)]",Vlasova,"['(NUM, ->, PROPN, orphan)' '(NOUN, <-, PRON, nmod)'
 '(PRON, ->, PRON, mark)' '(NOUN, ->, AUX, obl)' '(ADJ, <-, NUM, nsubj)']"
115,115,"[np.float64(253.57577901076527), np.float64(234.44983265725256), np.float64(223.44547522869456), np.float64(212.37876931028842), np.float64(198.41445652576084)]","[13, 161, 260, 253, 714]","[np.float64(0.056602496323466055), np.float64(0.01937223859636125), np.float64(0.014005800630634292), np.float64(0.014225633589262305), np.float64(0.005496196683107233)]",Voinovich,"['(PART, <-, NUM, parataxis)' '(INTJ, ->, ADV, acl:relcl)'
 '(PROPN, ->, X, xcomp)' '(PRON, <-, VERB, aux:pass)'
 '(INTJ, ->, INTJ, iobj)']"
116,116,"[np.float64(286.96421484344074), np.float64(219.5279608080088), np.float64(203.31425154607993), np.float64(197.26230422217097), np.float64(189.98420847693257)]","[51, 65, 286, 186, 548]","[np.float64(0.02460441053492848), np.float64(0.022776917599059737), np.float64(0.008279814873944429), np.float64(0.011311652017560025), np.float64(0.0040972532697300485)]",Volkov,"['(NUM, <-, PART, case)' '(PROPN, ->, PUNCT, flat)'
 '(PRON, <-, PUNCT, advmod)' '(NUM, ->, ADJ, acl:relcl)'
 '(PROPN, ->, PART, flat)']"
117,117,"[np.float64(183.00311874339343), np.float64(158.26453033463432), np.float64(133.7611710286473), np.float64(129.08940448874552), np.float64(123.67232537556228)]","[25, 179, 54, 39, 65]","[np.float64(0.05358146930157326), np.float64(0.013395367325393315), np.float64(0.040186101976179944), np.float64(0.040186101976179944), np.float64(0.02679073465078663)]",Vorotyntseva,"['(AUX, <-, PART, cc)' '(CCONJ, ->, ADV, punct)' '(VERB, <-, INTJ, nsubj)'
 '(ADV, <-, VERB, orphan)' '(PROPN, ->, PUNCT, flat)']"
118,118,"[np.float64(315.1910273026038), np.float64(231.9249405441105), np.float64(228.81008976320697), np.float64(173.18781388113322), np.float64(135.4199168704155)]","[3, 1, 4, 24, 999]","[np.float64(0.06693825549987731), np.float64(0.08032590659985277), np.float64(0.06693825549987731), np.float64(0.026775302199950925), np.float64(0.0)]",YasenevoMedia,"['(X, <-, PROPN, flat)' '(X, ->, PROPN, mark)' '(SCONJ, ->, INTJ, advmod)'
 '(VERB, ->, PART, obl)' '(ADV, ->, ADP, appos)']"
119,119,"[np.float64(327.8274037411681), np.float64(269.67882129708113), np.float64(269.1697562878322), np.float64(267.8432403279773), np.float64(258.05179616355696)]","[25, 176, 0, 403, 180]","[np.float64(0.04644179940883804), np.float64(0.014486620332264718), np.float64(0.15445564552566343), np.float64(0.007495258566365926), np.float64(0.01390789733902633)]",Zemlyanoj,"['(AUX, <-, PART, cc)' '(DET, <-, PRON, discourse)'
 '(PROPN, ->, ADJ, advcl)' '(ADJ, ->, ADJ, iobj)' '(SYM, <-, AUX, cop)']"
120,120,"[np.float64(186.06439005194443), np.float64(164.88627930706414), np.float64(159.55700558606176), np.float64(158.99241944626988), np.float64(150.7040710926878)]","[19, 79, 851, 58, 0]","[np.float64(0.044464662151264545), np.float64(0.021444305477638655), np.float64(0.002273227431757632), np.float64(0.026406535709951176), np.float64(0.09272019580597132)]",Zhitkov,"['(NOUN, <-, VERB, iobj)' '(NUM, <-, CCONJ, punct)'
 '(PAD, ->, VERB, orphan)' '(NOUN, ->, ADV, nsubj)'
 '(PROPN, ->, ADJ, advcl)']"
121,121,"[np.float64(679.036072981195), np.float64(298.5923835339198), np.float64(298.23920138956254), np.float64(287.37023970110874), np.float64(259.09546922394736)]","[4, 227, 2, 46, 92]","[np.float64(0.05546276231745639), np.float64(0.010104189898779705), np.float64(0.06226075658684734), np.float64(0.026662260812606392), np.float64(0.019031782693129537)]",ZlotnikovNikolaev,"['(SCONJ, ->, INTJ, advmod)' '(DET, <-, X, nsubj)'
 '(PRON, <-, AUX, orphan)' '(PART, ->, ADJ, obj)' '(ADP, ->, PAD, acl)']"
122,122,"[np.float64(322.8276073269666), np.float64(317.9977155555968), np.float64(294.90083287932623), np.float64(212.02828815232104), np.float64(211.83361358779732)]","[16, 96, 393, 194, 123]","[np.float64(0.0503147539626414), np.float64(0.021646816358284707), np.float64(0.0082561802869907), np.float64(0.014042561723398515), np.float64(0.018435174616029084)]",Zlotnikov,"['(INTJ, ->, ADP, mark)' '(ADP, ->, ADV, appos)'
 '(PART, ->, DET, discourse)' '(PRON, <-, VERB, iobj)'
 '(PUNCT, ->, NOUN, advcl)']"
123,123,"[np.float64(282.9623795677045), np.float64(224.70727429867077), np.float64(205.49211764235775), np.float64(200.63762089022265), np.float64(193.27224058051607)]","[90, 323, 338, 79, 43]","[np.float64(0.02039398071402339), np.float64(0.008648774199890425), np.float64(0.008210472485742538), np.float64(0.022522124009161367), np.float64(0.029583298039219882)]",Zoschenko,"['(CCONJ, ->, SCONJ, advmod)' '(NUM, <-, NOUN, iobj)'
 '(AUX, ->, VERB, nummod:gov)' '(NUM, <-, CCONJ, punct)'
 '(PRON, ->, ADV, acl:relcl)']"
