,author_id,z_score,features,feature_stats,author,feature_names
0,0,"[np.float64(3.920344876601095), np.float64(3.8901844972545474), np.float64(3.799548627218306), np.float64(3.49635867445639), np.float64(3.4963586744563893)]","[98, 110, 465, 1001, 1111]","[np.float64(0.017210380296527203), np.float64(0.016388658565747758), np.float64(0.0050234505091920475), np.float64(0.0018620524211167085), np.float64(0.0018465857819503623)]",Abgaryan,"['(NOUN, ->, ADJ, flat:foreign)' '(AUX, <-, PRON, obj)'
 '(PUNCT, ->, ADP, orphan)' '(ADV, ->, X, nsubj)' '(ADV, ->, NUM, orphan)']"
1,1,"[np.float64(8.158170240398247), np.float64(8.158170240398247), np.float64(8.158170240398247), np.float64(8.158170240398247), np.float64(8.158170240398245)]","[1491, 1551, 1563, 1587, 1390]","[np.float64(0.0005851259675076361), np.float64(0.0005851259675076361), np.float64(0.0005851259675076361), np.float64(0.0005851259675076361), np.float64(0.0007054259627362367)]",Adamov,"['(NOUN, <-, INTJ, nmod)' '(NOUN, ->, VERB, appos)' '(NUM, ->, X, advmod)'
 '(PAD, ->, PART, appos)' '(NOUN, ->, PUNCT, acl:relcl)']"
2,2,"[np.float64(5.631719024779759), np.float64(4.894902144238948), np.float64(4.894902144238948), np.float64(4.894902144238946), np.float64(4.619906837306453)]","[134, 1879, 1888, 1867, 1946]","[np.float64(0.01883629903262058), np.float64(0.0004720840997008881), np.float64(0.0004720840997008881), np.float64(0.0005755714027711693), np.float64(0.0004720840997008881)]",Aksakov,"['(PRON, ->, VERB, det)' '(DET, ->, PAD, fixed)'
 '(ADJ, ->, ADV, nsubj:pass)' '(X, <-, PART, compound)'
 '(VERB, ->, ADJ, aux:pass)']"
3,3,"[np.float64(24.474510721194743), np.float64(23.861851266102434), np.float64(23.71743476052779), np.float64(23.109054405401718), np.float64(19.46134963272503)]","[583, 617, 527, 710, 436]","[np.float64(0.0062711716971282794), np.float64(0.0062711716971282794), np.float64(0.0062711716971282794), np.float64(0.0062711716971282794), np.float64(0.0062711716971282794)]",AkuninBorisova,"['(VERB, <-, AUX, root)' '(X, <-, ADV, acl:relcl)'
 '(ADV, <-, VERB, nsubj)' '(ADJ, ->, PUNCT, root)'
 '(VERB, <-, ADV, discourse)']"
4,4,"[np.float64(8.158170240398247), np.float64(8.158170240398247), np.float64(8.158170240398247), np.float64(8.158170240398247), np.float64(8.158170240398247)]","[1518, 1533, 1673, 1675, 1796]","[np.float64(0.0007297855312022952), np.float64(0.0009681571220546693), np.float64(0.0013355784170852026), np.float64(0.0013355784170852026), np.float64(0.0009681571220546693)]",AkuninBrusnikin,"['(ADJ, <-, NUM, csubj)' '(NOUN, <-, DET, nummod:entity)'
 '(ADV, ->, PRON, acl:relcl)' '(NUM, <-, NOUN, case)'
 '(NOUN, ->, PROPN, vocative)']"
5,5,"[np.float64(4.102514002421509), np.float64(3.258122251699916), np.float64(3.146104815101949), np.float64(3.0736702803201297), np.float64(3.0188894389152083)]","[228, 1095, 1714, 804, 387]","[np.float64(0.01699531526653887), np.float64(0.002862876333465143), np.float64(0.0010155085782654547), np.float64(0.005718074176230341), np.float64(0.011778216681464245)]",Akunin,"['(ADP, ->, X, det)' '(VERB, ->, SYM, obj)' '(ADJ, <-, VERB, advcl)'
 '(ADJ, <-, AUX, root)' '(NUM, ->, VERB, orphan)']"
6,6,"[np.float64(2.678838873686249), np.float64(2.613613884218698), np.float64(2.5732614901643838), np.float64(2.5553580539411183), np.float64(2.553100459137968)]","[8, 59, 85, 0, 695]","[np.float64(0.08655495404855673), np.float64(0.038070539704379874), np.float64(0.03417011678381686), np.float64(0.12599932962629212), np.float64(0.00627645674729075)]",Aldanov,"['(NOUN, <-, DET, PAD)' '(ADJ, ->, PUNCT, amod)' '(ADV, ->, ADV, iobj)'
 '(PROPN, ->, ADJ, advcl)' '(PART, ->, VERB, conj)']"
7,7,"[np.float64(5.871306340041412), np.float64(5.789855944364911), np.float64(5.487484484431278), np.float64(4.2956408731377245), np.float64(4.2727991340376414)]","[55, 582, 300, 54, 862]","[np.float64(0.04088965379681669), np.float64(0.007390785906223902), np.float64(0.01357503280368222), np.float64(0.04135672651445169), np.float64(0.004263690650329964)]",Aleshkovsky,"['(PART, ->, X, cop)' '(PART, ->, PART, appos)' '(AUX, <-, NOUN, root)'
 '(VERB, <-, INTJ, nsubj)' '(ADP, <-, ADV, case)']"
8,8,"[np.float64(24.474510721194736), np.float64(24.474510721194733), np.float64(24.474510721194733), np.float64(20.99601171720137), np.float64(20.77682411249946)]","[268, 520, 698, 349, 783]","[np.float64(0.01059779403080593), np.float64(0.0035325980102686436), np.float64(0.0035325980102686436), np.float64(0.007065196020537287), np.float64(0.0035325980102686436)]",Alexander Hofman,"['(PAD, ->, SYM, appos)' '(ADV, ->, NOUN, orphan)' '(NUM, ->, NUM, nsubj)'
 '(INTJ, <-, CCONJ, fixed)' '(NUM, <-, X, nummod:gov)']"
9,9,"[np.float64(7.9806418657895675), np.float64(7.328693099424217), np.float64(6.58521311840171), np.float64(6.2779414876765784), np.float64(6.122586552754763)]","[1158, 1154, 373, 420, 362]","[np.float64(0.0017770405230561532), np.float64(0.0017770405230561532), np.float64(0.009041097188779296), np.float64(0.008409543744255473), np.float64(0.009409903402159829)]",Astafiev,"['(ADP, ->, VERB, cop)' '(VERB, <-, ADP, mark)' '(CCONJ, ->, ADJ, advcl)'
 '(PART, ->, INTJ, discourse)' '(PROPN, <-, SYM, nummod:entity)']"
10,10,"[np.float64(8.531225936985418), np.float64(7.807188090363029), np.float64(7.013686082044614), np.float64(6.118627680298684), np.float64(6.118627680298684)]","[531, 10, 166, 876, 893]","[np.float64(0.004964913543442053), np.float64(0.060089862019191885), np.float64(0.014644166597535316), np.float64(0.0003858930926396109), np.float64(0.0024898731884883643)]",Bakhtin,"['(ADJ, ->, PAD, flat:foreign)' '(X, <-, PRON, nsubj:pass)'
 '(PRON, <-, PUNCT, parataxis)' '(PRON, <-, INTJ, discourse)'
 '(X, <-, INTJ, mark)']"
11,11,"[np.float64(16.49199407155411), np.float64(15.319640161328527), np.float64(15.292854892765162), np.float64(13.875803429812727), np.float64(13.779226578370764)]","[1028, 1060, 612, 969, 895]","[np.float64(0.0025245451129217254), np.float64(0.0025245451129217254), np.float64(0.005049090225843451), np.float64(0.0025245451129217254), np.float64(0.0025245451129217254)]",Barinova,"['(NUM, ->, NUM, flat:foreign)' '(DET, ->, ADV, advmod)'
 '(PROPN, <-, NUM, root)' '(SCONJ, ->, VERB, acl)'
 '(NOUN, ->, ADP, nsubj)']"
12,12,"[np.float64(24.474510721194736), np.float64(24.474510721194736), np.float64(24.474510721194736), np.float64(24.474510721194736), np.float64(24.47451072119473)]","[327, 369, 424, 500, 155]","[np.float64(0.0015735248686227085), np.float64(0.0015735248686227085), np.float64(0.0015735248686227085), np.float64(0.0015735248686227085), np.float64(0.004720574605868126)]",bashinform 202,"['(NOUN, ->, X, discourse)' '(PRON, ->, PUNCT, nummod)'
 '(ADJ, <-, X, nsubj)' '(PART, <-, ADV, orphan)' '(NUM, ->, ADJ, advmod)']"
13,13,"[np.float64(2.461432623196619), np.float64(2.4474510721194735), np.float64(2.4474510721194735), np.float64(2.447451072119473), np.float64(2.447451072119473)]","[914, 1732, 1802, 1248, 1337]","[np.float64(0.0016988482182576337), np.float64(0.00030033640970376837), np.float64(0.00030033640970376837), np.float64(0.0008493561693880108), np.float64(0.000775237537768866)]",Belyaev,"['(AUX, <-, INTJ, cc)' '(NUM, ->, NUM, fixed)' '(PUNCT, <-, PUNCT, nmod)'
 '(SCONJ, ->, ADJ, nsubj)' '(CCONJ, ->, NOUN, nsubj)']"
14,14,"[np.float64(4.849172439020954), np.float64(4.5270271190506834), np.float64(4.513117592468793), np.float64(4.300905584409729), np.float64(4.270749970186881)]","[385, 14, 263, 281, 635]","[np.float64(0.010782095345771172), np.float64(0.07220473170022043), np.float64(0.01501804993978505), np.float64(0.014187542602949924), np.float64(0.00690254097473331)]",Belyanin,"['(CCONJ, ->, NOUN, advmod)' '(PRON, ->, NOUN, flat:foreign)'
 '(DET, ->, NOUN, punct)' '(ADV, <-, PART, orphan)'
 '(PRON, ->, NOUN, amod)']"
15,15,"[np.float64(24.47451072119474), np.float64(24.47451072119474), np.float64(24.47451072119474), np.float64(24.47451072119474), np.float64(24.47451072119474)]","[64, 223, 224, 240, 267]","[np.float64(0.003479185974484642), np.float64(0.003479185974484642), np.float64(0.003479185974484642), np.float64(0.003479185974484642), np.float64(0.003479185974484642)]",Bobkova,"['(ADP, ->, PART, appos)' '(ADV, <-, CCONJ, root)'
 '(ADV, ->, SCONJ, advmod)' '(ADV, <-, ADP, nsubj)' '(NUM, <-, X, cc)']"
16,16,"[np.float64(6.118627680298684), np.float64(6.118627680298684), np.float64(6.118627680298682), np.float64(5.874274104220539), np.float64(5.608932376344343)]","[1018, 1056, 520, 506, 342]","[np.float64(0.001163962538251104), np.float64(0.001163962538251104), np.float64(0.005218898191381504), np.float64(0.005218898191381504), np.float64(0.008339814352976642)]",BonchOsmolovskaya,"['(NOUN, ->, AUX, xcomp)' '(X, ->, PRON, nsubj)' '(ADV, ->, NOUN, orphan)'
 '(PAD, <-, DET, obl)' '(NUM, <-, PRON, iobj)']"
17,17,"[np.float64(4.6772403060127665), np.float64(3.9403969422958713), np.float64(3.641126700914878), np.float64(3.496358674456391), np.float64(3.496358674456391)]","[432, 607, 635, 1118, 1700]","[np.float64(0.009141732934433126), np.float64(0.0064789670599007), np.float64(0.0061317121461977415), np.float64(0.0007007772665517096), np.float64(0.0024140126942950356)]",Brustein,"['(PUNCT, ->, NOUN, root)' '(NUM, <-, VERB, discourse)'
 '(PRON, ->, NOUN, amod)' '(PROPN, <-, ADP, acl:relcl)'
 '(X, ->, NOUN, advcl)']"
18,18,"[np.float64(4.132342458712104), np.float64(3.636809488340733), np.float64(3.4731137118970308), np.float64(3.281913540643047), np.float64(3.059313840149342)]","[285, 773, 825, 1138, 932]","[np.float64(0.01287328210970901), np.float64(0.004678268606805582), np.float64(0.004364390973540206), np.float64(0.0025140888642512654), np.float64(0.00368089649570359)]",Bulgakov,"['(NUM, ->, NOUN, nsubj:pass)' '(DET, <-, PRON, cop)'
 '(VERB, <-, NUM, root)' '(VERB, ->, SCONJ, conj)'
 '(ADJ, <-, PROPN, nummod:gov)']"
19,19,"[np.float64(3.043029307451683), np.float64(2.2249555201086126), np.float64(2.2249555201086126), np.float64(2.2249555201086126), np.float64(2.2249555201086126)]","[1257, 1758, 1792, 1793, 1797]","[np.float64(0.0008740123043367737), np.float64(0.0003410200405930816), np.float64(0.0003410200405930816), np.float64(0.0003410200405930816), np.float64(0.0003410200405930816)]",Bulychev,"['(SCONJ, <-, ADV, conj)' '(ADV, <-, NUM, nummod:gov)'
 '(ADV, <-, NUM, amod)' '(X, <-, AUX, conj)' '(SYM, ->, VERB, conj)']"
20,20,"[np.float64(3.5813554737284834), np.float64(3.1942342874064047), np.float64(2.9681699331195692), np.float64(2.8915015831370634), np.float64(2.6307294210805847)]","[242, 1988, 1164, 1607, 1542]","[np.float64(0.012964252112474315), np.float64(0.0006348559490927323), np.float64(0.0020330212738676277), np.float64(0.0010684954439405244), np.float64(0.0011754968377459662)]",Bushkov,"['(ADV, <-, ADV, case)' '(ADJ, ->, ADV, parataxis)'
 '(X, ->, ADJ, acl:relcl)' '(PART, <-, PART, advcl)'
 '(ADJ, ->, NOUN, obl)']"
21,21,"[np.float64(4.10401176878738), np.float64(3.8464501289811146), np.float64(2.8299435661344177), np.float64(2.7987024885767053), np.float64(2.7732269399317415)]","[10, 1087, 186, 258, 61]","[np.float64(0.06008783238691767), np.float64(0.0017192379500038273), np.float64(0.013487638469430128), np.float64(0.0100014692123517), np.float64(0.02729533571842129)]",Bykov,"['(X, <-, PRON, nsubj:pass)' '(NOUN, <-, X, nummod:entity)'
 '(NUM, ->, ADJ, acl:relcl)' '(ADJ, ->, ADV, xcomp)'
 '(PART, <-, PROPN, conj)']"
22,22,"[np.float64(24.325429490217857), np.float64(23.904498304667356), np.float64(21.520310566014114), np.float64(20.985303956638095), np.float64(20.007955577415512)]","[97, 127, 7, 139, 75]","[np.float64(0.01838683727021946), np.float64(0.01838683727021946), np.float64(0.07354734908087784), np.float64(0.01838683727021946), np.float64(0.01838683727021946)]",Chechin,"['(PUNCT, ->, VERB, nmod)' '(PART, <-, NOUN, obj)' '(VERB, <-, PAD, case)'
 '(NUM, ->, NUM, punct)' '(PROPN, <-, DET, fixed)']"
23,23,"[np.float64(6.320221786537797), np.float64(5.715808924628943), np.float64(5.291103437122169), np.float64(5.112082280529207), np.float64(5.069548909591171)]","[34, 5, 7, 22, 1403]","[np.float64(0.059745836568540774), np.float64(0.09748627786298371), np.float64(0.08911558435563419), np.float64(0.06716711968452976), np.float64(0.0021943483176771854)]",Chekhov,"['(NOUN, <-, CCONJ, punct)' '(PAD, <-, NUM, amod)' '(VERB, <-, PAD, case)'
 '(PRON, ->, ADP, mark)' '(NOUN, <-, ADJ, parataxis)']"
24,24,"[np.float64(4.415006595007309), np.float64(4.0790851201991245), np.float64(4.079085120199124), np.float64(4.079085120199124), np.float64(4.079085120199124)]","[51, 1985, 1613, 1634, 1649]","[np.float64(0.02383955768266522), np.float64(0.00026747772174282464), np.float64(0.000521735935205779), np.float64(0.000521735935205779), np.float64(0.000521735935205779)]",Cherkasova,"['(NUM, <-, PART, case)' '(VERB, <-, NOUN, nummod:entity)'
 '(SCONJ, <-, NUM, nummod)' '(ADV, ->, ADV, PAD)' '(NOUN, <-, PART, det)']"
25,25,"[np.float64(12.575282288525036), np.float64(12.541932637047779), np.float64(12.26828354942878), np.float64(12.15584755390419), np.float64(12.065204562773985)]","[80, 426, 1, 69, 763]","[np.float64(0.07771708961602873), np.float64(0.02323779778161437), np.float64(0.6003688156341291), np.float64(0.0843279379131617), np.float64(0.011670728741443703)]",Convlab,"['(ADJ, <-, PART, det)' '(DET, ->, ADV, cop)' '(X, ->, PROPN, mark)'
 '(VERB, ->, X, aux)' '(VERB, ->, X, case)']"
26,26,"[np.float64(24.474510721194736), np.float64(24.474510721194736), np.float64(24.474510721194736), np.float64(24.474510721194736), np.float64(24.474510721194736)]","[1128, 1352, 1392, 1415, 1451]","[np.float64(0.0018952101695798261), np.float64(0.0009476050847899131), np.float64(0.0009476050847899131), np.float64(0.0009476050847899131), np.float64(0.0009476050847899131)]",Derevyanko,"['(NOUN, <-, X, nummod:gov)' '(PROPN, ->, SYM, appos)'
 '(INTJ, ->, NOUN, root)' '(PART, ->, VERB, appos)'
 '(VERB, <-, ADV, mark)']"
27,27,"[np.float64(24.47451072119474), np.float64(24.465993758511768), np.float64(24.453354039738382), np.float64(24.43457976065288), np.float64(24.38660931893302)]","[288, 7, 25, 124, 286]","[np.float64(0.01810043793579237), np.float64(0.09050218967896184), np.float64(0.056311700415946686), np.float64(0.01810043793579237), np.float64(0.01810043793579237)]",DoctorPiter,"['(NOUN, <-, PART, iobj)' '(VERB, <-, PAD, case)' '(AUX, <-, PART, cc)'
 '(DET, ->, PAD, ccomp)' '(PRON, <-, PUNCT, advmod)']"
28,28,"[np.float64(3.791654716416054), np.float64(3.6347102136600875), np.float64(3.497884766518599), np.float64(3.0836959984160783), np.float64(3.059313840149342)]","[921, 472, 1074, 942, 1586]","[np.float64(0.0032534521305219517), np.float64(0.008354747405720524), np.float64(0.0024868569448563077), np.float64(0.0031489534400633307), np.float64(0.0010058712286855798)]",Dombrowski,"['(VERB, <-, X, cop)' '(PROPN, ->, NUM, conj)' '(PART, ->, CCONJ, nsubj)'
 '(SCONJ, <-, ADP, fixed)' '(SYM, ->, ADV, parataxis)']"
29,29,"[np.float64(24.474510721194736), np.float64(24.474510721194736), np.float64(19.22048086383994), np.float64(16.778789669521327), np.float64(15.849691929406223)]","[1357, 1490, 1481, 1057, 1511]","[np.float64(0.0018055439954597111), np.float64(0.0018055439954597111), np.float64(0.0018055439954597111), np.float64(0.0018055439954597111), np.float64(0.0018055439954597111)]",Doronina,"['(PRON, ->, VERB, obj)' '(PUNCT, <-, SYM, root)' '(INTJ, <-, INTJ, root)'
 '(ADV, ->, INTJ, csubj)' '(PROPN, ->, X, compound)']"
30,30,"[np.float64(2.8381954251434824), np.float64(2.8267459197771205), np.float64(2.473256804872581), np.float64(2.4256747025464223), np.float64(2.423412586759087)]","[127, 416, 866, 561, 797]","[np.float64(0.027120275119795992), np.float64(0.011611599791987755), np.float64(0.004759233421019106), np.float64(0.00841336618576153), np.float64(0.005361072592739352)]",Dostoevsky,"['(PART, <-, NOUN, obj)' '(ADV, <-, NUM, nsubj)' '(AUX, <-, NOUN, csubj)'
 '(CCONJ, ->, VERB, cop)' '(X, <-, NUM, nsubj)']"
31,31,"[np.float64(4.17212718638899), np.float64(3.9411580353975593), np.float64(3.8347128356528195), np.float64(3.496358674456391), np.float64(3.496358674456391)]","[8, 192, 48, 133, 864]","[np.float64(0.051536520833240784), np.float64(0.010096546381102524), np.float64(0.024224245254871178), np.float64(0.0009062194510428115), np.float64(0.014722555201900625)]",Dovlatov,"['(NOUN, <-, DET, PAD)' '(PRON, <-, PRON, discourse)'
 '(ADP, ->, VERB, obl)' '(INTJ, ->, INTJ, case)'
 '(NUM, <-, VERB, parataxis)']"
32,32,"[np.float64(7.392254494394596), np.float64(7.392254494394596), np.float64(7.190480702545992), np.float64(7.176951257644576), np.float64(6.872680882656679)]","[931, 946, 861, 890, 932]","[np.float64(0.0028805872091857746), np.float64(0.0028805872091857746), np.float64(0.0031288795294550356), np.float64(0.0028805872091857746), np.float64(0.0028805872091857746)]",Dragunski,"['(ADV, <-, PART, conj)' '(NOUN, <-, ADP, advmod)' '(PROPN, <-, ADV, cc)'
 '(ADV, ->, DET, advmod)' '(ADJ, <-, PROPN, nummod:gov)']"
33,33,"[np.float64(24.134844196274), np.float64(22.68561925672631), np.float64(21.01846811974473), np.float64(17.987818197013542), np.float64(17.933797469391934)]","[168, 50, 127, 16, 98]","[np.float64(0.0296440845785171), np.float64(0.0296440845785171), np.float64(0.0296440845785171), np.float64(0.0592881691570342), np.float64(0.0296440845785171)]",Drobyshevsky Rupasova,"['(NUM, <-, DET, mark)' '(PROPN, <-, CCONJ, case)' '(PART, <-, NOUN, obj)'
 '(INTJ, ->, ADP, mark)' '(NOUN, ->, ADJ, flat:foreign)']"
34,34,"[np.float64(11.74226475728417), np.float64(11.565195764841182), np.float64(11.532654082016927), np.float64(11.51670504465281), np.float64(11.336976940125046)]","[34, 8, 19, 261, 438]","[np.float64(0.06186025285194951), np.float64(0.12220033513073514), np.float64(0.08441553810429865), np.float64(0.014415622181744173), np.float64(0.008172194999376757)]",Drobyshevsky,"['(NOUN, <-, CCONJ, punct)' '(NOUN, <-, DET, PAD)'
 '(NOUN, <-, VERB, iobj)' '(NOUN, <-, CCONJ, appos)'
 '(X, <-, X, flat:foreign)']"
35,35,"[np.float64(24.474510721194733), np.float64(19.92840480387794), np.float64(18.378855329975615), np.float64(16.900248020277296), np.float64(16.308962472028707)]","[578, 636, 777, 734, 747]","[np.float64(0.004664986412998274), np.float64(0.004664986412998274), np.float64(0.004664986412998274), np.float64(0.004664986412998274), np.float64(0.004664986412998274)]",Dubchak,"['(ADP, ->, SCONJ, fixed)' '(PROPN, <-, ADV, nsubj)'
 '(VERB, <-, ADJ, parataxis)' '(ADV, <-, PRON, expl)'
 '(NUM, ->, PAD, acl)']"
36,36,"[np.float64(24.474510721194733), np.float64(24.175329838707725), np.float64(24.105995553575685), np.float64(23.94524755063932), np.float64(23.085171241788903)]","[202, 124, 176, 143, 192]","[np.float64(0.019796390382927943), np.float64(0.019796390382927943), np.float64(0.019796390382927943), np.float64(0.019796390382927943), np.float64(0.019796390382927943)]",EdimDoma,"['(ADV, <-, ADV, ccomp)' '(DET, ->, PAD, ccomp)'
 '(DET, <-, PRON, discourse)' '(VERB, <-, X, parataxis)'
 '(PRON, <-, PRON, discourse)']"
37,37,"[np.float64(3.9441975995509413), np.float64(3.88704035545809), np.float64(3.286589038600374), np.float64(2.9862108383440233), np.float64(2.7956670322456576)]","[0, 3, 1013, 29, 1]","[np.float64(0.09652353645529858), np.float64(0.07569058447378714), np.float64(0.0014132195921496293), np.float64(0.030147663583039188), np.float64(0.09359810918359265)]",Efremov,"['(PROPN, ->, ADJ, advcl)' '(X, <-, PROPN, flat)' '(NOUN, ->, DET, nsubj)'
 '(DET, ->, SCONJ, acl:relcl)' '(X, ->, PROPN, mark)']"
38,38,"[np.float64(8.158170240398247), np.float64(8.158170240398247), np.float64(8.158170240398247), np.float64(8.158170240398247), np.float64(8.158170240398245)]","[1939, 1986, 1988, 1995, 1618]","[np.float64(0.0007188583162448178), np.float64(0.0007188583162448178), np.float64(0.0007188583162448178), np.float64(0.0007188583162448178), np.float64(0.0010522076183672627)]",Epstein,"['(PAD, ->, DET, obl)' '(ADV, <-, PAD, csubj)' '(ADJ, ->, ADV, parataxis)'
 '(PAD, ->, ADV, nmod)' '(ADJ, ->, ADP, flat:foreign)']"
39,39,"[np.float64(5.96260464811391), np.float64(4.980228941593542), np.float64(4.894902144238948), np.float64(4.894902144238948), np.float64(4.894902144238948)]","[489, 882, 1494, 1661, 1670]","[np.float64(0.006612679435076909), np.float64(0.00313484118547783), np.float64(0.0007245885435128037), np.float64(0.0007245885435128037), np.float64(0.0007245885435128037)]",Exler,"['(ADV, <-, CCONJ, fixed)' '(CCONJ, <-, NUM, nummod)'
 '(SCONJ, ->, PRON, obj)' '(INTJ, <-, PROPN, amod)'
 '(ADJ, <-, PRON, ccomp)']"
40,40,"[np.float64(6.497899938155744), np.float64(6.118627680298684), np.float64(6.118627680298683), np.float64(6.118627680298683), np.float64(6.118627680298683)]","[1458, 1722, 1853, 1855, 1932]","[np.float64(0.0010728711118201445), np.float64(0.0007079514511356741), np.float64(0.0006405367710927438), np.float64(0.0006405367710927438), np.float64(0.0006405367710927438)]",Fadeev,"['(PROPN, <-, VERB, ccomp)' '(DET, <-, PROPN, mark)'
 '(AUX, <-, PRON, parataxis)' '(NUM, ->, ADV, mark)'
 '(PART, <-, NOUN, acl)']"
41,41,"[np.float64(6.961698267296178), np.float64(6.714118089678723), np.float64(6.714118089678723), np.float64(6.2819603299006985), np.float64(6.0368529483326325)]","[1245, 1596, 1674, 1629, 1600]","[np.float64(0.002132050204095776), np.float64(0.0011385702986003376), np.float64(0.0011385702986003376), np.float64(0.0011385702986003376), np.float64(0.0011385702986003376)]",Furmanov,"['(PUNCT, ->, CCONJ, appos)' '(VERB, <-, PAD, orphan)'
 '(PUNCT, ->, NOUN, conj)' '(NUM, ->, ADP, fixed)' '(ADV, ->, PAD, csubj)']"
42,42,"[np.float64(10.92673113221146), np.float64(8.158170240398247), np.float64(8.158170240398242), np.float64(8.158170240398242), np.float64(8.158170240398242)]","[52, 946, 1184, 1206, 1214]","[np.float64(0.05707471157634507), np.float64(0.00404215262494043), np.float64(0.001347384208313477), np.float64(0.001347384208313477), np.float64(0.001347384208313477)]",Gachev,"['(SYM, ->, PROPN, conj)' '(NOUN, <-, ADP, advmod)'
 '(PRON, <-, PUNCT, nmod)' '(ADV, <-, DET, det)' '(AUX, ->, NOUN, conj)']"
43,43,"[np.float64(12.237255360597365), np.float64(12.237255360597365), np.float64(12.237255360597365), np.float64(12.237255360597365), np.float64(12.237255360597365)]","[472, 507, 546, 571, 618]","[np.float64(0.00912069333246716), np.float64(0.00912069333246716), np.float64(0.00912069333246716), np.float64(0.00912069333246716), np.float64(0.00912069333246716)]",Gasymov,"['(PROPN, ->, NUM, conj)' '(SCONJ, ->, SCONJ, advmod)'
 '(DET, <-, ADJ, acl:relcl)' '(NOUN, <-, PUNCT, obj)'
 '(VERB, ->, SCONJ, obj)']"
44,44,"[np.float64(6.118627680298687), np.float64(6.118627680298687), np.float64(6.118627680298687), np.float64(6.118627680298687), np.float64(6.118627680298687)]","[1627, 1641, 1706, 1712, 1763]","[np.float64(0.0009092184584450461), np.float64(0.0009092184584450461), np.float64(0.0009092184584450461), np.float64(0.0009092184584450461), np.float64(0.0009092184584450461)]",Gaydar,"['(ADJ, ->, SYM, nsubj:pass)' '(VERB, <-, AUX, aux:pass)'
 '(AUX, <-, ADJ, obl)' '(CCONJ, <-, NOUN, parataxis)'
 '(X, <-, SCONJ, appos)']"
45,45,"[np.float64(24.474510721194733), np.float64(24.474510721194733), np.float64(24.472624696353787), np.float64(24.104770940627052), np.float64(23.602203991593715)]","[100, 228, 23, 160, 159]","[np.float64(0.01661255347359357), np.float64(0.01661255347359357), np.float64(0.04479175141019691), np.float64(0.01661255347359357), np.float64(0.01661255347359357)]",GazetaRu,"['(ADJ, <-, NUM, nsubj)' '(ADP, ->, X, det)'
 '(NOUN, ->, VERB, flat:foreign)' '(PRON, <-, ADJ, nummod)'
 '(NUM, ->, PUNCT, PAD)']"
46,46,"[np.float64(7.307446861947187), np.float64(6.118627680298685), np.float64(6.118627680298685), np.float64(6.118627680298682), np.float64(6.118627680298682)]","[300, 1509, 1532, 1877, 1903]","[np.float64(0.0072693060680671315), np.float64(0.0008617668274706977), np.float64(0.0008617668274706977), np.float64(0.000219969239034624), np.float64(0.000219969239034624)]",Gelb,"['(AUX, <-, NOUN, root)' '(PROPN, <-, VERB, acl:relcl)'
 '(VERB, ->, ADV, case)' '(X, ->, INTJ, nmod)' '(NOUN, <-, PAD, amod)']"
47,47,"[np.float64(24.47451072119473), np.float64(24.47451072119473), np.float64(24.47451072119473), np.float64(23.898577341034485), np.float64(22.315232299400723)]","[781, 894, 959, 254, 94]","[np.float64(0.002075271212568747), np.float64(0.002075271212568747), np.float64(0.002075271212568747), np.float64(0.010376356062843737), np.float64(0.020752712125687474)]",Gorelov,"['(VERB, <-, DET, aux)' '(PAD, <-, ADP, advmod)' '(PART, <-, PUNCT, flat)'
 '(ADJ, <-, DET, advmod)' '(PROPN, ->, NOUN, acl)']"
48,48,"[np.float64(24.47451072119473), np.float64(24.47451072119473), np.float64(24.47451072119473), np.float64(24.40834182385132), np.float64(24.342798210888713)]","[14, 161, 190, 139, 30]","[np.float64(0.045326108843602934), np.float64(0.011331527210900734), np.float64(0.011331527210900734), np.float64(0.011331527210900734), np.float64(0.0339945816327022)]",GorVestnik,"['(PRON, ->, NOUN, flat:foreign)' '(INTJ, ->, ADV, acl:relcl)'
 '(PRON, <-, PUNCT, cc)' '(NUM, ->, NUM, punct)' '(NOUN, <-, SCONJ, mark)']"
49,49,"[np.float64(4.079085120199124), np.float64(4.079085120199124), np.float64(4.079085120199123), np.float64(4.079085120199123), np.float64(4.079085120199123)]","[643, 1752, 1198, 1228, 1250]","[np.float64(0.004520063853416755), np.float64(0.0004661754506141238), np.float64(0.0015066879511389179), np.float64(0.0015066879511389179), np.float64(0.0015066879511389179)]",Granin,"['(NOUN, <-, SCONJ, root)' '(CCONJ, ->, SCONJ, appos)'
 '(PROPN, ->, PAD, flat:name)' '(SYM, ->, NOUN, appos)'
 '(PROPN, <-, SCONJ, advmod)']"
50,50,"[np.float64(3.830126727860522), np.float64(3.4930903312408454), np.float64(3.059313840149343), np.float64(3.059313840149343), np.float64(3.059313840149343)]","[1044, 245, 1549, 1589, 1613]","[np.float64(0.0025032758162186405), np.float64(0.0139469500557009), np.float64(0.0009216838644274614), np.float64(0.0009216838644274614), np.float64(0.0009216838644274614)]",Grekova,"['(CCONJ, ->, VERB, xcomp)' '(PUNCT, <-, X, flat)'
 '(ADJ, ->, PROPN, orphan)' '(PROPN, <-, NOUN, case)'
 '(SCONJ, <-, NUM, nummod)']"
51,51,"[np.float64(3.059313840149342), np.float64(3.059313840149342), np.float64(3.059313840149341), np.float64(3.059313840149341), np.float64(3.059313840149341)]","[1068, 1707, 1941, 1947, 1954]","[np.float64(0.001362082802078231), np.float64(0.0005111104122260971), np.float64(0.00039383080676636196), np.float64(0.00039383080676636196), np.float64(0.00039383080676636196)]",Grin,"['(SYM, ->, PRON, det)' '(DET, ->, DET, advmod)'
 '(DET, ->, PROPN, flat:foreign)' '(DET, <-, NOUN, advcl)'
 '(NOUN, ->, NUM, amod)']"
52,52,"[np.float64(17.306753833106743), np.float64(17.306753833106743), np.float64(17.306753833106743), np.float64(17.306753833106743), np.float64(17.306753833106743)]","[741, 746, 772, 927, 973]","[np.float64(0.004781252570171433), np.float64(0.004781252570171433), np.float64(0.004781252570171433), np.float64(0.004781252570171433), np.float64(0.004781252570171433)]",Gusev,"['(X, <-, SCONJ, obl)' '(PUNCT, ->, PUNCT, aux:pass)'
 '(NOUN, <-, PUNCT, fixed)' '(VERB, <-, CCONJ, nummod:gov)'
 '(PRON, ->, ADJ, acl)']"
53,53,"[np.float64(24.474510721194736), np.float64(24.474510721194736), np.float64(24.474510721194736), np.float64(23.966340211132326), np.float64(23.88539182493711)]","[75, 287, 404, 113, 332]","[np.float64(0.003250938915870387), np.float64(0.003250938915870387), np.float64(0.013003755663481548), np.float64(0.009752816747611163), np.float64(0.003250938915870387)]",Gusiatnikova,"['(PROPN, <-, DET, fixed)' '(CCONJ, ->, SCONJ, orphan)'
 '(ADV, ->, NUM, advcl)' '(PROPN, ->, X, nsubj)' '(PRON, ->, NOUN, obj)']"
54,54,"[np.float64(5.16413754682117), np.float64(4.894902144238948), np.float64(4.894902144238948), np.float64(4.894902144238947), np.float64(4.894902144238947)]","[1169, 1745, 1779, 1469, 1483]","[np.float64(0.000932694010849921), np.float64(0.00043396494381371393), np.float64(0.00043396494381371393), np.float64(0.0004951864653665143), np.float64(0.00043750754548340666)]",Hoffman,"['(SCONJ, ->, X, case)' '(ADV, ->, ADP, csubj)' '(ADV, <-, PROPN, advmod)'
 '(ADP, ->, NOUN, advmod)' '(PART, ->, INTJ, advmod)']"
55,55,"[np.float64(2.9388263323724364), np.float64(2.7680501054166533), np.float64(2.719390080132749), np.float64(2.7193900801327486), np.float64(2.7193900801327486)]","[792, 641, 1187, 1548, 1552]","[np.float64(0.003509125747344077), np.float64(0.004557171186139476), np.float64(0.0017983675095141077), np.float64(0.0010279107496740426), np.float64(0.0010279107496740426)]",Kassil,"['(SCONJ, ->, PUNCT, fixed)' '(PUNCT, <-, ADV, advmod)'
 '(X, <-, AUX, cop)' '(PAD, <-, NOUN, appos)' '(VERB, ->, AUX, root)']"
56,56,"[np.float64(3.368403836481782), np.float64(2.7912204398842904), np.float64(2.687059028726904), np.float64(2.651221307720105), np.float64(2.433213088176635)]","[1948, 1348, 1209, 1515, 1945]","[np.float64(0.0005531711848511947), np.float64(0.0012747700983366751), np.float64(0.0015964891698919412), np.float64(0.0009868100289258685), np.float64(0.0005531711848511947)]",Kataev,"['(ADV, ->, PART, obl)' '(VERB, ->, PAD, nummod:gov)'
 '(ADJ, ->, INTJ, punct)' '(ADP, ->, PRON, advmod)' '(VERB, ->, X, flat)']"
57,57,"[np.float64(2.5348578255428618), np.float64(2.154859124549578), np.float64(2.0852201129760584), np.float64(2.0821915334227064), np.float64(1.9585562935646577)]","[1698, 1667, 6, 89, 1702]","[np.float64(0.0006926642128582139), np.float64(0.0007128366056972939), np.float64(0.060513062570443886), np.float64(0.02241885384225679), np.float64(0.0006926642128582139)]",Kaverin,"['(INTJ, ->, ADV, mark)' '(NOUN, <-, INTJ, iobj)' '(VERB, ->, DET, fixed)'
 '(ADV, <-, NOUN, cc)' '(NOUN, <-, ADJ, csubj)']"
58,58,"[np.float64(24.474510721194736), np.float64(24.474510721194736), np.float64(24.474510721194736), np.float64(24.36110635271157), np.float64(24.127831972142936)]","[232, 346, 349, 441, 314]","[np.float64(0.006481026857099109), np.float64(0.006481026857099109), np.float64(0.006481026857099109), np.float64(0.006481026857099109), np.float64(0.006481026857099109)]",Kirsanova Anodina Aksenov,"['(ADJ, ->, X, cc)' '(CCONJ, ->, PART, parataxis)'
 '(INTJ, <-, CCONJ, fixed)' '(X, ->, PROPN, advcl)'
 '(ADJ, <-, NOUN, root)']"
59,59,"[np.float64(13.016863959280675), np.float64(12.23725536059737), np.float64(12.23725536059737), np.float64(12.23725536059737), np.float64(12.23725536059737)]","[612, 1172, 1493, 1842, 1940]","[np.float64(0.005264829575883071), np.float64(0.0003254910977120258), np.float64(0.0003254910977120258), np.float64(0.0013019643908481033), np.float64(0.0003254910977120258)]",Knabe,"['(PROPN, <-, NUM, root)' '(AUX, <-, ADJ, det)' '(PART, <-, DET, det)'
 '(X, <-, PRON, mark)' '(PUNCT, ->, PUNCT, punct)']"
60,60,"[np.float64(24.474510721194733), np.float64(24.19579863298781), np.float64(22.411909616835032), np.float64(21.89095390132235), np.float64(21.066591414991496)]","[408, 348, 407, 379, 360]","[np.float64(0.011205864180114466), np.float64(0.011205864180114466), np.float64(0.011205864180114466), np.float64(0.011205864180114466), np.float64(0.011205864180114466)]",Koni,"['(SYM, <-, NUM, amod)' '(INTJ, ->, ADJ, nsubj)' '(ADV, ->, AUX, nsubj)'
 '(PRON, ->, SCONJ, mark)' '(VERB, <-, PUNCT, obl)']"
61,61,"[np.float64(5.257220821178933), np.float64(4.894902144238948), np.float64(4.894902144238948), np.float64(4.894902144238946), np.float64(4.894902144238946)]","[739, 1410, 1478, 1598, 1616]","[np.float64(0.0026849808133326894), np.float64(0.0006142709203166503), np.float64(0.0006142709203166503), np.float64(0.0005569615763644754), np.float64(0.0005569615763644754)]",Kozlov,"['(PART, ->, DET, conj)' '(ADJ, ->, SCONJ, ccomp)'
 '(VERB, ->, X, nummod:gov)' '(PRON, <-, NOUN, case)'
 '(ADP, <-, ADP, mark)']"
62,62,"[np.float64(3.228671570305381), np.float64(2.3723807210016696), np.float64(2.3552829912723823), np.float64(2.330908060232788), np.float64(2.245079801222631)]","[49, 57, 1529, 1368, 882]","[np.float64(0.02883032208708618), np.float64(0.02757042870337265), np.float64(0.0008011771348902681), np.float64(0.0010487269140754037), np.float64(0.002512605646426247)]",Krapivin,"['(ADV, ->, ADP, parataxis)' '(VERB, <-, PROPN, acl)' '(X, ->, CCONJ, cc)'
 '(NUM, <-, ADJ, obl)' '(CCONJ, <-, NUM, nummod)']"
63,63,"[np.float64(2.4294323682622405), np.float64(2.0976948279663747), np.float64(2.0362880119752096), np.float64(2.0134241854978296), np.float64(1.908170906383053)]","[1328, 1969, 1678, 173, 687]","[np.float64(0.0014288458566011335), np.float64(0.0005715383426404536), np.float64(0.0008573075139606803), np.float64(0.015192819182183272), np.float64(0.0044488038366733585)]",Kuprin,"['(PAD, ->, INTJ, appos)' '(ADV, <-, VERB, advmod)'
 '(ADJ, ->, ADP, advcl)' '(VERB, ->, PROPN, flat:name)'
 '(PROPN, <-, PART, orphan)']"
64,64,"[np.float64(8.158170240398247), np.float64(8.158170240398247), np.float64(8.158170240398247), np.float64(8.158170240398247), np.float64(8.158170240398247)]","[621, 624, 713, 725, 956]","[np.float64(0.004700369904374516), np.float64(0.004700369904374516), np.float64(0.004700369904374516), np.float64(0.002673860939484132), np.float64(0.002673860939484132)]",Lermontov,"['(PAD, ->, VERB, acl)' '(PROPN, ->, X, det)' '(PART, ->, ADJ, advcl)'
 '(ADJ, <-, NUM, PAD)' '(VERB, ->, ADV, obj)']"
65,65,"[np.float64(5.764561908156666), np.float64(5.513121914540462), np.float64(5.483563452943281), np.float64(4.296684367809504), np.float64(4.271360323177657)]","[43, 29, 57, 465, 128]","[np.float64(0.05150925365083846), np.float64(0.05870171998956986), np.float64(0.04565281104647828), np.float64(0.008600580925524738), np.float64(0.025665684344446046)]",Losev,"['(PRON, ->, ADV, acl:relcl)' '(DET, ->, SCONJ, acl:relcl)'
 '(VERB, <-, PROPN, acl)' '(PUNCT, ->, ADP, orphan)'
 '(ADJ, ->, ADV, advcl)']"
66,66,"[np.float64(24.474510721194733), np.float64(17.31219309475643), np.float64(14.27080585256607), np.float64(12.531585076349216), np.float64(10.552984424056927)]","[607, 584, 572, 715, 739]","[np.float64(0.002482478349664324), np.float64(0.002482478349664324), np.float64(0.002482478349664324), np.float64(0.002482478349664324), np.float64(0.002482478349664324)]",Lubimova,"['(NUM, <-, VERB, discourse)' '(AUX, <-, VERB, acl)'
 '(X, <-, VERB, nsubj)' '(ADJ, ->, AUX, nsubj)' '(PART, ->, DET, conj)']"
67,67,"[np.float64(5.168813702913564), np.float64(3.8911605264925893), np.float64(3.865834060552268), np.float64(3.394569241599884), np.float64(3.34404378137915)]","[366, 2, 745, 1409, 1155]","[np.float64(0.007647014232165761), np.float64(0.07170953585921833), np.float64(0.00302281133721797), np.float64(0.000866039620675097), np.float64(0.001429379398911643)]",Lukyanenko,"['(PUNCT, ->, PRON, acl:relcl)' '(PRON, <-, AUX, orphan)'
 '(PART, ->, ADP, case)' '(INTJ, ->, ADP, orphan)'
 '(ADV, ->, NUM, advmod)']"
68,68,"[np.float64(24.474510721194733), np.float64(24.474510721194733), np.float64(24.474510721194733), np.float64(24.474510721194733), np.float64(24.474510721194733)]","[925, 1068, 1076, 1092, 1212]","[np.float64(0.0018827740043387397), np.float64(0.0018827740043387397), np.float64(0.0018827740043387397), np.float64(0.0018827740043387397), np.float64(0.0018827740043387397)]",Lungu,"['(PUNCT, ->, PUNCT, flat:foreign)' '(SYM, ->, PRON, det)'
 '(PROPN, <-, ADJ, advcl)' '(ADJ, ->, AUX, advmod)'
 '(SYM, <-, ADJ, nummod)']"
69,69,"[np.float64(7.529518247733995), np.float64(6.881436889956687), np.float64(6.366292393234892), np.float64(6.363314427051131), np.float64(6.328024578777377)]","[85, 64, 40, 48, 61]","[np.float64(0.040679234956765564), np.float64(0.04727806942628922), np.float64(0.058707469828533664), np.float64(0.053712234168661485), np.float64(0.04753418601165625)]",Makushinskiyi,"['(ADV, ->, ADV, iobj)' '(ADP, ->, PART, appos)' '(ADJ, ->, ADJ, ccomp)'
 '(ADP, ->, VERB, obl)' '(PART, <-, PROPN, conj)']"
70,70,"[np.float64(13.155962403301528), np.float64(11.88813628417061), np.float64(11.523742658641506), np.float64(11.523742658641506), np.float64(11.523742658641506)]","[693, 892, 970, 1457, 1518]","[np.float64(0.005646884689898186), np.float64(0.003883702272714809), np.float64(0.0017631824171833765), np.float64(0.003526364834366753), np.float64(0.0017631824171833765)]",Malevish,"['(NUM, <-, ADP, obl)' '(NOUN, ->, PUNCT, case)' '(PRON, ->, X, compound)'
 '(ADJ, ->, ADP, case)' '(ADJ, <-, NUM, csubj)']"
71,71,"[np.float64(3.698136929990698), np.float64(3.311574216343177), np.float64(2.1855800551310405), np.float64(2.126317241516012), np.float64(2.0809977792473986)]","[32, 57, 16, 90, 77]","[np.float64(0.048487973532687224), np.float64(0.03381527842461094), np.float64(0.05779999691579331), np.float64(0.026774309726168663), np.float64(0.029343270781542363)]",Mamin-Sibiryak,"['(DET, ->, ADP, advmod)' '(VERB, <-, PROPN, acl)' '(INTJ, ->, ADP, mark)'
 '(CCONJ, ->, SCONJ, advmod)' '(VERB, <-, CCONJ, cc)']"
72,72,"[np.float64(19.225313316588704), np.float64(17.89919014124857), np.float64(15.018750186475831), np.float64(14.956745812809359), np.float64(12.638329935946306)]","[818, 458, 628, 362, 575]","[np.float64(0.005560038830037656), np.float64(0.005560038830037656), np.float64(0.005560038830037656), np.float64(0.011120077660075311), np.float64(0.005560038830037656)]",Mamina,"['(ADJ, ->, ADP, xcomp)' '(SYM, ->, NOUN, root)' '(PAD, ->, PUNCT, punct)'
 '(PROPN, <-, SYM, nummod:entity)' '(PART, ->, INTJ, cc)']"
73,73,"[np.float64(24.47451072119474), np.float64(24.47451072119474), np.float64(24.47451072119474), np.float64(21.86638259881191), np.float64(20.022819111553012)]","[645, 836, 837, 834, 676]","[np.float64(0.00401051981183044), np.float64(0.00401051981183044), np.float64(0.00401051981183044), np.float64(0.00401051981183044), np.float64(0.00401051981183044)]",Marchik,"['(ADJ, ->, INTJ, flat:foreign)' '(AUX, ->, PUNCT, mark)'
 '(VERB, ->, ADV, PAD)' '(PRON, <-, NOUN, obl)' '(X, <-, X, discourse)']"
74,74,"[np.float64(3.387112857855262), np.float64(2.9728370468488334), np.float64(2.8080518130806493), np.float64(2.7271530796892516), np.float64(2.6894342818937695)]","[1687, 1563, 1262, 78, 1143]","[np.float64(0.0006291120117070264), np.float64(0.0007371743424475488), np.float64(0.0012124450467395733), np.float64(0.02665879521661898), np.float64(0.0015589992988967248)]",Marinina,"['(SCONJ, ->, PROPN, nmod)' '(NUM, ->, X, advmod)' '(NUM, ->, SYM, root)'
 '(PART, <-, PART, mark)' '(PART, <-, INTJ, cop)']"
75,75,"[np.float64(12.072572951904016), np.float64(12.00840436727324), np.float64(11.867740492772107), np.float64(11.819712324063948), np.float64(11.492943349437775)]","[218, 270, 112, 207, 217]","[np.float64(0.01573737967873605), np.float64(0.01573737967873605), np.float64(0.018884855614483262), np.float64(0.01573737967873605), np.float64(0.01573737967873605)]",Mikhalkov,"['(INTJ, ->, CCONJ, mark)' '(NUM, ->, DET, orphan)'
 '(DET, ->, NOUN, root)' '(INTJ, <-, ADV, parataxis)'
 '(PRON, ->, PROPN, cop)']"
76,76,"[np.float64(6.620700000595465), np.float64(4.894902144238948), np.float64(4.894902144238948), np.float64(4.894902144238948), np.float64(4.894902144238947)]","[477, 1063, 1071, 1129, 1544]","[np.float64(0.00845433022536591), np.float64(0.0028009331277933365), np.float64(0.0028009331277933365), np.float64(0.0028009331277933365), np.float64(0.000744691464568521)]",Moshkov,"['(ADJ, ->, ADJ, flat:foreign)' '(PART, ->, PRON, acl:relcl)'
 '(ADJ, <-, SCONJ, root)' '(ADV, ->, INTJ, parataxis)'
 '(X, <-, PROPN, discourse)']"
77,77,"[np.float64(23.412495982978406), np.float64(23.26174595794252), np.float64(22.583480814889757), np.float64(22.434497867051565), np.float64(21.443809157219334)]","[129, 286, 140, 193, 258]","[np.float64(0.016588838193831123), np.float64(0.016588838193831123), np.float64(0.016588838193831123), np.float64(0.016588838193831123), np.float64(0.016588838193831123)]",NakedScience,"['(DET, ->, ADP, root)' '(PRON, <-, PUNCT, advmod)' '(NUM, <-, DET, obl)'
 '(INTJ, ->, PART, punct)' '(ADJ, ->, ADV, xcomp)']"
78,78,"[np.float64(24.474510721194736), np.float64(24.474510721194736), np.float64(24.474510721194736), np.float64(24.474510721194736), np.float64(24.474510721194736)]","[845, 886, 1104, 1167, 1192]","[np.float64(0.0017363438408335746), np.float64(0.0017363438408335746), np.float64(0.0017363438408335746), np.float64(0.0017363438408335746), np.float64(0.0034726876816671493)]",nlobooks[ru],"['(PAD, ->, DET, iobj)' '(PRON, <-, NOUN, fixed)' '(ADP, <-, NOUN, root)'
 '(PROPN, ->, X, ccomp)' '(X, <-, PUNCT, root)']"
79,79,"[np.float64(6.77564910768457), np.float64(4.917754306771949), np.float64(4.894902144238947), np.float64(4.894902144238947), np.float64(4.894902144238946)]","[388, 290, 1044, 1045, 1210]","[np.float64(0.006769680002328217), np.float64(0.008972290602746173), np.float64(0.0015345092288889023), np.float64(0.0015345092288889023), np.float64(0.0013230035156905464)]",Nosov,"['(X, ->, DET, orphan)' '(VERB, <-, PROPN, aux)'
 '(CCONJ, ->, VERB, xcomp)' '(PUNCT, <-, ADJ, acl:relcl)'
 '(PAD, <-, NUM, nummod:gov)']"
80,80,"[np.float64(6.4841062689341715), np.float64(6.337847646627104), np.float64(4.894902144238949), np.float64(4.894902144238947), np.float64(4.894902144238947)]","[1157, 1016, 1687, 1765, 1849]","[np.float64(0.0014031697266653322), np.float64(0.0017563833962918852), np.float64(0.0005397586854684367), np.float64(0.000338433012677506), np.float64(0.000338433012677506)]",Oseeva,"['(INTJ, ->, ADV, appos)' '(NOUN, <-, NUM, fixed)'
 '(SCONJ, ->, PROPN, nmod)' '(NOUN, <-, NUM, nummod:gov)'
 '(PROPN, <-, NUM, mark)']"
81,81,"[np.float64(12.23725536059737), np.float64(12.237255360597368), np.float64(12.237255360597368), np.float64(12.224360088757134), np.float64(12.166532519877206)]","[204, 93, 148, 130, 94]","[np.float64(0.012056756485520435), np.float64(0.022523298965492346), np.float64(0.022523298965492346), np.float64(0.022523298965492346), np.float64(0.022523298965492346)]",Oster,"['(PRON, ->, DET, amod)' '(SCONJ, <-, PRON, iobj)'
 '(PUNCT, ->, ADP, advmod)' '(PART, ->, DET, nsubj)'
 '(PROPN, ->, NOUN, acl)']"
82,82,"[np.float64(24.474510721194736), np.float64(24.474510721194736), np.float64(24.474510721194736), np.float64(22.306026268721432), np.float64(19.99348972455495)]","[400, 453, 548, 394, 481]","[np.float64(0.006370877826084816), np.float64(0.006370877826084816), np.float64(0.006370877826084816), np.float64(0.006370877826084816), np.float64(0.006370877826084816)]",Plevako,"['(NOUN, ->, ADV, flat:name)' '(X, <-, PAD, nmod)'
 '(PROPN, ->, PART, flat)' '(ADJ, ->, PAD, case)' '(SYM, <-, SYM, nummod)']"
83,83,"[np.float64(7.227501324256794), np.float64(6.118627680298684), np.float64(6.118627680298684), np.float64(6.118627680298684), np.float64(6.118627680298684)]","[770, 703, 711, 1111, 1130]","[np.float64(0.004697610662003782), np.float64(0.002486709653558592), np.float64(0.002486709653558592), np.float64(0.002486709653558592), np.float64(0.002486709653558592)]",Preobrazhensky,"['(DET, ->, PART, obl)' '(VERB, ->, PAD, fixed)' '(X, <-, ADJ, parataxis)'
 '(ADV, ->, NUM, orphan)' '(NUM, ->, PART, parataxis)']"
84,84,"[np.float64(7.393057436959889), np.float64(6.118627680298684), np.float64(6.118627680298684), np.float64(6.118627680298684), np.float64(6.118627680298684)]","[556, 941, 979, 1254, 1304]","[np.float64(0.004784854456748894), np.float64(0.0015619148420669157), np.float64(0.0015619148420669157), np.float64(0.002195337796778663), np.float64(0.002195337796778663)]",Prokofeva,"['(PAD, <-, NOUN, advmod)' '(VERB, ->, SYM, mark)'
 '(PUNCT, <-, VERB, conj)' '(PROPN, <-, DET, cop)'
 '(CCONJ, ->, PUNCT, acl:relcl)']"
85,85,"[np.float64(12.237255360597368), np.float64(12.237255360597368), np.float64(12.166043854838586), np.float64(11.851130333810362), np.float64(11.387366396266838)]","[483, 522, 237, 702, 676]","[np.float64(0.006224892627033262), np.float64(0.006224892627033262), np.float64(0.012449785254066524), np.float64(0.003814400342750803), np.float64(0.003814400342750803)]",Pushkin,"['(PART, ->, ADP, parataxis)' '(VERB, <-, INTJ, fixed)'
 '(AUX, ->, NUM, obl)' '(PROPN, <-, PROPN, obj)' '(X, <-, X, discourse)']"
86,86,"[np.float64(24.46615195072828), np.float64(24.447776791694174), np.float64(24.38141313237665), np.float64(23.60842043067803), np.float64(23.60193386991875)]","[5, 73, 264, 237, 194]","[np.float64(0.06036613586898028), np.float64(0.020122045289660086), np.float64(0.010061022644830043), np.float64(0.010061022644830043), np.float64(0.010061022644830043)]",pvlida,"['(PAD, <-, NUM, amod)' '(DET, <-, CCONJ, fixed)' '(X, ->, PART, root)'
 '(AUX, ->, NUM, obl)' '(PRON, <-, VERB, iobj)']"
87,87,"[np.float64(5.017088748595416), np.float64(4.894902144238947), np.float64(4.894902144238947), np.float64(4.894902144238947), np.float64(4.894902144238947)]","[524, 1207, 1355, 1412, 1445]","[np.float64(0.004901736458238745), np.float64(0.0009266734144952399), np.float64(0.0009266734144952399), np.float64(0.0009266734144952399), np.float64(0.0009266734144952399)]",Regentov,"['(VERB, ->, ADV, flat:name)' '(CCONJ, <-, PART, parataxis)'
 '(DET, ->, ADV, nummod:gov)' '(ADJ, <-, PRON, conj)'
 '(NOUN, ->, PUNCT, nummod:entity)']"
88,88,"[np.float64(8.158170240398245), np.float64(8.158170240398245), np.float64(8.158170240398245), np.float64(8.158170240398245), np.float64(8.158170240398245)]","[1450, 1532, 1609, 1642, 1669]","[np.float64(0.0010718706427488285), np.float64(0.0010718706427488285), np.float64(0.0010135473749431848), np.float64(0.0010718706427488285), np.float64(0.0010179072037902932)]",Rubina,"['(NOUN, <-, SCONJ, parataxis)' '(VERB, ->, ADV, case)'
 '(NUM, <-, ADV, cc)' '(X, ->, X, det)' '(VERB, <-, NOUN, flat:foreign)']"
89,89,"[np.float64(3.741587049374893), np.float64(3.4146983203491454), np.float64(3.0931692592712254), np.float64(2.871402703334512), np.float64(2.719390080132748)]","[290, 1568, 1202, 1047, 1373]","[np.float64(0.010107936214472165), np.float64(0.000834588597899922), np.float64(0.0014075634628635974), np.float64(0.001838916970483193), np.float64(0.0011359094865143532)]",Rybakov,"['(VERB, <-, PROPN, aux)' '(DET, ->, PROPN, flat:name)'
 '(PROPN, <-, X, PAD)' '(VERB, <-, PRON, mark)' '(ADP, ->, NUM, punct)']"
90,90,"[np.float64(8.158170240398245), np.float64(8.106357208577286), np.float64(7.990124058094132), np.float64(7.825531476327158), np.float64(7.5832227496998295)]","[922, 953, 882, 966, 883]","[np.float64(0.002993466864569759), np.float64(0.002993466864569759), np.float64(0.0030338227260049574), np.float64(0.002993466864569759), np.float64(0.0030338227260049574)]",Salnikov,"['(ADJ, <-, DET, cop)' '(DET, <-, NOUN, nsubj)' '(CCONJ, <-, NUM, nummod)'
 '(DET, ->, VERB, xcomp)' '(CCONJ, ->, X, obl)']"
91,91,"[np.float64(4.551048160078711), np.float64(4.511394637221645), np.float64(4.257705339048329), np.float64(4.202303844117677), np.float64(4.084549131947184)]","[1808, 1063, 205, 28, 619]","[np.float64(0.0011776423468166238), np.float64(0.0034550865864579686), np.float64(0.01944358213770978), np.float64(0.05577734528718635), np.float64(0.007526024142719978)]",SaltykovSchedrin,"['(NOUN, <-, PUNCT, amod)' '(PART, ->, PRON, acl:relcl)'
 '(INTJ, ->, AUX, conj)' '(X, <-, NUM, root)' '(NOUN, ->, PRON, det)']"
92,92,"[np.float64(24.474510721194733), np.float64(24.474510721194733), np.float64(24.474510721194733), np.float64(24.474510721194733), np.float64(24.474510721194733)]","[658, 700, 736, 753, 858]","[np.float64(0.003837041820960443), np.float64(0.003837041820960443), np.float64(0.003837041820960443), np.float64(0.003837041820960443), np.float64(0.003837041820960443)]",Semihatov,"['(ADV, ->, PART, advcl)' '(VERB, ->, PART, acl)'
 '(DET, ->, PUNCT, nummod)' '(NUM, ->, INTJ, conj)'
 '(SCONJ, <-, DET, nsubj)']"
93,93,"[np.float64(5.011838786196004), np.float64(4.078119250454241), np.float64(4.010257488281748), np.float64(4.005400757535416), np.float64(3.7217316449499602)]","[1409, 1669, 1293, 584, 28]","[np.float64(0.0013204625624251003), np.float64(0.0008671284639545614), np.float64(0.0015584392767765956), np.float64(0.005171309997879326), np.float64(0.04045442749073039)]",Serafimovich,"['(INTJ, ->, ADP, orphan)' '(VERB, <-, NOUN, flat:foreign)'
 '(NUM, <-, PART, orphan)' '(AUX, <-, VERB, acl)' '(X, <-, NUM, root)']"
94,94,"[np.float64(6.118627680298683), np.float64(6.118627680298683), np.float64(5.642521702603446), np.float64(4.8086151509946555), np.float64(4.731733618249727)]","[1926, 1996, 1922, 1989, 1478]","[np.float64(0.0008769638557205228), np.float64(0.0008769638557205228), np.float64(0.0008769638557205228), np.float64(0.0008769638557205228), np.float64(0.001507260660616642)]",Sergeev-Tsenskij,"['(INTJ, <-, ADJ, parataxis)' '(ADJ, ->, PROPN, nsubj:pass)'
 '(NUM, <-, ADV, discourse)' '(DET, ->, SCONJ, obl)'
 '(VERB, ->, X, nummod:gov)']"
95,95,"[np.float64(14.883493763002477), np.float64(12.23725536059737), np.float64(12.23725536059737), np.float64(12.237255360597368), np.float64(11.839231668910811)]","[858, 1360, 1659, 1219, 1260]","[np.float64(0.004858303406659604), np.float64(0.0016454928728207373), np.float64(0.0016454928728207373), np.float64(0.0032128105338388667), np.float64(0.0032128105338388667)]",Shevtsov,"['(SCONJ, <-, DET, nsubj)' '(INTJ, <-, PART, punct)'
 '(VERB, <-, PAD, compound)' '(X, <-, ADJ, conj)' '(DET, ->, NOUN, det)']"
96,96,"[np.float64(12.85363310048173), np.float64(12.23725536059737), np.float64(12.23725536059737), np.float64(12.23725536059737), np.float64(12.237255360597368)]","[1234, 1580, 1621, 1677, 1806]","[np.float64(0.0016818158009398385), np.float64(0.0009363009636870124), np.float64(0.0009363009636870124), np.float64(0.0009363009636870124), np.float64(0.0007455148372528261)]",Shukshin,"['(INTJ, <-, NUM, nummod:gov)' '(ADP, ->, DET, iobj)'
 '(NOUN, ->, NOUN, nsubj)' '(INTJ, ->, PROPN, advcl)'
 '(PART, ->, NOUN, advmod)']"
97,97,"[np.float64(24.103449130585314), np.float64(20.762526153874123), np.float64(19.720872104992683), np.float64(17.54941421333218), np.float64(15.286937453512977)]","[371, 98, 433, 415, 363]","[np.float64(0.013295745028350915), np.float64(0.02659149005670183), np.float64(0.013295745028350915), np.float64(0.013295745028350915), np.float64(0.013295745028350915)]",ShushpanovLouk,"['(X, ->, PRON, cop)' '(NOUN, ->, ADJ, flat:foreign)'
 '(X, ->, NUM, discourse)' '(ADJ, <-, PUNCT, conj)' '(AUX, ->, ADP, conj)']"
98,98,"[np.float64(12.237255360597368), np.float64(11.908580787567029), np.float64(11.689200681028657), np.float64(11.663895064607823), np.float64(10.685947277230115)]","[228, 286, 157, 261, 292]","[np.float64(0.011588836186115625), np.float64(0.011588836186115625), np.float64(0.01838558360334324), np.float64(0.011588836186115625), np.float64(0.011588836186115625)]",Shushpanov,"['(ADP, ->, X, det)' '(PRON, <-, PUNCT, advmod)' '(NOUN, <-, PAD, mark)'
 '(NOUN, <-, CCONJ, appos)' '(NUM, ->, ADV, case)']"
99,99,"[np.float64(3.645060171752246), np.float64(3.5669770399216656), np.float64(3.488172126694055), np.float64(2.9882912394932446), np.float64(2.9326599439823777)]","[1828, 7, 1219, 1319, 1763]","[np.float64(0.0007218753852435586), np.float64(0.07817643220487108), np.float64(0.0018702703253705886), np.float64(0.0016077845762021716), np.float64(0.0007727825762471466)]",Simonov,"['(PUNCT, ->, PART, fixed)' '(VERB, <-, PAD, case)' '(X, <-, ADJ, conj)'
 '(AUX, ->, PUNCT, conj)' '(X, <-, SCONJ, appos)']"
100,100,"[np.float64(24.474510721194743), np.float64(23.94890197386352), np.float64(23.94890197386352), np.float64(22.99244149410488), np.float64(21.770538284311225)]","[489, 514, 590, 419, 47]","[np.float64(0.004307870678323893), np.float64(0.004307870678323893), np.float64(0.004307870678323893), np.float64(0.004307870678323893), np.float64(0.02584722406994336)]",Soloviev,"['(ADV, <-, CCONJ, fixed)' '(VERB, ->, PUNCT, obl)'
 '(NOUN, <-, AUX, root)' '(NUM, ->, PUNCT, flat:foreign)'
 '(NOUN, ->, ADP, acl)']"
101,101,"[np.float64(24.47451072119473), np.float64(24.47451072119473), np.float64(24.47451072119473), np.float64(24.47451072119473), np.float64(24.47451072119473)]","[817, 907, 1099, 1122, 1129]","[np.float64(0.0028942667882387806), np.float64(0.0028942667882387806), np.float64(0.0028942667882387806), np.float64(0.0028942667882387806), np.float64(0.0028942667882387806)]",Solovyov,"['(ADJ, ->, NOUN, mark)' '(VERB, ->, NOUN, nummod:entity)'
 '(DET, <-, DET, conj)' '(SYM, ->, SYM, appos)'
 '(ADV, ->, INTJ, parataxis)']"
102,102,"[np.float64(6.118627680298684), np.float64(6.118627680298684), np.float64(6.118627680298684), np.float64(6.118627680298684), np.float64(6.118627680298684)]","[871, 1481, 1609, 1666, 1689]","[np.float64(0.0009818505427296096), np.float64(0.0009818505427296096), np.float64(0.0009818505427296096), np.float64(0.0009818505427296096), np.float64(0.0033952845329748974)]",Stepnova,"['(NOUN, <-, ADJ, nsubj)' '(INTJ, <-, INTJ, root)' '(NUM, <-, ADV, cc)'
 '(VERB, <-, SCONJ, det)' '(NUM, <-, NUM, amod)']"
103,103,"[np.float64(2.5103972164037844), np.float64(2.5100981644915685), np.float64(2.4474510721194735), np.float64(2.4474510721194735), np.float64(2.3563505087531325)]","[1083, 33, 1874, 1961, 1466]","[np.float64(0.0020788486984676443), np.float64(0.03156630232567652), np.float64(0.0006253996091567367), np.float64(0.0005507935509021493), np.float64(0.0010886188906054793)]",Strugatskie,"['(PUNCT, ->, ADP, parataxis)' '(PART, <-, NUM, iobj)' '(ADP, <-, X, cc)'
 '(ADV, <-, ADP, discourse)' '(ADV, <-, SCONJ, fixed)']"
104,104,"[np.float64(3.4963586744563906), np.float64(3.49635867445639), np.float64(3.49635867445639), np.float64(3.49635867445639), np.float64(3.4963586744563897)]","[1930, 1632, 1783, 1988, 1703]","[np.float64(0.0005102732804935819), np.float64(0.0006753850155753052), np.float64(0.0006300280911631139), np.float64(0.0005091961120964304), np.float64(0.0006542468648464217)]",Tamonikov,"['(ADV, ->, NUM, parataxis)' '(PUNCT, ->, ADV, orphan)'
 '(PUNCT, ->, INTJ, obl)' '(ADJ, ->, ADV, parataxis)'
 '(NUM, <-, SCONJ, fixed)']"
105,105,"[np.float64(24.474510721194736), np.float64(24.474510721194736), np.float64(24.474510721194736), np.float64(24.474510721194736), np.float64(24.474510721194736)]","[807, 1137, 1143, 1199, 1289]","[np.float64(0.001774525640189158), np.float64(0.001774525640189158), np.float64(0.001774525640189158), np.float64(0.001774525640189158), np.float64(0.001774525640189158)]",TEDRus,"['(NOUN, ->, ADJ, flat)' '(PROPN, <-, PROPN, det)' '(PART, <-, INTJ, cop)'
 '(X, <-, NOUN, amod)' '(ADJ, ->, PROPN, det)']"
106,106,"[np.float64(4.894902144238947), np.float64(4.894902144238947), np.float64(4.894902144238947), np.float64(4.894902144238947), np.float64(4.894902144238947)]","[1346, 1347, 1791, 1801, 1820]","[np.float64(0.0007070922263602171), np.float64(0.0006238670243183551), np.float64(0.0007070922263602171), np.float64(0.0016130811787038782), np.float64(0.0016130811787038782)]",Teffi,"['(X, <-, NOUN, nsubj)' '(ADJ, ->, PRON, obl)' '(NOUN, <-, DET, cop)'
 '(PART, <-, SCONJ, advmod)' '(NUM, <-, PROPN, nummod:gov)']"
107,107,"[np.float64(3.3234221210605845), np.float64(3.062428216039525), np.float64(2.8720759922312267), np.float64(2.8383683781484006), np.float64(2.8284877531000787)]","[12, 802, 148, 278, 117]","[np.float64(0.0769749586692073), np.float64(0.004859473214793473), np.float64(0.02472916592768576), np.float64(0.014821258312386842), np.float64(0.028794605088084537)]",Tolstoy,"['(PROPN, <-, PRON, obj)' '(SCONJ, <-, PRON, root)'
 '(PUNCT, ->, ADP, advmod)' '(ADP, ->, NOUN, nummod)'
 '(NUM, ->, SYM, fixed)']"
108,108,"[np.float64(5.923234044352459), np.float64(5.649376166696778), np.float64(4.894902144238949), np.float64(4.894902144238949), np.float64(4.894902144238949)]","[1041, 864, 1865, 1868, 1876]","[np.float64(0.0029424122154256926), np.float64(0.0039812058704810655), np.float64(0.0010671302330199429), np.float64(0.0010671302330199429), np.float64(0.0010671302330199429)]",Turgenev,"['(NUM, ->, SYM, flat)' '(NUM, <-, VERB, parataxis)'
 '(VERB, ->, PUNCT, nsubj:pass)' '(ADJ, <-, PROPN, xcomp)'
 '(PROPN, <-, ADV, amod)']"
109,109,"[np.float64(3.367262588679638), np.float64(3.2558988363871704), np.float64(3.1856728781234875), np.float64(3.10582467527368), np.float64(3.0879290100117442)]","[40, 736, 204, 82, 381]","[np.float64(0.03464581290747759), np.float64(0.0031727165083221443), np.float64(0.01144873318726283), np.float64(0.02141913837686404), np.float64(0.006800272391725358)]",Uspensky,"['(ADJ, ->, ADJ, ccomp)' '(DET, ->, PUNCT, nummod)'
 '(PRON, ->, DET, amod)' '(VERB, <-, PROPN, ccomp)' '(VERB, <-, PAD, det)']"
110,110,"[np.float64(2.563724481850066), np.float64(2.55707502401212), np.float64(2.528952640576089), np.float64(2.424543035610853), np.float64(2.395244611261326)]","[1708, 148, 1140, 1239, 1420]","[np.float64(0.0008920191106797321), np.float64(0.016931080135164124), np.float64(0.0019826281842518553), np.float64(0.0017040010041753854), np.float64(0.0013370791752401006)]",Vainery,"['(ADP, <-, INTJ, root)' '(PUNCT, ->, ADP, advmod)'
 '(VERB, <-, PART, advmod)' '(PUNCT, <-, NOUN, nmod)'
 '(VERB, ->, PRON, xcomp)']"
111,111,"[np.float64(17.258053158093013), np.float64(16.779773868704194), np.float64(15.831654737003939), np.float64(15.761500938116232), np.float64(14.701889205761532)]","[1024, 817, 576, 56, 785]","[np.float64(0.0017771956392012012), np.float64(0.002590195527525783), np.float64(0.004367391166726985), np.float64(0.03671076041098032), np.float64(0.0027413913900778204)]",vestnik nsu,"['(PART, ->, DET, amod)' '(ADJ, ->, NOUN, mark)' '(CCONJ, ->, VERB, amod)'
 '(ADJ, ->, ADP, advmod)' '(ADJ, <-, VERB, acl)']"
112,112,"[np.float64(24.211180561977848), np.float64(24.152078053494822), np.float64(23.15621388484652), np.float64(22.79126272368438), np.float64(22.678059834520457)]","[4, 116, 49, 2, 120]","[np.float64(0.11181844360964663), np.float64(0.014571136244236615), np.float64(0.02914227248847323), np.float64(0.1399430521185169), np.float64(0.014571136244236615)]",VestnikRayona,"['(SCONJ, ->, INTJ, advmod)' '(PART, ->, NUM, root)'
 '(ADV, ->, ADP, parataxis)' '(PRON, <-, AUX, orphan)'
 '(PART, ->, PAD, root)']"
113,113,"[np.float64(24.474510721194743), np.float64(18.335266691337313), np.float64(16.84668072253759), np.float64(16.729260692287408), np.float64(13.256595627721154)]","[892, 1260, 907, 1019, 919]","[np.float64(0.00166721393899264), np.float64(0.00166721393899264), np.float64(0.00166721393899264), np.float64(0.00166721393899264), np.float64(0.00166721393899264)]",Vladimirova,"['(NOUN, ->, PUNCT, case)' '(DET, ->, NOUN, det)'
 '(VERB, ->, NOUN, nummod:entity)' '(ADJ, ->, DET, det)'
 '(ADJ, ->, AUX, csubj)']"
114,114,"[np.float64(8.158170240398247), np.float64(8.158170240398247), np.float64(8.158170240398247), np.float64(6.549830599329109), np.float64(5.929166660890984)]","[939, 982, 1260, 1121, 993]","[np.float64(0.00119493267435352), np.float64(0.001345840523554929), np.float64(0.0010677835238130852), np.float64(0.0010677835238130852), np.float64(0.00119493267435352)]",Vlasova,"['(ADV, ->, VERB, aux)' '(PROPN, ->, INTJ, conj)' '(DET, ->, NOUN, det)'
 '(PROPN, ->, VERB, flat:foreign)' '(VERB, <-, PART, compound)']"
115,115,"[np.float64(3.156418293533791), np.float64(2.893479008495657), np.float64(2.876648195534989), np.float64(2.686793731211855), np.float64(2.5555183974888016)]","[554, 89, 33, 416, 129]","[np.float64(0.007341864073058834), np.float64(0.02858113979339643), np.float64(0.04432706274281289), np.float64(0.009153374147834936), np.float64(0.021858228479556388)]",Voinovich,"['(X, <-, ADV, flat:foreign)' '(ADV, <-, NOUN, cc)'
 '(PART, <-, NUM, iobj)' '(ADV, <-, NUM, nsubj)' '(DET, ->, ADP, root)']"
116,116,"[np.float64(4.637770966422533), np.float64(4.165814075835368), np.float64(4.079085120199122), np.float64(4.079085120199122), np.float64(4.050759286544418)]","[51, 564, 1081, 1128, 891]","[np.float64(0.02460441053492848), np.float64(0.004037261790492856), np.float64(0.0013597956562548708), np.float64(0.0013597956562548708), np.float64(0.0019646169024462976)]",Volkov,"['(NUM, <-, PART, case)' '(ADJ, ->, PROPN, nummod:entity)'
 '(NOUN, ->, CCONJ, acl)' '(NOUN, <-, X, nummod:gov)'
 '(VERB, ->, AUX, csubj)']"
117,117,"[np.float64(24.474510721194747), np.float64(24.257617125941213), np.float64(24.116404711470278), np.float64(23.204502642522613), np.float64(23.072396693205555)]","[153, 238, 329, 317, 231]","[np.float64(0.013395367325393315), np.float64(0.013395367325393315), np.float64(0.013395367325393315), np.float64(0.013395367325393315), np.float64(0.013395367325393315)]",Vorotyntseva,"['(NOUN, ->, INTJ, obl)' '(SYM, <-, DET, nsubj)'
 '(INTJ, <-, PROPN, vocative)' '(ADP, <-, PUNCT, PAD)'
 '(VERB, ->, ADV, flat:foreign)']"
118,118,"[np.float64(23.109163830454374), np.float64(20.260107183912197), np.float64(19.13427741474654), np.float64(15.785764619395824), np.float64(15.511666164243335)]","[3, 71, 4, 149, 147]","[np.float64(0.06693825549987731), np.float64(0.013387651099975462), np.float64(0.06693825549987731), np.float64(0.013387651099975462), np.float64(0.013387651099975462)]",YasenevoMedia,"['(X, <-, PROPN, flat)' '(PROPN, <-, PAD, parataxis)'
 '(SCONJ, ->, INTJ, advmod)' '(PUNCT, ->, PRON, det)'
 '(ADV, ->, X, nummod)']"
119,119,"[np.float64(2.6658550848493303), np.float64(2.6177245331843713), np.float64(2.5921653256985517), np.float64(2.4675210353696357), np.float64(2.3858022207656835)]","[1562, 1434, 0, 25, 1]","[np.float64(0.0009227443872433093), np.float64(0.0010770892237434028), np.float64(0.15445564552566343), np.float64(0.04644179940883804), np.float64(0.12459986505651854)]",Zemlyanoj,"['(VERB, <-, AUX, expl)' '(ADV, <-, INTJ, obj)' '(PROPN, ->, ADJ, advcl)'
 '(AUX, <-, PART, cc)' '(X, ->, PROPN, mark)']"
120,120,"[np.float64(5.893472678513652), np.float64(5.392665595038297), np.float64(5.213888160495353), np.float64(4.894902144238948), np.float64(4.894902144238947)]","[542, 344, 148, 934, 1324]","[np.float64(0.005058534268352915), np.float64(0.007602138722619969), np.float64(0.014633701106313577), np.float64(0.0017026510928312704), np.float64(0.0009834339663721647)]",Zhitkov,"['(ADJ, ->, ADJ, conj)' '(NOUN, <-, VERB, acl)' '(PUNCT, ->, ADP, advmod)'
 '(AUX, ->, NOUN, nmod)' '(PRON, <-, SCONJ, mark)']"
121,121,"[np.float64(8.158170240398247), np.float64(8.158170240398247), np.float64(8.158170240398247), np.float64(8.158170240398247), np.float64(8.158170240398247)]","[1720, 1742, 1756, 1908, 1996]","[np.float64(0.0004294666397257697), np.float64(0.0004294666397257697), np.float64(0.0004294666397257697), np.float64(0.0004294666397257697), np.float64(0.0004294666397257697)]",ZlotnikovNikolaev,"['(ADV, ->, PART, orphan)' '(ADV, <-, PUNCT, cc)'
 '(DET, <-, VERB, discourse)' '(PROPN, ->, DET, det)'
 '(ADJ, ->, PROPN, nsubj:pass)']"
122,122,"[np.float64(8.158170240398245), np.float64(8.158170240398245), np.float64(8.158170240398245), np.float64(8.158170240398245), np.float64(8.158170240398245)]","[1573, 1590, 1671, 1678, 1733]","[np.float64(0.000899381493682367), np.float64(0.000899381493682367), np.float64(0.0008762226563562272), np.float64(0.000899381493682367), np.float64(0.0008762226563562272)]",Zlotnikov,"['(NUM, ->, ADV, conj)' '(PRON, ->, X, nsubj)' '(ADJ, ->, SCONJ, csubj)'
 '(ADJ, ->, ADP, advcl)' '(ADJ, ->, ADV, nummod:gov)']"
123,123,"[np.float64(5.04253905139059), np.float64(4.909298462530312), np.float64(4.865628814566887), np.float64(4.025093736004754), np.float64(3.959377777005342)]","[281, 1896, 425, 1147, 959]","[np.float64(0.009395912494679118), np.float64(0.0005728663645889931), np.float64(0.006577079054413445), np.float64(0.0016263223802837601), np.float64(0.0023027813612190346)]",Zoschenko,"['(ADV, <-, PART, orphan)' '(ADJ, ->, X, parataxis)'
 '(ADJ, ->, INTJ, appos)' '(CCONJ, <-, CCONJ, parataxis)'
 '(PART, <-, PUNCT, flat)']"
