,author_id,feature_importance,features,feature_stats,feature_names,author
0,0,"[np.float64(197.2708507294325), np.float64(151.14046266611874), np.float64(142.2228365730117), np.float64(113.94815702076615), np.float64(111.79281341759989)]","[np.int64(9), np.int64(79), np.int64(904), np.int64(922), np.int64(200)]","[np.float64(0.08029090094444022), np.float64(0.030057408442477555), np.float64(0.0065040104566214734), np.float64(0.01099989988407942), np.float64(0.01719044131742456)]","[np.str_('(AUX, ->, DET, nsubj)'), np.str_('(NOUN, <-, NOUN, ccomp)'), np.str_('(X, ->, NOUN, parataxis)'), np.str_('(ADJ, <-, PRON, conj)'), np.str_('(ADV, <-, ADJ, conj)')]",Abgaryan
1,1,"[np.float64(313.83441358775895), np.float64(262.0375267969732), np.float64(149.69133044798718), np.float64(139.02003166472733), np.float64(136.41955773501653)]","[np.int64(732), np.int64(639), np.int64(1205), np.int64(413), np.int64(138)]","[np.float64(0.03621882724126609), np.float64(0.044896459780915214), np.float64(0.0025811038604877453), np.float64(0.01359415487405764), np.float64(0.007771880815213756)]","[np.str_('(DET, ->, VERB, fixed)'), np.str_('(NOUN, ->, PROPN, parataxis)'), np.str_('(ADV, ->, ADV, obl)'), np.str_('(PRON, ->, NOUN, nsubj)'), np.str_('(PRON, <-, PROPN, flat:name)')]",Adamov
2,2,"[np.float64(241.20002910568297), np.float64(173.81708888430538), np.float64(160.2681052493929), np.float64(151.75476295430988), np.float64(132.78586876978167)]","[np.int64(307), np.int64(193), np.int64(946), np.int64(1545), np.int64(478)]","[np.float64(0.05647110391273666), np.float64(0.01913416061544535), np.float64(0.01276872593983692), np.float64(0.022758497663461365), np.float64(0.007163926052423668)]","[np.str_('(VERB, ->, VERB, cc)'), np.str_('(ADJ, ->, CCONJ, mark)'), np.str_('(ADJ, <-, PRON, nmod)'), np.str_('(ADP, <-, NOUN, amod)'), np.str_('(CCONJ, ->, SCONJ, mark)')]",Aksakov
3,3,"[np.float64(145.53243393812645), np.float64(111.07217154460852), np.float64(96.43771129903371), np.float64(91.84021708158022), np.float64(90.05203182012892)]","[np.int64(597), np.int64(105), np.int64(1466), np.int64(240), np.int64(554)]","[np.float64(0.025084686788513118), np.float64(0.09406757545692418), np.float64(0.0), np.float64(0.018813515091384837), np.float64(0.04389820187989795)]","[np.str_('(ADV, <-, INTJ, appos)'), np.str_('(PART, <-, DET, conj)'), np.str_('(VERB, <-, ADV, nsubj)'), np.str_('(ADJ, <-, DET, conj)'), np.str_('(VERB, ->, PROPN, obj)')]",AkuninBorisova
4,4,"[np.float64(238.77902986678106), np.float64(211.99441083487872), np.float64(194.05690951085361), np.float64(185.85414843068241), np.float64(168.03193035710467)]","[np.int64(423), np.int64(1), np.int64(83), np.int64(1375), np.int64(1868)]","[np.float64(0.03217181676064319), np.float64(0.01745161307334676), np.float64(0.011642670341018745), np.float64(0.007879363739474282), np.float64(0.007035199262739002)]","[np.str_('(ADJ, <-, VERB, amod)'), np.str_('(DET, ->, PART, cc)'), np.str_('(PRON, ->, ADV, discourse)'), np.str_('(VERB, ->, X, obl)'), np.str_('(SCONJ, <-, PART, root)')]",AkuninBrusnikin
5,5,"[np.float64(698.3436609520631), np.float64(483.15354395713535), np.float64(295.5211530677017), np.float64(268.9657701281602), np.float64(262.02761397724606)]","[np.int64(526), np.int64(110), np.int64(1637), np.int64(71), np.int64(464)]","[np.float64(0.056840050501567), np.float64(0.01699531526653887), np.float64(0.009164620414546147), np.float64(0.010131101978276833), np.float64(0.015185890583036257)]","[np.str_('(ADJ, <-, ADJ, det)'), np.str_('(PART, ->, PAD, flat:name)'), np.str_('(NOUN, ->, PRON, punct)'), np.str_('(VERB, ->, PAD, ccomp)'), np.str_('(PROPN, ->, ADV, punct)')]",Akunin
6,6,"[np.float64(336.5905525128267), np.float64(265.3804817071102), np.float64(210.074995878286), np.float64(179.52968707113504), np.float64(166.23813953157367)]","[np.int64(310), np.int64(153), np.int64(1339), np.int64(934), np.int64(899)]","[np.float64(0.03417011678381686), np.float64(0.08655495404855673), np.float64(0.03679100244312615), np.float64(0.021840824208319627), np.float64(0.014918564790105325)]","[np.str_('(NOUN, <-, ADJ, punct)'), np.str_('(ADV, <-, SYM, conj)'), np.str_('(ADJ, ->, VERB, nmod)'), np.str_('(ADJ, <-, NOUN, nummod:gov)'), np.str_('(NOUN, ->, SYM, orphan)')]",Aldanov
7,7,"[np.float64(147.04547532173342), np.float64(133.62193574648379), np.float64(129.6955305380141), np.float64(122.01268270570347), np.float64(121.75542882053142)]","[np.int64(38), np.int64(117), np.int64(418), np.int64(946), np.int64(1412)]","[np.float64(0.04634426427203968), np.float64(0.06363550666126874), np.float64(0.013353813742000996), np.float64(0.010821513168781214), np.float64(0.03078955704298429)]","[np.str_('(NOUN, <-, ADV, punct)'), np.str_('(INTJ, ->, NOUN, nsubj)'), np.str_('(NOUN, ->, AUX, aux)'), np.str_('(ADJ, <-, PRON, nmod)'), np.str_('(NUM, ->, ADV, obl)')]",Aleshkovsky
8,8,"[np.float64(106.09145011116176), np.float64(82.23247342419384), np.float64(78.26440003128536), np.float64(76.16674819747314), np.float64(70.9138805622765)]","[np.int64(713), np.int64(141), np.int64(186), np.int64(616), np.int64(795)]","[np.float64(0.03443581594671481), np.float64(0.027619900544553717), np.float64(0.02826078408214915), np.float64(0.0056458746649043655), np.float64(0.02119558806161186)]","[np.str_('(PAD, ->, PART, advmod)'), np.str_('(PUNCT, ->, ADV, root)'), np.str_('(PRON, <-, VERB, appos)'), np.str_('(PUNCT, <-, PROPN, punct)'), np.str_('(NOUN, <-, DET, punct)')]",Alexander Hofman
9,9,"[np.float64(177.14518486824602), np.float64(165.77008111748205), np.float64(140.46310040203852), np.float64(136.36806071836727), np.float64(130.89240440155635)]","[np.int64(733), np.int64(385), np.int64(374), np.int64(977), np.int64(588)]","[np.float64(0.00151429329191286), np.float64(0.00609665610138529), np.float64(0.007214635569804964), np.float64(0.0020317069779646237), np.float64(0.0034759441693308357)]","[np.str_('(ADJ, ->, PROPN, appos)'), np.str_('(DET, ->, PRON, nmod)'), np.str_('(VERB, ->, X, iobj)'), np.str_('(ADV, <-, PROPN, parataxis)'), np.str_('(PRON, <-, PRON, advcl)')]",Astafiev
10,10,"[np.float64(136.0270088347574), np.float64(105.67405878619866), np.float64(95.03114081616523), np.float64(91.92507624355339), np.float64(85.59656813309975)]","[np.int64(132), np.int64(167), np.int64(1342), np.int64(228), np.int64(95)]","[np.float64(0.060089862019191885), np.float64(0.012050361149318315), np.float64(0.024045271406057188), np.float64(0.01684775851571198), np.float64(0.006635236468455538)]","[np.str_('(PROPN, <-, NUM, nsubj)'), np.str_('(NOUN, ->, PROPN, obj)'), np.str_('(DET, <-, NOUN, nummod)'), np.str_('(NUM, ->, NOUN, flat)'), np.str_('(NOUN, ->, NUM, det)')]",Bakhtin
11,11,"[np.float64(193.47738915998548), np.float64(133.54336772820687), np.float64(123.56291834382738), np.float64(117.08946739623829), np.float64(109.38755320161528)]","[np.int64(616), np.int64(1954), np.int64(88), np.int64(407), np.int64(7)]","[np.float64(0.02272090601629553), np.float64(0.010098180451686901), np.float64(0.02272090601629553), np.float64(0.019277295062126755), np.float64(0.03786817669382588)]","[np.str_('(PUNCT, <-, PROPN, punct)'), np.str_('(VERB, <-, ADJ, ccomp)'), np.str_('(ADJ, <-, ADJ, nsubj)'), np.str_('(ADJ, <-, ADV, parataxis)'), np.str_('(VERB, ->, ADP, parataxis)')]",Barinova
12,12,"[np.float64(69.99808071347657), np.float64(57.471756499474566), np.float64(56.007703568517336), np.float64(54.88582043774117), np.float64(53.687884142619126)]","[np.int64(1081), np.int64(458), np.int64(88), np.int64(1320), np.int64(643)]","[np.float64(0.0), np.float64(0.0015735248686227085), np.float64(0.04877927092730397), np.float64(0.0), np.float64(0.0)]","[np.str_('(PROPN, <-, NOUN, appos)'), np.str_('(ADV, ->, VERB, parataxis)'), np.str_('(ADJ, <-, ADJ, nsubj)'), np.str_('(PRON, <-, ADP, fixed)'), np.str_('(ADV, <-, VERB, nsubj)')]",bashinform 202
13,13,"[np.float64(371.7381246162552), np.float64(250.16062257420376), np.float64(164.79099797433918), np.float64(161.31461945871064), np.float64(159.59844360550667)]","[np.int64(639), np.int64(173), np.int64(844), np.int64(1775), np.int64(1730)]","[np.float64(0.013552829546448058), np.float64(0.024122282053520527), np.float64(0.009860483478164475), np.float64(0.003476896548339033), np.float64(0.01888270078459695)]","[np.str_('(NOUN, ->, PROPN, parataxis)'), np.str_('(VERB, ->, PAD, conj)'), np.str_('(NOUN, ->, DET, nsubj)'), np.str_('(ADV, <-, PRON, advmod)'), np.str_('(NOUN, <-, X, parataxis)')]",Belyaev
14,14,"[np.float64(125.21912655045496), np.float64(125.14385900480079), np.float64(113.51521628397106), np.float64(108.9950367723238), np.float64(107.8631461775346)]","[np.int64(442), np.int64(372), np.int64(555), np.int64(35), np.int64(1811)]","[np.float64(0.041974791593717926), np.float64(0.050058462483914185), np.float64(0.016007182079279612), np.float64(0.04348792364234091), np.float64(0.008861304066129812)]","[np.str_('(PROPN, <-, X, nsubj)'), np.str_('(INTJ, <-, NOUN, nmod)'), np.str_('(NUM, ->, PROPN, conj)'), np.str_('(NOUN, ->, ADV, advmod)'), np.str_('(ADJ, ->, NUM, det)')]",Belyanin
15,15,"[np.float64(149.16208708028398), np.float64(47.53722517977328), np.float64(35.21194156665864), np.float64(25.92147482172699), np.float64(25.546809084694985)]","[np.int64(267), np.int64(229), np.int64(505), np.int64(299), np.int64(1377)]","[np.float64(0.021647971058106452), np.float64(0.0), np.float64(0.0), np.float64(0.0), np.float64(0.006494391317431936)]","[np.str_('(VERB, ->, NOUN, advcl)'), np.str_('(VERB, <-, VERB, iobj)'), np.str_('(NOUN, ->, ADP, nmod)'), np.str_('(PART, <-, VERB, conj)'), np.str_('(VERB, ->, VERB, appos)')]",Bobkova
16,16,"[np.float64(235.16158401527227), np.float64(211.71299339946347), np.float64(182.16903245893562), np.float64(166.35474235665754), np.float64(162.96238807261847)]","[np.int64(491), np.int64(643), np.int64(375), np.int64(189), np.int64(474)]","[np.float64(0.024914985747528207), np.float64(0.009266062508947799), np.float64(0.05626207694289376), np.float64(0.007356550143236649), np.float64(0.004237437442213359)]","[np.str_('(NOUN, <-, NOUN, orphan)'), np.str_('(ADV, <-, VERB, nsubj)'), np.str_('(VERB, <-, INTJ, parataxis)'), np.str_('(PRON, ->, AUX, cop)'), np.str_('(NUM, <-, NOUN, nsubj)')]",BonchOsmolovskaya
17,17,"[np.float64(182.04908175471857), np.float64(174.29397648808828), np.float64(170.48473964394458), np.float64(169.4435324000017), np.float64(168.48354284613728)]","[np.int64(790), np.int64(895), np.int64(1317), np.int64(632), np.int64(151)]","[np.float64(0.0028069925460478973), np.float64(0.003944719735976066), np.float64(0.011024667362874446), np.float64(0.014318177678016498), np.float64(0.08142964471996995)]","[np.str_('(NOUN, ->, NUM, orphan)'), np.str_('(PROPN, ->, NOUN, det)'), np.str_('(VERB, <-, PROPN, root)'), np.str_('(NOUN, ->, NOUN, nummod:gov)'), np.str_('(VERB, ->, ADJ, orphan)')]",Brustein
18,18,"[np.float64(268.26075674508667), np.float64(245.96241854675725), np.float64(242.19210483122063), np.float64(240.6776519781321), np.float64(229.3713921232786)]","[np.int64(339), np.int64(200), np.int64(799), np.int64(909), np.int64(1224)]","[np.float64(0.04413023579043629), np.float64(0.027994985385707515), np.float64(0.0460496434740539), np.float64(0.01287328210970901), np.float64(0.018534538081045833)]","[np.str_('(X, ->, PROPN, flat:name)'), np.str_('(ADV, <-, ADJ, conj)'), np.str_('(DET, <-, VERB, conj)'), np.str_('(VERB, ->, PUNCT, punct)'), np.str_('(ADJ, <-, PART, mark)')]",Bulgakov
19,19,"[np.float64(434.6295543644627), np.float64(327.03253470602357), np.float64(288.2954310749916), np.float64(265.3855507617241), np.float64(257.1271603231591)]","[np.int64(303), np.int64(402), np.int64(813), np.int64(345), np.int64(132)]","[np.float64(0.021358532202410963), np.float64(0.0161821237583473), np.float64(0.01361040393951158), np.float64(0.009333581269719421), np.float64(0.04720732695153907)]","[np.str_('(ADP, <-, VERB, root)'), np.str_('(ADJ, ->, PROPN, xcomp)'), np.str_('(PRON, <-, VERB, cc)'), np.str_('(AUX, ->, PRON, root)'), np.str_('(PROPN, <-, NUM, nsubj)')]",Bulychev
20,20,"[np.float64(261.32149526850804), np.float64(245.10873557904512), np.float64(226.08446709509462), np.float64(223.4745548249049), np.float64(212.05434878205227)]","[np.int64(1382), np.int64(1843), np.int64(1254), np.int64(904), np.int64(1765)]","[np.float64(0.00919819431377342), np.float64(0.007452844421279545), np.float64(0.004659290423513461), np.float64(0.006113180196494489), np.float64(0.005110434479723783)]","[np.str_('(VERB, ->, DET, nsubj:pass)'), np.str_('(VERB, ->, PRON, iobj)'), np.str_('(VERB, <-, VERB, appos)'), np.str_('(X, ->, NOUN, parataxis)'), np.str_('(NOUN, ->, VERB, advcl)')]",Bushkov
21,21,"[np.float64(415.36056878194415), np.float64(213.07076535876274), np.float64(169.37451826863), np.float64(169.09973092157418), np.float64(140.55411045111134)]","[np.int64(380), np.int64(1159), np.int64(174), np.int64(92), np.int64(216)]","[np.float64(0.019602326122918883), np.float64(0.008029663581169596), np.float64(0.05849436147704266), np.float64(0.02729533571842129), np.float64(0.00597054400016684)]","[np.str_('(ADV, ->, ADV, ccomp)'), np.str_('(NUM, <-, VERB, obl)'), np.str_('(ADJ, ->, ADJ, iobj)'), np.str_('(ADJ, ->, AUX, root)'), np.str_('(DET, ->, ADV, conj)')]",Bykov
22,22,"[np.float64(157.14967936425816), np.float64(115.80640942645746), np.float64(102.23629661807907), np.float64(73.4995435959136), np.float64(58.75194893196662)]","[np.int64(228), np.int64(1284), np.int64(1375), np.int64(555), np.int64(1235)]","[np.float64(0.0), np.float64(0.01838683727021946), np.float64(0.0), np.float64(0.003813513888928035), np.float64(0.01838683727021946)]","[np.str_('(NUM, ->, NOUN, flat)'), np.str_('(ADV, <-, PROPN, obl)'), np.str_('(VERB, ->, X, obl)'), np.str_('(NUM, ->, PROPN, conj)'), np.str_('(NOUN, ->, ADP, case)')]",Chechin
23,23,"[np.float64(214.243788690578), np.float64(187.8261595282815), np.float64(164.565838882829), np.float64(151.52416227539527), np.float64(141.20100206725294)]","[np.int64(195), np.int64(477), np.int64(79), np.int64(376), np.int64(192)]","[np.float64(0.013995596370667595), np.float64(0.05981732543716839), np.float64(0.022780267376162296), np.float64(0.01848903364170121), np.float64(0.06716711968452978)]","[np.str_('(PROPN, <-, NOUN, amod)'), np.str_('(NUM, <-, NOUN, fixed)'), np.str_('(NOUN, <-, NOUN, ccomp)'), np.str_('(PRON, ->, CCONJ, conj)'), np.str_('(X, ->, DET, det)')]",Chekhov
24,24,"[np.float64(363.59916646701924), np.float64(233.94568572580854), np.float64(218.7340354755965), np.float64(190.0388122849167), np.float64(182.9190639127694)]","[np.int64(0), np.int64(1187), np.int64(523), np.int64(465), np.int64(299)]","[np.float64(0.09912857284005737), np.float64(0.007795621647999316), np.float64(0.006656538479464703), np.float64(0.006581752830862432), np.float64(0.013235565156145669)]","[np.str_('(DET, ->, VERB, cop)'), np.str_('(PROPN, <-, NOUN, obl)'), np.str_('(NOUN, ->, X, acl)'), np.str_('(AUX, ->, PART, cc)'), np.str_('(PART, <-, VERB, conj)')]",Cherkasova
25,25,"[np.float64(140.21547242250205), np.float64(55.64326370251427), np.float64(49.45490308411667), np.float64(43.04790277737301), np.float64(42.29340204403683)]","[np.int64(792), np.int64(1015), np.int64(948), np.int64(216), np.int64(1039)]","[np.float64(0.0935298738246672), np.float64(0.07678390722560974), np.float64(0.10074732291613533), np.float64(0.07509847378714136), np.float64(0.033619391233344495)]","[np.str_('(PRON, ->, ADV, cc)'), np.str_('(VERB, <-, ADV, fixed)'), np.str_('(PRON, <-, NOUN, obl)'), np.str_('(DET, ->, ADV, conj)'), np.str_('(X, <-, ADJ, advmod)')]",Convlab
26,26,"[np.float64(127.2874856846583), np.float64(121.75093256853197), np.float64(104.94116577543213), np.float64(93.64941765241485), np.float64(93.18083749496988)]","[np.int64(439), np.int64(417), np.int64(238), np.int64(636), np.int64(440)]","[np.float64(0.0181655210529144), np.float64(0.02653294237411756), np.float64(0.019899706780588174), np.float64(0.001895210169579826), np.float64(0.046432649154705734)]","[np.str_('(ADJ, <-, ADJ, parataxis)'), np.str_('(VERB, <-, DET, parataxis)'), np.str_('(NOUN, <-, ADV, obj)'), np.str_('(VERB, <-, AUX, csubj)'), np.str_('(ADV, <-, VERB, fixed)')]",Derevyanko
27,27,"[np.float64(16.445682951446482), np.float64(14.021365981892076), np.float64(12.207482060804455), np.float64(11.673822831857473), np.float64(11.569421520881578)]","[np.int64(1052), np.int64(363), np.int64(277), np.int64(891), np.int64(439)]","[np.float64(0.07240175174316948), np.float64(0.0), np.float64(0.0), np.float64(0.01810043793579237), np.float64(0.01810043793579237)]","[np.str_('(NUM, ->, DET, det)'), np.str_('(SYM, ->, ADJ, appos)'), np.str_('(ADV, <-, VERB, discourse)'), np.str_('(NUM, <-, ADJ, nsubj)'), np.str_('(ADJ, <-, ADJ, parataxis)')]",DoctorPiter
28,28,"[np.float64(195.97670036020764), np.float64(184.49914367906635), np.float64(161.8562532235841), np.float64(155.8980584476635), np.float64(154.04223805576433)]","[np.int64(360), np.int64(1117), np.int64(1077), np.int64(1002), np.int64(242)]","[np.float64(0.047107643495488974), np.float64(0.011177583595172066), np.float64(0.008377742473271615), np.float64(0.01268847033512796), np.float64(0.016181581745583533)]","[np.str_('(NOUN, <-, PRON, nmod)'), np.str_('(PRON, <-, PRON, parataxis)'), np.str_('(VERB, <-, AUX, parataxis)'), np.str_('(ADV, ->, CCONJ, advmod)'), np.str_('(VERB, ->, VERB, acl)')]",Dombrowski
29,29,"[np.float64(166.3592360535493), np.float64(141.34627441295433), np.float64(127.88037203909535), np.float64(127.1043641190233), np.float64(125.78304160041972)]","[np.int64(1269), np.int64(780), np.int64(378), np.int64(731), np.int64(1996)]","[np.float64(0.009027719977298556), np.float64(0.010833263972758267), np.float64(0.0036110879909194223), np.float64(0.009027719977298556), np.float64(0.0026213464022090786)]","[np.str_('(ADJ, ->, PART, parataxis)'), np.str_('(PRON, ->, PRON, acl)'), np.str_('(NUM, ->, ADJ, advmod)'), np.str_('(VERB, ->, PART, nsubj)'), np.str_('(ADV, <-, PRON, case)')]",Doronina
30,30,"[np.float64(288.00080784341566), np.float64(222.37902128335273), np.float64(200.49282798717434), np.float64(166.58572795010883), np.float64(166.2685936676736)]","[np.int64(1153), np.int64(792), np.int64(1560), np.int64(1037), np.int64(924)]","[np.float64(0.017889634874528753), np.float64(0.014466300204996214), np.float64(0.051282767326649194), np.float64(0.02712027511979599), np.float64(0.11002593842136014)]","[np.str_('(INTJ, ->, NUM, root)'), np.str_('(PRON, ->, ADV, cc)'), np.str_('(VERB, <-, X, flat:foreign)'), np.str_('(PROPN, <-, PRON, advcl)'), np.str_('(PRON, ->, PUNCT, mark)')]",Dostoevsky
31,31,"[np.float64(174.92765294320125), np.float64(168.11479621366217), np.float64(152.39963702695087), np.float64(140.45558999218113), np.float64(122.52166566916347)]","[np.int64(23), np.int64(636), np.int64(227), np.int64(195), np.int64(309)]","[np.float64(0.001812438902085623), np.float64(0.001812438902085623), np.float64(0.022301321172582933), np.float64(0.001812438902085623), np.float64(0.008183756299206988)]","[np.str_('(PROPN, ->, ADV, obl)'), np.str_('(VERB, <-, AUX, csubj)'), np.str_('(ADV, <-, DET, parataxis)'), np.str_('(PROPN, <-, NOUN, amod)'), np.str_('(PART, ->, NOUN, fixed)')]",Dovlatov
32,32,"[np.float64(279.2777019694563), np.float64(232.1743132441783), np.float64(229.53185755738016), np.float64(206.20122918845294), np.float64(205.50016064887657)]","[np.int64(325), np.int64(624), np.int64(297), np.int64(823), np.int64(218)]","[np.float64(0.025088582297768725), np.float64(0.0093832403931162), np.float64(0.04949508029945749), np.float64(0.007055886126133983), np.float64(0.021982062708684753)]","[np.str_('(NOUN, ->, PROPN, root)'), np.str_('(NOUN, ->, ADV, orphan)'), np.str_('(ADV, ->, AUX, csubj)'), np.str_('(PART, <-, CCONJ, parataxis)'), np.str_('(PRON, <-, ADV, root)')]",Dragunski
33,33,"[np.float64(145.78747650405114), np.float64(89.17415877239226), np.float64(86.86911946466526), np.float64(56.67388704365825), np.float64(56.448512157233765)]","[np.int64(536), np.int64(1081), np.int64(1261), np.int64(830), np.int64(195)]","[np.float64(0.0296440845785171), np.float64(0.0296440845785171), np.float64(0.0296440845785171), np.float64(0.0), np.float64(0.0)]","[np.str_('(PROPN, <-, VERB, parataxis)'), np.str_('(PROPN, <-, NOUN, appos)'), np.str_('(NOUN, ->, PROPN, nsubj)'), np.str_('(VERB, <-, ADJ, conj)'), np.str_('(PROPN, <-, NOUN, amod)')]",Drobyshevsky Rupasova
34,34,"[np.float64(98.55635000865695), np.float64(92.67571405324813), np.float64(84.92697020759213), np.float64(72.9892776919995), np.float64(44.595483239715314)]","[np.int64(173), np.int64(537), np.int64(19), np.int64(359), np.int64(1207)]","[np.float64(0.05229701118166301), np.float64(0.12220033513073514), np.float64(0.09911233722617788), np.float64(0.10641875188219715), np.float64(0.002559939460162361)]","[np.str_('(VERB, ->, PAD, conj)'), np.str_('(SCONJ, <-, ADJ, obl)'), np.str_('(VERB, <-, ADV, parataxis)'), np.str_('(NOUN, ->, NOUN, nsubj:pass)'), np.str_('(PROPN, <-, PROPN, case)')]",Drobyshevsky
35,35,"[np.float64(107.16842815853752), np.float64(92.13497966028696), np.float64(88.27478169842128), np.float64(83.26201587251045), np.float64(81.85017833372376)]","[np.int64(1036), np.int64(739), np.int64(111), np.int64(626), np.int64(274)]","[np.float64(0.027989918477989643), np.float64(0.013994959238994822), np.float64(0.009329972825996548), np.float64(0.004664986412998274), np.float64(0.013994959238994822)]","[np.str_('(ADV, <-, PRON, orphan)'), np.str_('(PRON, <-, NOUN, acl:relcl)'), np.str_('(VERB, <-, PART, parataxis)'), np.str_('(ADJ, <-, NOUN, root)'), np.str_('(ADV, ->, NOUN, obj)')]",Dubchak
36,36,"[np.float64(137.89634935500283), np.float64(124.50979612285575), np.float64(90.73658224969822), np.float64(84.90152476035536), np.float64(76.41426479770182)]","[np.int64(1904), np.int64(1583), np.int64(1459), np.int64(12), np.int64(909)]","[np.float64(0.019796390382927943), np.float64(0.019796390382927943), np.float64(0.019796390382927943), np.float64(0.019796390382927943), np.float64(0.0)]","[np.str_('(NOUN, <-, ADV, conj)'), np.str_('(CCONJ, ->, ADJ, root)'), np.str_('(PRON, ->, NOUN, appos)'), np.str_('(ADJ, ->, ADP, discourse)'), np.str_('(VERB, ->, PUNCT, punct)')]",EdimDoma
37,37,"[np.float64(339.5321534240153), np.float64(265.8797695414654), np.float64(256.4971675272025), np.float64(254.56244728115658), np.float64(240.1698573281981)]","[np.int64(898), np.int64(689), np.int64(219), np.int64(1), np.int64(1067)]","[np.float64(0.010495383124965778), np.float64(0.017538202881875038), np.float64(0.01009327827382699), np.float64(0.005907241089447978), np.float64(0.010385100089348865)]","[np.str_('(PART, <-, PRON, discourse)'), np.str_('(X, <-, ADJ, flat:foreign)'), np.str_('(ADJ, <-, ADV, amod)'), np.str_('(DET, ->, PART, cc)'), np.str_('(NUM, ->, NUM, nummod:gov)')]",Efremov
38,38,"[np.float64(231.39968048603455), np.float64(141.6626216260373), np.float64(102.58494936721642), np.float64(100.02444011145784), np.float64(95.84887536818974)]","[np.int64(0), np.int64(588), np.int64(639), np.int64(490), np.int64(1996)]","[np.float64(0.060952352561536964), np.float64(0.009831510204421943), np.float64(0.008745859534494551), np.float64(0.032007269920798), np.float64(0.0010522076183672627)]","[np.str_('(DET, ->, VERB, cop)'), np.str_('(PRON, <-, PRON, advcl)'), np.str_('(NOUN, ->, PROPN, parataxis)'), np.str_('(NOUN, ->, PUNCT, acl:relcl)'), np.str_('(ADV, <-, PRON, case)')]",Epstein
39,39,"[np.float64(190.62197340911754), np.float64(170.3732078357856), np.float64(142.2413910843021), np.float64(130.21658540041767), np.float64(124.24994939896214)]","[np.int64(238), np.int64(1589), np.int64(501), np.int64(129), np.int64(1360)]","[np.float64(0.03510993383688781), np.float64(0.008081822430589277), np.float64(0.01860488535525813), np.float64(0.02928431700999621), np.float64(0.008388780221343664)]","[np.str_('(NOUN, <-, ADV, obj)'), np.str_('(PART, ->, PUNCT, punct)'), np.str_('(PRON, <-, PART, obl)'), np.str_('(ADJ, <-, DET, advcl)'), np.str_('(ADJ, ->, NOUN, parataxis)')]",Exler
40,40,"[np.float64(456.2054831253324), np.float64(292.9148622836316), np.float64(228.2237109497739), np.float64(228.1051207513882), np.float64(224.14650430646552)]","[np.int64(458), np.int64(84), np.int64(34), np.int64(111), np.int64(739)]","[np.float64(0.013482576192477395), np.float64(0.00551523206297192), np.float64(0.011283215231196459), np.float64(0.02581624183395453), np.float64(0.009923241741921844)]","[np.str_('(ADV, ->, VERB, parataxis)'), np.str_('(PART, ->, NOUN, nmod)'), np.str_('(ADJ, <-, ADJ, advmod)'), np.str_('(VERB, <-, PART, parataxis)'), np.str_('(PRON, <-, NOUN, acl:relcl)')]",Fadeev
41,41,"[np.float64(174.94096464626696), np.float64(144.17733099709866), np.float64(139.2222837781502), np.float64(130.0888046677784), np.float64(128.9876016278097)]","[np.int64(448), np.int64(458), np.int64(174), np.int64(199), np.int64(450)]","[np.float64(0.01479266998241979), np.float64(0.022730666136003518), np.float64(0.034489454048636646), np.float64(0.03001640698338863), np.float64(0.03131655332858538)]","[np.str_('(SCONJ, ->, ADJ, obl)'), np.str_('(ADV, ->, VERB, parataxis)'), np.str_('(ADJ, ->, ADJ, iobj)'), np.str_('(PRON, ->, ADV, mark)'), np.str_('(PART, ->, INTJ, cc)')]",Furmanov
42,42,"[np.float64(135.81121274344488), np.float64(99.9862194523483), np.float64(79.0193601545313), np.float64(76.15415593103769), np.float64(71.66873259133602)]","[np.int64(423), np.int64(1076), np.int64(140), np.int64(1872), np.int64(464)]","[np.float64(0.026855949699304847), np.float64(0.011432083776251769), np.float64(0.02467446782653003), np.float64(0.005579630877284847), np.float64(0.014085488204053155)]","[np.str_('(ADJ, <-, VERB, amod)'), np.str_('(ADP, <-, PRON, advmod)'), np.str_('(ADV, <-, ADV, fixed)'), np.str_('(CCONJ, ->, VERB, parataxis)'), np.str_('(PROPN, ->, ADV, punct)')]",Gachev
43,43,"[np.float64(88.57110196844121), np.float64(83.82113664629503), np.float64(81.31153114855424), np.float64(77.17228631382899), np.float64(75.22439834599804)]","[np.int64(16), np.int64(603), np.int64(1220), np.int64(19), np.int64(627)]","[np.float64(0.04507510048846135), np.float64(0.01824138666493432), np.float64(0.0), np.float64(0.040778936909164995), np.float64(0.022537550244230674)]","[np.str_('(PRON, ->, ADV, advmod)'), np.str_('(ADV, <-, VERB, advcl)'), np.str_('(PROPN, <-, PRON, orphan)'), np.str_('(VERB, <-, ADV, parataxis)'), np.str_('(ADJ, <-, NOUN, nmod)')]",Gasymov
44,44,"[np.float64(231.55122051399317), np.float64(217.85946979198627), np.float64(207.64109320093462), np.float64(170.87662313857209), np.float64(151.31791795155993)]","[np.int64(900), np.int64(627), np.int64(463), np.int64(440), np.int64(1326)]","[np.float64(0.0080909164305549), np.float64(0.025339472554103737), np.float64(0.008354781441455645), np.float64(0.019804255400471968), np.float64(0.029769834712241844)]","[np.str_('(VERB, ->, ADJ, parataxis)'), np.str_('(ADJ, <-, NOUN, nmod)'), np.str_('(VERB, <-, PART, fixed)'), np.str_('(ADV, <-, VERB, fixed)'), np.str_('(VERB, <-, ADJ, root)')]",Gaydar
45,45,"[np.float64(67.6551801951584), np.float64(44.644529400557836), np.float64(42.063469199739615), np.float64(40.94410760125362), np.float64(38.98212941216548)]","[np.int64(998), np.int64(1360), np.int64(1564), np.int64(1083), np.int64(97)]","[np.float64(0.01661255347359357), np.float64(0.01661255347359357), np.float64(0.01661255347359357), np.float64(0.0), np.float64(0.01661255347359357)]","[np.str_('(NOUN, ->, VERB, cop)'), np.str_('(ADJ, ->, NOUN, parataxis)'), np.str_('(NOUN, ->, ADJ, amod)'), np.str_('(NOUN, ->, ADV, obl)'), np.str_('(PRON, <-, VERB, iobj)')]",GazetaRu
46,46,"[np.float64(253.78472586723424), np.float64(176.3979323114565), np.float64(153.32118729447578), np.float64(142.04692659809186), np.float64(133.99266432800883)]","[np.int64(132), np.int64(112), np.int64(793), np.int64(86), np.int64(95)]","[np.float64(0.01699684754158595), np.float64(0.1230241921742367), np.float64(0.01480937804403637), np.float64(0.006589071250268761), np.float64(0.005626924627359243)]","[np.str_('(PROPN, <-, NUM, nsubj)'), np.str_('(ADJ, <-, DET, nmod)'), np.str_('(PROPN, <-, SCONJ, nsubj)'), np.str_('(NOUN, <-, VERB, nmod)'), np.str_('(NOUN, ->, NUM, det)')]",Gelb
47,47,"[np.float64(72.74446699677695), np.float64(52.19232752622069), np.float64(49.86705230566998), np.float64(48.84747319836966), np.float64(47.60627284129582)]","[np.int64(848), np.int64(1251), np.int64(639), np.int64(803), np.int64(325)]","[np.float64(0.00830108485027499), np.float64(0.004150542425137495), np.float64(0.004150542425137495), np.float64(0.010376356062843739), np.float64(0.0020752712125687474)]","[np.str_('(NOUN, ->, SYM, nummod:entity)'), np.str_('(VERB, <-, VERB, amod)'), np.str_('(NOUN, ->, PROPN, parataxis)'), np.str_('(PART, <-, NOUN, punct)'), np.str_('(NOUN, ->, PROPN, root)')]",Gorelov
48,48,"[np.float64(166.4344004477463), np.float64(64.9030039842797), np.float64(48.6161106128739), np.float64(45.695495342241095), np.float64(36.3007461550075)]","[np.int64(35), np.int64(39), np.int64(1818), np.int64(50), np.int64(1367)]","[np.float64(0.045326108843602934), np.float64(0.011331527210900734), np.float64(0.011331527210900734), np.float64(0.0), np.float64(0.009400841649156583)]","[np.str_('(NOUN, ->, ADV, advmod)'), np.str_('(ADJ, ->, PRON, nsubj)'), np.str_('(NOUN, <-, ADJ, nsubj:pass)'), np.str_('(VERB, <-, VERB, advcl)'), np.str_('(PART, <-, DET, advmod)')]",GorVestnik
49,49,"[np.float64(251.44137295374682), np.float64(194.97255712416623), np.float64(176.67711295699542), np.float64(171.7048218720179), np.float64(150.75906998276025)]","[np.int64(33), np.int64(1147), np.int64(698), np.int64(1321), np.int64(1090)]","[np.float64(0.03801606129590115), np.float64(0.032762172532320874), np.float64(0.029672164321445007), np.float64(0.0034605040654541053), np.float64(0.006962340517419159)]","[np.str_('(NOUN, ->, VERB, amod)'), np.str_('(DET, <-, NOUN, advmod)'), np.str_('(X, ->, NOUN, appos)'), np.str_('(PROPN, ->, ADV, orphan)'), np.str_('(NOUN, <-, PROPN, fixed)')]",Granin
50,50,"[np.float64(224.63665032866865), np.float64(191.68964090880186), np.float64(172.0837635359579), np.float64(169.8898769684936), np.float64(164.897813552311)]","[np.int64(125), np.int64(1083), np.int64(1459), np.int64(615), np.int64(631)]","[np.float64(0.011854808097019375), np.float64(0.015484692436091687), np.float64(0.009340267695770541), np.float64(0.006843094492774929), np.float64(0.0334915221201885)]","[np.str_('(PRON, ->, PRON, punct)'), np.str_('(NOUN, ->, ADV, obl)'), np.str_('(PRON, ->, NOUN, appos)'), np.str_('(NOUN, ->, ADJ, acl)'), np.str_('(NUM, <-, ADV, obl)')]",Grekova
51,51,"[np.float64(387.57751419170233), np.float64(286.34524115125123), np.float64(257.7776537131779), np.float64(253.76091184580508), np.float64(231.03368075030392)]","[np.int64(19), np.int64(1299), np.int64(986), np.int64(661), np.int64(1967)]","[np.float64(0.02240144123981747), np.float64(0.003427461828049866), np.float64(0.005584244673103292), np.float64(0.027662466136610667), np.float64(0.018636091684479925)]","[np.str_('(VERB, <-, ADV, parataxis)'), np.str_('(VERB, ->, ADV, conj)'), np.str_('(PRON, <-, ADJ, amod)'), np.str_('(NOUN, <-, PRON, parataxis)'), np.str_('(NOUN, <-, ADV, csubj)')]",Grin
52,52,"[np.float64(97.91329481661371), np.float64(84.04818462788751), np.float64(80.7370094797885), np.float64(72.75873051533148), np.float64(62.19920908633939)]","[np.int64(232), np.int64(552), np.int64(141), np.int64(277), np.int64(94)]","[np.float64(0.048572342825084554), np.float64(0.0430312731315429), np.float64(0.04537946500472194), np.float64(0.035763890480297), np.float64(0.16447569469097073)]","[np.str_('(PART, <-, ADV, csubj)'), np.str_('(PRON, <-, ADV, nmod)'), np.str_('(PUNCT, ->, ADV, root)'), np.str_('(ADV, <-, VERB, discourse)'), np.str_('(ADJ, ->, PROPN, advcl)')]",Gusev
53,53,"[np.float64(128.08692781949594), np.float64(60.63234563945232), np.float64(52.38681845385423), np.float64(32.56195703237896), np.float64(29.282135134984983)]","[np.int64(23), np.int64(1337), np.int64(1754), np.int64(39), np.int64(1382)]","[np.float64(0.04387497732318183), np.float64(0.0006742595545677768), np.float64(0.006501877831740774), np.float64(0.009752816747611163), np.float64(0.003250938915870387)]","[np.str_('(PROPN, ->, ADV, obl)'), np.str_('(CCONJ, <-, ADJ, conj)'), np.str_('(DET, <-, DET, det)'), np.str_('(ADJ, ->, PRON, nsubj)'), np.str_('(VERB, ->, DET, nsubj:pass)')]",Gusiatnikova
54,54,"[np.float64(216.56336940939448), np.float64(214.5693646323786), np.float64(180.628908399219), np.float64(173.30063332647995), np.float64(172.37286955344243)]","[np.int64(174), np.int64(898), np.int64(938), np.int64(527), np.int64(219)]","[np.float64(0.010628562993466465), np.float64(0.02472332856894167), np.float64(0.02486230319246584), np.float64(0.01185630342459241), np.float64(0.006790939099767874)]","[np.str_('(ADJ, ->, ADJ, iobj)'), np.str_('(PART, <-, PRON, discourse)'), np.str_('(PROPN, ->, PROPN, nmod)'), np.str_('(NUM, ->, PROPN, advcl)'), np.str_('(ADJ, <-, ADV, amod)')]",Hoffman
55,55,"[np.float64(234.62043209553946), np.float64(230.0614192270887), np.float64(225.82808535816622), np.float64(188.1823133595704), np.float64(187.48257001230047)]","[np.int64(342), np.int64(709), np.int64(48), np.int64(790), np.int64(239)]","[np.float64(0.022035276359406632), np.float64(0.021808845724820093), np.float64(0.037652889605676074), np.float64(0.01503346521022912), np.float64(0.0026731691246598354)]","[np.str_('(ADV, <-, ADJ, ccomp)'), np.str_('(AUX, <-, VERB, conj)'), np.str_('(CCONJ, <-, VERB, parataxis)'), np.str_('(NOUN, ->, NUM, orphan)'), np.str_('(NOUN, <-, NOUN, mark)')]",Kassil
56,56,"[np.float64(330.14896897086487), np.float64(298.4078923817064), np.float64(290.7386924122465), np.float64(283.08347723699706), np.float64(261.5708814386643)]","[np.int64(1219), np.int64(1820), np.int64(714), np.int64(900), np.int64(1768)]","[np.float64(0.004854780895309534), np.float64(0.006823875710710475), np.float64(0.011977471296334346), np.float64(0.0058525027410031875), np.float64(0.005360077609772391)]","[np.str_('(NOUN, ->, NUM, case)'), np.str_('(PROPN, <-, NOUN, acl)'), np.str_('(INTJ, <-, INTJ, discourse)'), np.str_('(VERB, ->, ADJ, parataxis)'), np.str_('(DET, ->, ADP, fixed)')]",Kataev
57,57,"[np.float64(286.03115628139756), np.float64(219.68893349865903), np.float64(209.03477118726835), np.float64(208.54924323845452), np.float64(193.20060855166676)]","[np.int64(406), np.int64(775), np.int64(531), np.int64(564), np.int64(1938)]","[np.float64(0.04132202029687894), np.float64(0.023925172635412124), np.float64(0.013400266663423996), np.float64(0.046400810693422515), np.float64(0.037616349221325444)]","[np.str_('(PART, <-, NOUN, conj)'), np.str_('(VERB, <-, PART, csubj)'), np.str_('(INTJ, ->, ADJ, parataxis)'), np.str_('(PROPN, ->, DET, nummod)'), np.str_('(ADJ, <-, INTJ, root)')]",Kaverin
58,58,"[np.float64(106.64821669877989), np.float64(87.10080367355421), np.float64(65.84745143644845), np.float64(61.696783756753575), np.float64(61.08020297697687)]","[np.int64(244), np.int64(1646), np.int64(1360), np.int64(1124), np.int64(1585)]","[np.float64(0.032405134285495546), np.float64(0.012962053714198217), np.float64(0.006481026857099109), np.float64(0.006481026857099109), np.float64(0.006481026857099109)]","[np.str_('(PROPN, <-, X, flat:foreign)'), np.str_('(VERB, <-, VERB, csubj:pass)'), np.str_('(ADJ, ->, NOUN, parataxis)'), np.str_('(PROPN, ->, PROPN, fixed)'), np.str_('(NOUN, ->, ADJ, nsubj)')]",Kirsanova Anodina Aksenov
59,59,"[np.float64(98.73786593756235), np.float64(89.47324862079165), np.float64(81.38282611057413), np.float64(81.06063682169312), np.float64(76.79905318341021)]","[np.int64(75), np.int64(1034), np.int64(400), np.int64(225), np.int64(347)]","[np.float64(0.026039287816962065), np.float64(0.0043205336203682694), np.float64(0.001627455488560129), np.float64(0.012138020848979459), np.float64(0.021213893363772336)]","[np.str_('(NUM, ->, VERB, acl:relcl)'), np.str_('(PART, ->, NOUN, conj)'), np.str_('(ADJ, <-, ADV, advcl)'), np.str_('(NOUN, ->, VERB, root)'), np.str_('(PAD, ->, DET, punct)')]",Knabe
60,60,"[np.float64(143.10256767618813), np.float64(137.71046832389857), np.float64(129.96818316953798), np.float64(118.67890553240721), np.float64(101.8344098724555)]","[np.int64(701), np.int64(342), np.int64(557), np.int64(603), np.int64(360)]","[np.float64(0.011205864180114468), np.float64(0.022411728360228936), np.float64(0.011205864180114468), np.float64(0.011205864180114468), np.float64(0.033617592540343404)]","[np.str_('(PROPN, ->, ADP, case)'), np.str_('(ADV, <-, ADJ, ccomp)'), np.str_('(PRON, <-, NUM, obl)'), np.str_('(ADV, <-, VERB, advcl)'), np.str_('(NOUN, <-, PRON, nmod)')]",Koni
61,61,"[np.float64(225.84743756538077), np.float64(213.2876892190475), np.float64(199.75188400502853), np.float64(187.45477145806748), np.float64(170.55576680650492)]","[np.int64(417), np.int64(820), np.int64(381), np.int64(51), np.int64(112)]","[np.float64(0.011008603973915074), np.float64(0.016036354238363453), np.float64(0.014659260067588683), np.float64(0.04541121996886928), np.float64(0.017490571996587437)]","[np.str_('(VERB, <-, DET, parataxis)'), np.str_('(ADP, <-, NOUN, parataxis)'), np.str_('(VERB, <-, DET, conj)'), np.str_('(ADJ, <-, VERB, nsubj)'), np.str_('(ADJ, <-, DET, nmod)')]",Kozlov
62,62,"[np.float64(248.99652469774603), np.float64(194.70490642248288), np.float64(186.3144279546624), np.float64(174.17384927617135), np.float64(171.527030209873)]","[np.int64(100), np.int64(701), np.int64(473), np.int64(349), np.int64(1221)]","[np.float64(0.021215148863104053), np.float64(0.007042467337226333), np.float64(0.01804909858648518), np.float64(0.0020936785665615176), np.float64(0.00847689022316118)]","[np.str_('(ADJ, <-, NUM, advcl)'), np.str_('(PROPN, ->, ADP, case)'), np.str_('(VERB, ->, NOUN, det)'), np.str_('(PRON, <-, NUM, conj)'), np.str_('(VERB, ->, DET, obl)')]",Krapivin
63,63,"[np.float64(352.96815599163654), np.float64(342.13211990803455), np.float64(257.593451355229), np.float64(249.27905914310512), np.float64(246.36835742049374)]","[np.int64(375), np.int64(264), np.int64(1792), np.int64(904), np.int64(820)]","[np.float64(0.023982872828165736), np.float64(0.030195480544684506), np.float64(0.006338663433239714), np.float64(0.0452586816563561), np.float64(0.03278630228469764)]","[np.str_('(VERB, <-, INTJ, parataxis)'), np.str_('(PRON, ->, CCONJ, cc)'), np.str_('(CCONJ, <-, ADJ, advmod)'), np.str_('(X, ->, NOUN, parataxis)'), np.str_('(ADP, <-, NOUN, parataxis)')]",Kuprin
64,64,"[np.float64(148.1700637521386), np.float64(128.10305653093965), np.float64(103.49816506170305), np.float64(100.89493323514058), np.float64(89.07668735636194)]","[np.int64(33), np.int64(189), np.int64(73), np.int64(1444), np.int64(1320)]","[np.float64(0.026731434348308755), np.float64(0.024521229709354924), np.float64(0.050235822051952206), np.float64(0.010094995786773293), np.float64(0.008850092285338724)]","[np.str_('(NOUN, ->, VERB, amod)'), np.str_('(PRON, ->, AUX, cop)'), np.str_('(ADV, <-, ADV, ccomp)'), np.str_('(AUX, <-, VERB, xcomp)'), np.str_('(PRON, <-, ADP, fixed)')]",Lermontov
65,65,"[np.float64(228.63810711617768), np.float64(143.11583012880723), np.float64(136.74951387639376), np.float64(85.71042807915708), np.float64(84.40830041576045)]","[np.int64(60), np.int64(1147), np.int64(309), np.int64(666), np.int64(82)]","[np.float64(0.05150925365083846), np.float64(0.011449095355878288), np.float64(0.02716081565252542), np.float64(0.021002564737685192), np.float64(0.07710385224950969)]","[np.str_('(VERB, ->, PRON, amod)'), np.str_('(DET, <-, NOUN, advmod)'), np.str_('(PART, ->, NOUN, fixed)'), np.str_('(PUNCT, <-, ADJ, conj)'), np.str_('(PROPN, ->, SYM, conj)')]",Losev
66,66,"[np.float64(227.2759269747862), np.float64(216.14558559662234), np.float64(119.42556677877008), np.float64(114.20467794755771), np.float64(113.35508543576618)]","[np.int64(19), np.int64(50), np.int64(407), np.int64(1462), np.int64(672)]","[np.float64(0.014894870097985945), np.float64(0.019859826797314597), np.float64(0.012412391748321622), np.float64(0.0024824783496643246), np.float64(0.00926779192489753)]","[np.str_('(VERB, <-, ADV, parataxis)'), np.str_('(VERB, <-, VERB, advcl)'), np.str_('(ADJ, <-, ADV, parataxis)'), np.str_('(ADJ, ->, PRON, conj)'), np.str_('(PART, <-, PROPN, parataxis)')]",Lubimova
67,67,"[np.float64(296.0523810486014), np.float64(274.202322351493), np.float64(239.59816346249013), np.float64(233.46081341451819), np.float64(214.72945397121097)]","[np.int64(94), np.int64(360), np.int64(284), np.int64(603), np.int64(3)]","[np.float64(0.07170953585921833), np.float64(0.02010777111499229), np.float64(0.0108476878033323), np.float64(0.01829132470085955), np.float64(0.031965958890033584)]","[np.str_('(ADJ, ->, PROPN, advcl)'), np.str_('(NOUN, <-, PRON, nmod)'), np.str_('(VERB, ->, VERB, mark)'), np.str_('(ADV, <-, VERB, advcl)'), np.str_('(CCONJ, <-, ADV, root)')]",Lukyanenko
68,68,"[np.float64(132.77311394928657), np.float64(132.3956053459994), np.float64(116.23830806821103), np.float64(114.49212377119694), np.float64(105.23633966803192)]","[np.int64(0), np.int64(334), np.int64(244), np.int64(624), np.int64(103)]","[np.float64(0.07531096017354957), np.float64(0.06966263816053338), np.float64(0.013179418030371178), np.float64(0.009222614868349039), np.float64(0.011296644026032438)]","[np.str_('(DET, ->, VERB, cop)'), np.str_('(INTJ, <-, VERB, nsubj)'), np.str_('(PROPN, <-, X, flat:foreign)'), np.str_('(NOUN, ->, ADV, orphan)'), np.str_('(PROPN, <-, ADV, nmod)')]",Lungu
69,69,"[np.float64(112.33006929176076), np.float64(100.01591665454595), np.float64(93.99643925711973), np.float64(88.86939004714846), np.float64(88.08720427138164)]","[np.int64(555), np.int64(922), np.int64(526), np.int64(174), np.int64(801)]","[np.float64(0.04727806942628922), np.float64(0.011676083519877867), np.float64(0.026486278735468632), np.float64(0.017161722468824473), np.float64(0.04036242195599192)]","[np.str_('(NUM, ->, PROPN, conj)'), np.str_('(ADJ, <-, PRON, conj)'), np.str_('(ADJ, <-, ADJ, det)'), np.str_('(ADJ, ->, ADJ, iobj)'), np.str_('(ADP, ->, CCONJ, advmod)')]",Makushinskiyi
70,70,"[np.float64(117.60702531583696), np.float64(102.20480597159602), np.float64(96.31350614617006), np.float64(93.93364802223176), np.float64(92.89058108449237)]","[np.int64(237), np.int64(39), np.int64(1696), np.int64(589), np.int64(1100)]","[np.float64(0.08613300121101776), np.float64(0.058738696078395845), np.float64(0.007677682522054116), np.float64(0.03925785721315958), np.float64(0.024147772355468212)]","[np.str_('(CCONJ, ->, PUNCT, fixed)'), np.str_('(ADJ, ->, PRON, nsubj)'), np.str_('(CCONJ, <-, PROPN, conj)'), np.str_('(NOUN, ->, CCONJ, flat:foreign)'), np.str_('(PRON, <-, PRON, nsubj)')]",Malevish
71,71,"[np.float64(355.0847699642228), np.float64(194.70448402894547), np.float64(165.85585282405165), np.float64(155.76283547226777), np.float64(152.6837196770776)]","[np.int64(204), np.int64(381), np.int64(661), np.int64(627), np.int64(140)]","[np.float64(0.048487973532687224), np.float64(0.039742403087309), np.float64(0.02677430972616866), np.float64(0.008825954868037993), np.float64(0.0074508910391393145)]","[np.str_('(ADJ, ->, AUX, parataxis)'), np.str_('(VERB, <-, DET, conj)'), np.str_('(NOUN, <-, PRON, parataxis)'), np.str_('(ADJ, <-, NOUN, nmod)'), np.str_('(ADV, <-, ADV, fixed)')]",Mamin-Sibiryak
72,72,"[np.float64(158.39703574351896), np.float64(117.9657312572181), np.float64(116.67885074488935), np.float64(116.0264751535966), np.float64(109.52703070020927)]","[np.int64(111), np.int64(1320), np.int64(413), np.int64(228), np.int64(257)]","[np.float64(0.05560038830037656), np.float64(0.011120077660075311), np.float64(0.011120077660075311), np.float64(0.011120077660075311), np.float64(0.03892027181026359)]","[np.str_('(VERB, <-, PART, parataxis)'), np.str_('(PRON, <-, ADP, fixed)'), np.str_('(PRON, ->, NOUN, nsubj)'), np.str_('(NUM, ->, NOUN, flat)'), np.str_('(PUNCT, <-, INTJ, root)')]",Mamina
73,73,"[np.float64(170.8529018698805), np.float64(135.10567815408223), np.float64(134.6139704132357), np.float64(124.13033534880506), np.float64(122.7473956154344)]","[np.int64(93), np.int64(1011), np.int64(17), np.int64(710), np.int64(326)]","[np.float64(0.0401051981183044), np.float64(0.00401051981183044), np.float64(0.02807363868281308), np.float64(0.0200525990591522), np.float64(0.01580420182165586)]","[np.str_('(INTJ, ->, INTJ, flat)'), np.str_('(PART, <-, PUNCT, root)'), np.str_('(PRON, ->, ADJ, orphan)'), np.str_('(ADV, <-, NOUN, orphan)'), np.str_('(ADJ, ->, ADJ, xcomp)')]",Marchik
74,74,"[np.float64(247.0776866369224), np.float64(206.59155616274512), np.float64(195.1894374785951), np.float64(194.1609896840465), np.float64(183.27463751495947)]","[np.int64(380), np.int64(214), np.int64(417), np.int64(666), np.int64(1219)]","[np.float64(0.014764056958536947), np.float64(0.011977074897494404), np.float64(0.022287678735361787), np.float64(0.007703561628400167), np.float64(0.008098893645607029)]","[np.str_('(ADV, ->, ADV, ccomp)'), np.str_('(PRON, ->, NOUN, root)'), np.str_('(VERB, <-, DET, parataxis)'), np.str_('(PUNCT, <-, ADJ, conj)'), np.str_('(NOUN, ->, NUM, case)')]",Marinina
75,75,"[np.float64(138.27972674433846), np.float64(115.19400807630568), np.float64(87.02530878006777), np.float64(75.1283398946055), np.float64(73.34678329731022)]","[np.int64(406), np.int64(189), np.int64(1551), np.int64(1979), np.int64(39)]","[np.float64(0.018884855614483262), np.float64(0.018884855614483262), np.float64(0.0), np.float64(0.01573737967873605), np.float64(0.05035961497195537)]","[np.str_('(PART, <-, NOUN, conj)'), np.str_('(PRON, ->, AUX, cop)'), np.str_('(NOUN, <-, PAD, conj)'), np.str_('(X, ->, X, xcomp)'), np.str_('(ADJ, ->, PRON, nsubj)')]",Mikhalkov
76,76,"[np.float64(192.08320951481952), np.float64(170.81522535274644), np.float64(170.23586880784293), np.float64(164.68912321242578), np.float64(159.42788313480784)]","[np.int64(1050), np.int64(373), np.int64(441), np.int64(140), np.int64(1682)]","[np.float64(0.006307405214194059), np.float64(0.016275775135204396), np.float64(0.028705313144805962), np.float64(0.022066635621684212), np.float64(0.008257579974713866)]","[np.str_('(DET, ->, PROPN, flat:name)'), np.str_('(NOUN, ->, CCONJ, parataxis)'), np.str_('(ADV, ->, PART, aux)'), np.str_('(ADV, <-, ADV, fixed)'), np.str_('(X, ->, X, obl)')]",Moshkov
77,77,"[np.float64(125.11790085071972), np.float64(123.78398724814997), np.float64(111.73110468386626), np.float64(102.15666156492625), np.float64(95.33681475398355)]","[np.int64(676), np.int64(200), np.int64(195), np.int64(631), np.int64(1352)]","[np.float64(0.01658883819383112), np.float64(0.03317767638766224), np.float64(0.01658883819383112), np.float64(0.01658883819383112), np.float64(0.01658883819383112)]","[np.str_('(NOUN, <-, VERB, obj)'), np.str_('(ADV, <-, ADJ, conj)'), np.str_('(PROPN, <-, NOUN, amod)'), np.str_('(NUM, <-, ADV, obl)'), np.str_('(PROPN, <-, PROPN, amod)')]",NakedScience
78,78,[],[],[],[],nlobooks[ru]
79,79,"[np.float64(215.3688109124767), np.float64(171.8076900803169), np.float64(143.92128736498967), np.float64(142.98748705056784), np.float64(137.18448026984063)]","[np.int64(400), np.int64(627), np.int64(643), np.int64(1704), np.int64(922)]","[np.float64(0.036440358345348305), np.float64(0.016639680457256587), np.float64(0.00824381795446744), np.float64(0.003315354153225318), np.float64(0.0030690184577778046)]","[np.str_('(ADJ, <-, ADV, advcl)'), np.str_('(ADJ, <-, NOUN, nmod)'), np.str_('(ADV, <-, VERB, nsubj)'), np.str_('(PRON, ->, PROPN, case)'), np.str_('(ADJ, <-, PRON, conj)')]",Nosov
80,80,"[np.float64(267.19247363871716), np.float64(243.51382791287082), np.float64(225.42725849188378), np.float64(214.46315372309442), np.float64(186.4094585376667)]","[np.int64(485), np.int64(1501), np.int64(477), np.int64(56), np.int64(1172)]","[np.float64(0.04368304066340497), np.float64(0.013718502537669151), np.float64(0.006342447771310285), np.float64(0.041281332666054306), np.float64(0.005442184591179897)]","[np.str_('(PRON, <-, SCONJ, nsubj)'), np.str_('(ADV, <-, PROPN, discourse)'), np.str_('(NUM, <-, NOUN, fixed)'), np.str_('(PART, <-, INTJ, det)'), np.str_('(ADV, ->, ADV, appos)')]",Oseeva
81,81,"[np.float64(131.102157309889), np.float64(110.33477987027368), np.float64(103.78602571691694), np.float64(101.83727275755652), np.float64(94.07040196546548)]","[np.int64(225), np.int64(1302), np.int64(200), np.int64(1116), np.int64(879)]","[np.float64(0.07518848914478578), np.float64(0.022523298965492346), np.float64(0.022523298965492346), np.float64(0.006028378242760217), np.float64(0.0)]","[np.str_('(NOUN, ->, VERB, root)'), np.str_('(INTJ, <-, INTJ, fixed)'), np.str_('(ADV, <-, ADJ, conj)'), np.str_('(VERB, <-, NOUN, xcomp)'), np.str_('(VERB, ->, INTJ, parataxis)')]",Oster
82,82,"[np.float64(173.63552477791916), np.float64(115.25444696267478), np.float64(114.32688055048413), np.float64(109.36353351603616), np.float64(103.50560196232618)]","[np.int64(216), np.int64(75), np.int64(302), np.int64(1187), np.int64(439)]","[np.float64(0.03822526695650889), np.float64(0.05733790043476334), np.float64(0.006370877826084816), np.float64(0.004981121866299861), np.float64(0.019112633478254443)]","[np.str_('(DET, ->, ADV, conj)'), np.str_('(NUM, ->, VERB, acl:relcl)'), np.str_('(PART, ->, PRON, nsubj)'), np.str_('(PROPN, <-, NOUN, obl)'), np.str_('(ADJ, <-, ADJ, parataxis)')]",Plevako
83,83,"[np.float64(135.96700134797157), np.float64(135.8256054200295), np.float64(126.73210330834313), np.float64(119.14970072579688), np.float64(114.19106771677076)]","[np.int64(782), np.int64(1585), np.int64(1411), np.int64(239), np.int64(416)]","[np.float64(0.021413805746568967), np.float64(0.004752897297858659), np.float64(0.01313707501342674), np.float64(0.018674241331898562), np.float64(0.010345350252185359)]","[np.str_('(DET, ->, ADJ, acl)'), np.str_('(NOUN, ->, ADJ, nsubj)'), np.str_('(ADV, <-, PART, conj)'), np.str_('(NOUN, <-, NOUN, mark)'), np.str_('(VERB, ->, DET, conj)')]",Preobrazhensky
84,84,"[np.float64(275.8697149071215), np.float64(149.60827275609242), np.float64(141.38278772865905), np.float64(129.94222741260532), np.float64(124.84430016949392)]","[np.int64(407), np.int64(176), np.int64(709), np.int64(1169), np.int64(1147)]","[np.float64(0.013281878666587614), np.float64(0.016655498827083972), np.float64(0.017250853244349707), np.float64(0.005179033319940462), np.float64(0.013622030484986787)]","[np.str_('(ADJ, <-, ADV, parataxis)'), np.str_('(VERB, <-, SCONJ, advcl)'), np.str_('(AUX, <-, VERB, conj)'), np.str_('(PART, ->, PART, advmod)'), np.str_('(DET, <-, NOUN, advmod)')]",Prokofeva
85,85,"[np.float64(136.82785517755408), np.float64(123.83831857827528), np.float64(106.6278901511692), np.float64(100.76336275275455), np.float64(81.26204979235968)]","[np.int64(891), np.int64(536), np.int64(474), np.int64(406), np.int64(462)]","[np.float64(0.020078585939568128), np.float64(0.044978156447701166), np.float64(0.05922917359289026), np.float64(0.020078585939568128), np.float64(0.007628800685501606)]","[np.str_('(NUM, <-, ADJ, nsubj)'), np.str_('(PROPN, <-, VERB, parataxis)'), np.str_('(NUM, <-, NOUN, nsubj)'), np.str_('(PART, <-, NOUN, conj)'), np.str_('(DET, ->, PROPN, obl)')]",Pushkin
86,86,"[np.float64(28.977200133559368), np.float64(27.65276703358086), np.float64(22.556799356533592), np.float64(19.364125349411164), np.float64(14.247642544087684)]","[np.int64(1377), np.int64(765), np.int64(1221), np.int64(701), np.int64(1281)]","[np.float64(0.018780317749110532), np.float64(0.03018306793449014), np.float64(0.010061022644830043), np.float64(0.0), np.float64(0.010061022644830043)]","[np.str_('(VERB, ->, VERB, appos)'), np.str_('(NUM, ->, SYM, nmod)'), np.str_('(VERB, ->, DET, obl)'), np.str_('(PROPN, ->, ADP, case)'), np.str_('(ADJ, ->, PART, conj)')]",pvlida
87,87,"[np.float64(200.685649475107), np.float64(172.88547612035023), np.float64(145.23432885597072), np.float64(134.7590273430878), np.float64(125.66978130074627)]","[np.int64(48), np.int64(49), np.int64(88), np.int64(958), np.int64(161)]","[np.float64(0.018739382519333492), np.float64(0.0024574609292811692), np.float64(0.0006041141002906899), np.float64(0.00573306329487783), np.float64(0.016798954340378706)]","[np.str_('(CCONJ, <-, VERB, parataxis)'), np.str_('(PAD, <-, VERB, xcomp)'), np.str_('(ADJ, <-, ADJ, nsubj)'), np.str_('(PAD, <-, VERB, obl)'), np.str_('(PRON, ->, PRON, orphan)')]",Regentov
88,88,"[np.float64(206.7535200274904), np.float64(170.2177260922867), np.float64(158.8009478664784), np.float64(158.25292960974716), np.float64(156.13577625431932)]","[np.int64(901), np.int64(1870), np.int64(1205), np.int64(661), np.int64(1253)]","[np.float64(0.015736839692092778), np.float64(0.017381830540422295), np.float64(0.007224557646754904), np.float64(0.0057610259183210905), np.float64(0.013364165164219658)]","[np.str_('(PROPN, ->, ADV, mark)'), np.str_('(PRON, <-, ADV, cc)'), np.str_('(ADV, ->, ADV, obl)'), np.str_('(NOUN, <-, PRON, parataxis)'), np.str_('(PRON, ->, DET, root)')]",Rubina
89,89,"[np.float64(256.0974087564357), np.float64(250.18975492652103), np.float64(222.28200426285133), np.float64(192.64553430939156), np.float64(191.81661522226935)]","[np.int64(1656), np.int64(607), np.int64(1049), np.int64(304), np.int64(1221)]","[np.float64(0.010549434608709008), np.float64(0.00822949197718934), np.float64(0.018638337164919618), np.float64(0.01312603671464476), np.float64(0.003320375328533608)]","[np.str_('(SCONJ, <-, PROPN, parataxis)'), np.str_('(ADV, <-, PROPN, root)'), np.str_('(ADV, <-, X, conj)'), np.str_('(ADJ, ->, X, conj)'), np.str_('(VERB, ->, DET, obl)')]",Rybakov
90,90,"[np.float64(165.39311654797692), np.float64(163.5363550736428), np.float64(120.31920253964118), np.float64(110.84839317508161), np.float64(110.65146894050066)]","[np.int64(0), np.int64(1459), np.int64(19), np.int64(762), np.int64(1542)]","[np.float64(0.111167853917932), np.float64(0.010742680235103006), np.float64(0.058785973258461154), np.float64(0.028521657593532583), np.float64(0.04964414921901108)]","[np.str_('(DET, ->, VERB, cop)'), np.str_('(PRON, ->, NOUN, appos)'), np.str_('(VERB, <-, ADV, parataxis)'), np.str_('(ADJ, ->, PRON, acl)'), np.str_('(PAD, <-, VERB, parataxis)')]",Salnikov
91,91,"[np.float64(189.9430042014691), np.float64(180.737863074251), np.float64(153.2295664094283), np.float64(147.58465919605555), np.float64(146.91832866653004)]","[np.int64(760), np.int64(40), np.int64(177), np.int64(1282), np.int64(1827)]","[np.float64(0.05090783446481575), np.float64(0.0986224937906119), np.float64(0.01944358213770978), np.float64(0.0072544993318836345), np.float64(0.01125887708351399)]","[np.str_('(AUX, ->, VERB, ccomp)'), np.str_('(PAD, <-, VERB, cop)'), np.str_('(ADV, ->, ADP, conj)'), np.str_('(PART, ->, ADV, advmod)'), np.str_('(PROPN, ->, ADP, mark)')]",SaltykovSchedrin
92,92,"[np.float64(144.76943194832862), np.float64(115.7319696059455), np.float64(50.74708905867169), np.float64(48.673115339395224), np.float64(46.77955667548903)]","[np.int64(12), np.int64(790), np.int64(1235), np.int64(605), np.int64(900)]","[np.float64(0.0805778782401693), np.float64(0.02467041905625824), np.float64(0.003686646135318072), np.float64(0.049881543672485755), np.float64(0.003837041820960443)]","[np.str_('(ADJ, ->, ADP, discourse)'), np.str_('(NOUN, ->, NUM, orphan)'), np.str_('(NOUN, ->, ADP, case)'), np.str_('(VERB, ->, DET, obj)'), np.str_('(VERB, ->, ADJ, parataxis)')]",Semihatov
93,93,"[np.float64(307.8990633804833), np.float64(307.5752713855606), np.float64(211.42370398531332), np.float64(185.8694563841137), np.float64(158.40813245441385)]","[np.int64(380), np.int64(177), np.int64(819), np.int64(1254), np.int64(377)]","[np.float64(0.013558892141232267), np.float64(0.040454427490730395), np.float64(0.07361985946761905), np.float64(0.01203057371921149), np.float64(0.0034571099733823316)]","[np.str_('(ADV, ->, ADV, ccomp)'), np.str_('(ADV, ->, ADP, conj)'), np.str_('(NUM, ->, NUM, amod)'), np.str_('(VERB, <-, VERB, appos)'), np.str_('(PROPN, ->, VERB, orphan)')]",Serafimovich
94,94,"[np.float64(260.4057495749257), np.float64(182.99069878431442), np.float64(167.49889080975603), np.float64(156.85825801256306), np.float64(152.80264406299295)]","[np.int64(782), np.int64(375), np.int64(1648), np.int64(255), np.int64(1512)]","[np.float64(0.020879839127810256), np.float64(0.02162218589246301), np.float64(0.0052895264086973825), np.float64(0.041704229326366395), np.float64(0.002321616350452006)]","[np.str_('(DET, ->, ADJ, acl)'), np.str_('(VERB, <-, INTJ, parataxis)'), np.str_('(ADJ, ->, ADP, mark)'), np.str_('(ADJ, ->, X, cc)'), np.str_('(PART, ->, ADJ, det)')]",Sergeev-Tsenskij
95,95,"[np.float64(107.73750984974203), np.float64(101.01053578272622), np.float64(96.63859716401132), np.float64(94.33391402246976), np.float64(89.69675759747913)]","[np.int64(462), np.int64(3), np.int64(0), np.int64(1639), np.int64(519)]","[np.float64(0.05649779758348931), np.float64(0.044428307566159904), np.float64(0.019433213626638416), np.float64(0.008227464364103685), np.float64(0.030717138100975757)]","[np.str_('(DET, ->, PROPN, obl)'), np.str_('(CCONJ, <-, ADV, root)'), np.str_('(DET, ->, VERB, cop)'), np.str_('(SCONJ, ->, PRON, fixed)'), np.str_('(ADV, ->, PRON, discourse)')]",Shevtsov
96,96,"[np.float64(151.0692668496453), np.float64(141.11116563617367), np.float64(139.13051766538894), np.float64(130.26708724992412), np.float64(128.56374735763623)]","[np.int64(117), np.int64(1375), np.int64(50), np.int64(458), np.int64(122)]","[np.float64(0.06801814687484635), np.float64(0.018881546063206595), np.float64(0.014390827371205719), np.float64(0.02115334991193291), np.float64(0.003172845475445491)]","[np.str_('(INTJ, ->, NOUN, nsubj)'), np.str_('(VERB, ->, X, obl)'), np.str_('(VERB, <-, VERB, advcl)'), np.str_('(ADV, ->, VERB, parataxis)'), np.str_('(CCONJ, ->, DET, det)')]",Shukshin
97,97,"[np.float64(115.81408688504918), np.float64(113.86568149257825), np.float64(106.78587112061983), np.float64(98.740976024974), np.float64(98.02754215021552)]","[np.int64(396), np.int64(267), np.int64(400), np.int64(891), np.int64(200)]","[np.float64(0.03988723508505275), np.float64(0.013295745028350915), np.float64(0.03988723508505275), np.float64(0.02659149005670183), np.float64(0.013295745028350915)]","[np.str_('(VERB, ->, AUX, cop)'), np.str_('(VERB, ->, NOUN, advcl)'), np.str_('(ADJ, <-, ADV, advcl)'), np.str_('(NUM, <-, ADJ, nsubj)'), np.str_('(ADV, <-, ADJ, conj)')]",ShushpanovLouk
98,98,"[np.float64(131.13232690480874), np.float64(94.65003434394022), np.float64(88.86815053213269), np.float64(88.2890374293445), np.float64(86.11629159314701)]","[np.int64(320), np.int64(1367), np.int64(34), np.int64(676), np.int64(277)]","[np.float64(0.02317767237223125), np.float64(0.011588836186115625), np.float64(0.025182331020570856), np.float64(0.006796747417227617), np.float64(0.07354233441337296)]","[np.str_('(NUM, ->, PRON, iobj)'), np.str_('(PART, <-, DET, advmod)'), np.str_('(ADJ, <-, ADJ, advmod)'), np.str_('(NOUN, <-, VERB, obj)'), np.str_('(ADV, <-, VERB, discourse)')]",Shushpanov
99,99,"[np.float64(200.12089643210032), np.float64(192.11324861916952), np.float64(172.08973459069105), np.float64(166.00819109970516), np.float64(157.54568322024204)]","[np.int64(465), np.int64(140), np.int64(324), np.int64(36), np.int64(1115)]","[np.float64(0.019945156374583786), np.float64(0.03022204744346716), np.float64(0.020038125528486318), np.float64(0.022624441795947005), np.float64(0.021709828394059535)]","[np.str_('(AUX, ->, PART, cc)'), np.str_('(ADV, <-, ADV, fixed)'), np.str_('(PRON, <-, PART, mark)'), np.str_('(ADP, <-, PRON, parataxis)'), np.str_('(AUX, <-, ADV, fixed)')]",Simonov
100,100,"[np.float64(103.57729195351254), np.float64(79.45522956108579), np.float64(62.90973657782847), np.float64(60.57309803655108), np.float64(58.66477461206336)]","[np.int64(672), np.int64(555), np.int64(23), np.int64(257), np.int64(649)]","[np.float64(0.01723148271329557), np.float64(0.021539353391619463), np.float64(0.011615136278566354), np.float64(0.01292361203497168), np.float64(0.012508608299994537)]","[np.str_('(PART, <-, PROPN, parataxis)'), np.str_('(NUM, ->, PROPN, conj)'), np.str_('(PROPN, ->, ADV, obl)'), np.str_('(PUNCT, <-, INTJ, root)'), np.str_('(ADP, ->, ADP, fixed)')]",Soloviev
101,101,"[np.float64(204.04644102722654), np.float64(48.07376894879179), np.float64(46.28116544486281), np.float64(45.97139538134311), np.float64(44.69344184354238)]","[np.int64(23), np.int64(385), np.int64(193), np.int64(318), np.int64(520)]","[np.float64(0.08103947007068585), np.float64(0.014471333941193902), np.float64(0.026048401094149024), np.float64(0.0028942667882387797), np.float64(0.010793253048685794)]","[np.str_('(PROPN, ->, ADV, obl)'), np.str_('(DET, ->, PRON, nmod)'), np.str_('(ADJ, ->, CCONJ, mark)'), np.str_('(NOUN, <-, ADP, orphan)'), np.str_('(ADV, ->, VERB, fixed)')]",Solovyov
102,102,"[np.float64(131.2897887393882), np.float64(125.35188481063815), np.float64(103.24500661169378), np.float64(98.75972504952854), np.float64(98.49650876967418)]","[np.int64(299), np.int64(1068), np.int64(244), np.int64(65), np.int64(574)]","[np.float64(0.031945485667526224), np.float64(0.023696768829283142), np.float64(0.010185853598924693), np.float64(0.07037406658162564), np.float64(0.03587288783844467)]","[np.str_('(PART, <-, VERB, conj)'), np.str_('(X, ->, PRON, nsubj)'), np.str_('(PROPN, <-, X, flat:foreign)'), np.str_('(ADJ, ->, ADJ, nsubj:pass)'), np.str_('(ADJ, ->, ADJ, obj)')]",Stepnova
103,103,"[np.float64(281.18384836133964), np.float64(274.4852073522884), np.float64(253.999602423901), np.float64(243.7548046382038), np.float64(219.29277715705538)]","[np.int64(796), np.int64(1561), np.int64(986), np.int64(1169), np.int64(875)]","[np.float64(0.027984526117484775), np.float64(0.005472519473044672), np.float64(0.012434811326376265), np.float64(0.01513262036845498), np.float64(0.0146189458099314)]","[np.str_('(PRON, ->, ADP, root)'), np.str_('(CCONJ, ->, ADJ, amod)'), np.str_('(PRON, <-, ADJ, amod)'), np.str_('(PART, ->, PART, advmod)'), np.str_('(PART, ->, PART, conj)')]",Strugatskie
104,104,"[np.float64(229.3939051772978), np.float64(208.4357941147067), np.float64(202.5896857892388), np.float64(191.1182363310716), np.float64(156.5118844840447)]","[np.int64(219), np.int64(1076), np.int64(94), np.int64(1250), np.int64(1965)]","[np.float64(0.011595496886314085), np.float64(0.023919541618586664), np.float64(0.011985812841693725), np.float64(0.00306381874868641), np.float64(0.0033870790568128082)]","[np.str_('(ADJ, <-, ADV, amod)'), np.str_('(ADP, <-, PRON, advmod)'), np.str_('(ADJ, ->, PROPN, advcl)'), np.str_('(ADV, <-, NOUN, det)'), np.str_('(PRON, ->, PROPN, acl:relcl)')]",Tamonikov
105,105,"[np.float64(268.2192141950087), np.float64(185.74769468111367), np.float64(116.04973361095938), np.float64(90.99970586190166), np.float64(84.30408985016658)]","[np.int64(135), np.int64(1765), np.int64(419), np.int64(545), np.int64(257)]","[np.float64(0.13308942301418686), np.float64(0.02870748731291081), np.float64(0.026617884602837368), np.float64(0.030166935883215687), np.float64(0.01774525640189158)]","[np.str_('(PART, <-, CCONJ, conj)'), np.str_('(NOUN, ->, VERB, advcl)'), np.str_('(VERB, <-, VERB, obl)'), np.str_('(ADJ, <-, ADV, ccomp)'), np.str_('(PUNCT, <-, INTJ, root)')]",TEDRus
106,106,"[np.float64(219.01875985404948), np.float64(204.17453082163132), np.float64(168.7712805037881), np.float64(163.47161235514952), np.float64(162.3397485801963)]","[np.int64(218), np.int64(1983), np.int64(1277), np.int64(48), np.int64(687)]","[np.float64(0.01629715113877885), np.float64(0.0038785965302346585), np.float64(0.0035292845182230484), np.float64(0.03412866870970576), np.float64(0.006871904562839263)]","[np.str_('(PRON, <-, ADV, root)'), np.str_('(PAD, ->, NOUN, obl)'), np.str_('(PROPN, <-, ADJ, parataxis)'), np.str_('(CCONJ, <-, VERB, parataxis)'), np.str_('(PRON, ->, PART, mark)')]",Teffi
107,107,"[np.float64(217.9247800498548), np.float64(213.4153510725585), np.float64(210.16340420560073), np.float64(196.82694976857638), np.float64(189.51406982222747)]","[np.int64(38), np.int64(328), np.int64(61), np.int64(780), np.int64(541)]","[np.float64(0.0769749586692073), np.float64(0.04183039225249013), np.float64(0.11585320326554237), np.float64(0.009954205243617358), np.float64(0.03578814180107364)]","[np.str_('(NOUN, <-, ADV, punct)'), np.str_('(ADJ, <-, PAD, advmod)'), np.str_('(VERB, <-, PART, xcomp)'), np.str_('(PRON, ->, PRON, acl)'), np.str_('(NOUN, <-, PAD, obj)')]",Tolstoy
108,108,"[np.float64(213.98988806395127), np.float64(200.13771454381774), np.float64(168.72336311063702), np.float64(155.26025873398243), np.float64(153.10346265521133)]","[np.int64(302), np.int64(443), np.int64(1465), np.int64(473), np.int64(709)]","[np.float64(0.035360385921871205), np.float64(0.021304440374368974), np.float64(0.0013809836714428244), np.float64(0.01706773912960774), np.float64(0.01240467048884366)]","[np.str_('(PART, ->, PRON, nsubj)'), np.str_('(PART, ->, PRON, nummod)'), np.str_('(NOUN, ->, X, acl:relcl)'), np.str_('(VERB, ->, NOUN, det)'), np.str_('(AUX, <-, VERB, conj)')]",Turgenev
109,109,"[np.float64(137.8584261555348), np.float64(98.07181172844892), np.float64(90.18378340797673), np.float64(87.08537236889802), np.float64(84.88602262147654)]","[np.int64(734), np.int64(103), np.int64(1321), np.int64(1217), np.int64(7)]","[np.float64(0.005718601515767507), np.float64(0.07104691001152304), np.float64(0.0014757442872153292), np.float64(0.0070176885440715025), np.float64(0.10136346385909989)]","[np.str_('(DET, ->, PRON, cop)'), np.str_('(PROPN, <-, ADV, nmod)'), np.str_('(PROPN, ->, ADV, orphan)'), np.str_('(ADJ, ->, VERB, acl)'), np.str_('(VERB, ->, ADP, parataxis)')]",Uspensky
110,110,"[np.float64(261.44636352684245), np.float64(250.34194014916088), np.float64(230.6854702026067), np.float64(229.704197548057), np.float64(228.48833116116225)]","[np.int64(527), np.int64(418), np.int64(859), np.int64(1435), np.int64(1501)]","[np.float64(0.031869287659393127), np.float64(0.011670543914238092), np.float64(0.00864062778889359), np.float64(0.029844262737144727), np.float64(0.009217053516147081)]","[np.str_('(NUM, ->, PROPN, advcl)'), np.str_('(NOUN, ->, AUX, aux)'), np.str_('(PROPN, ->, PART, discourse)'), np.str_('(VERB, ->, CCONJ, fixed)'), np.str_('(ADV, <-, PROPN, discourse)')]",Vainery
111,111,"[np.float64(47.0877804913685), np.float64(36.68671932131507), np.float64(31.161991073787465), np.float64(27.847413224428948), np.float64(23.196164639544513)]","[np.int64(219), np.int64(91), np.int64(781), np.int64(615), np.int64(312)]","[np.float64(0.07724523172695284), np.float64(0.0774604946762338), np.float64(0.030571738167088885), np.float64(0.031989521505621614), np.float64(0.01463399798984247)]","[np.str_('(ADJ, <-, ADV, amod)'), np.str_('(DET, ->, PART, orphan)'), np.str_('(ADJ, <-, PROPN, obl)'), np.str_('(NOUN, ->, ADJ, acl)'), np.str_('(NOUN, ->, X, mark)')]",vestnik nsu
112,112,"[np.float64(50.26963979446313), np.float64(33.654270710431405), np.float64(33.53191264147939), np.float64(23.177957735983302), np.float64(18.345571738620514)]","[np.int64(1449), np.int64(16), np.int64(1282), np.int64(1083), np.int64(1368)]","[np.float64(0.014571136244236617), np.float64(0.13994305211851693), np.float64(0.029142272488473234), np.float64(0.0), np.float64(0.0)]","[np.str_('(VERB, <-, NOUN, nmod)'), np.str_('(PRON, ->, ADV, advmod)'), np.str_('(PART, ->, ADV, advmod)'), np.str_('(NOUN, ->, ADV, obl)'), np.str_('(NOUN, <-, CCONJ, nmod)')]",VestnikRayona
113,113,"[np.float64(220.23608339025213), np.float64(179.58040043113715), np.float64(164.11875562433477), np.float64(117.41365362435945), np.float64(115.58327536832027)]","[np.int64(33), np.int64(1083), np.int64(16), np.int64(35), np.int64(42)]","[np.float64(0.06001970180373504), np.float64(0.0166721393899264), np.float64(0.03501149271884543), np.float64(0.07169019937668351), np.float64(0.03501149271884543)]","[np.str_('(NOUN, ->, VERB, amod)'), np.str_('(NOUN, ->, ADV, obl)'), np.str_('(PRON, ->, ADV, advmod)'), np.str_('(NOUN, ->, ADV, advmod)'), np.str_('(PROPN, <-, ADJ, iobj)')]",Vladimirova
114,114,"[np.float64(183.45923214114404), np.float64(161.4438064916785), np.float64(159.48360505319152), np.float64(158.91253722831146), np.float64(154.76779160772904)]","[np.int64(326), np.int64(127), np.int64(105), np.int64(1444), np.int64(1459)]","[np.float64(0.020861613806257964), np.float64(0.031968413893332076), np.float64(0.003735705872261969), np.float64(0.0008755837039047233), np.float64(0.008690103117538431)]","[np.str_('(ADJ, ->, ADJ, xcomp)'), np.str_('(VERB, ->, PART, cc)'), np.str_('(PART, <-, DET, conj)'), np.str_('(AUX, <-, VERB, xcomp)'), np.str_('(PRON, ->, NOUN, appos)')]",Vlasova
115,115,"[np.float64(254.06176432288706), np.float64(225.24351510647662), np.float64(193.35577554520162), np.float64(184.8663645988682), np.float64(180.62413117617743)]","[np.int64(89), np.int64(501), np.int64(91), np.int64(462), np.int64(958)]","[np.float64(0.056602496323466055), np.float64(0.014005800630634292), np.float64(0.008819093652646699), np.float64(0.0044294785246505744), np.float64(0.02858113979339643)]","[np.str_('(PRON, ->, X, parataxis)'), np.str_('(PRON, <-, PART, obl)'), np.str_('(DET, ->, PART, orphan)'), np.str_('(DET, ->, PROPN, obl)'), np.str_('(PAD, <-, VERB, obl)')]",Voinovich
116,116,"[np.float64(270.1116453606229), np.float64(157.3073982875216), np.float64(156.1728740665219), np.float64(155.75220005907948), np.float64(150.49140176886561)]","[np.int64(380), np.int64(51), np.int64(572), np.int64(1369), np.int64(810)]","[np.float64(0.024604410534928487), np.float64(0.07919064785279804), np.float64(0.005831191968762589), np.float64(0.0037278804466512896), np.float64(0.008079812715621125)]","[np.str_('(ADV, ->, ADV, ccomp)'), np.str_('(ADJ, <-, VERB, nsubj)'), np.str_('(ADV, ->, PROPN, orphan)'), np.str_('(VERB, ->, NOUN, csubj)'), np.str_('(NOUN, ->, ADV, csubj)')]",Volkov
117,117,"[np.float64(109.73354932777556), np.float64(97.17791117751426), np.float64(96.60083288834416), np.float64(79.00969681833593), np.float64(77.22380924103605)]","[np.int64(19), np.int64(267), np.int64(238), np.int64(419), np.int64(1002)]","[np.float64(0.013395367325393316), np.float64(0.026790734650786633), np.float64(0.026790734650786633), np.float64(0.10885838392460118), np.float64(0.013395367325393316)]","[np.str_('(VERB, <-, ADV, parataxis)'), np.str_('(VERB, ->, NOUN, advcl)'), np.str_('(NOUN, <-, ADV, obj)'), np.str_('(VERB, <-, VERB, obl)'), np.str_('(ADV, ->, CCONJ, advmod)')]",Vorotyntseva
118,118,"[np.float64(64.76922308519968), np.float64(63.44662519157408), np.float64(61.915991080494834), np.float64(60.610320776311674), np.float64(47.78669094617396)]","[np.int64(1785), np.int64(19), np.int64(1658), np.int64(1299), np.int64(200)]","[np.float64(0.013387651099975462), np.float64(0.05355060439990185), np.float64(0.0), np.float64(0.013387651099975462), np.float64(0.0)]","[np.str_('(ADV, ->, ADJ, obj)'), np.str_('(VERB, <-, ADV, parataxis)'), np.str_('(PROPN, <-, ADV, obl)'), np.str_('(VERB, ->, ADV, conj)'), np.str_('(ADV, <-, ADJ, conj)')]",YasenevoMedia
119,119,"[np.float64(327.3413868559593), np.float64(269.8917725990286), np.float64(267.1216092474067), np.float64(234.85066876860182), np.float64(233.1428059263636)]","[np.int64(167), np.int64(1067), np.int64(504), np.int64(1826), np.int64(1149)]","[np.float64(0.04644179940883804), np.float64(0.014486620332264714), np.float64(0.007495258566365924), np.float64(0.006796818196405762), np.float64(0.02917141208510369)]","[np.str_('(NOUN, ->, PROPN, obj)'), np.str_('(NUM, ->, NUM, nummod:gov)'), np.str_('(DET, ->, PRON, acl:relcl)'), np.str_('(ADJ, ->, VERB, punct)'), np.str_('(PROPN, <-, VERB, orphan)')]",Zemlyanoj
120,120,"[np.float64(183.82723666180797), np.float64(154.2662833405738), np.float64(153.0866679081341), np.float64(122.37665272628627), np.float64(107.62152821140293)]","[np.int64(33), np.int64(1540), np.int64(19), np.int64(676), np.int64(97)]","[np.float64(0.044464662151264545), np.float64(0.021444305477638655), np.float64(0.09272019580597132), np.float64(0.024921924888136982), np.float64(0.01849803748831791)]","[np.str_('(NOUN, ->, VERB, amod)'), np.str_('(PART, <-, DET, obl)'), np.str_('(VERB, <-, ADV, parataxis)'), np.str_('(NOUN, <-, VERB, obj)'), np.str_('(PRON, <-, VERB, iobj)')]",Zhitkov
121,121,"[np.float64(288.37943523961644), np.float64(204.74224736831465), np.float64(180.42055664900474), np.float64(171.98500872634173), np.float64(167.38865608650804)]","[np.int64(1571), np.int64(557), np.int64(641), np.int64(1646), np.int64(84)]","[np.float64(0.026662260812606395), np.float64(0.014047173078043079), np.float64(0.012754457491912213), np.float64(0.004840753728272415), np.float64(0.010839790877862356)]","[np.str_('(PRON, ->, ADV, obl)'), np.str_('(PRON, <-, NUM, obl)'), np.str_('(ADJ, ->, NOUN, cc)'), np.str_('(VERB, <-, VERB, csubj:pass)'), np.str_('(PART, ->, NOUN, nmod)')]",ZlotnikovNikolaev
122,122,"[np.float64(294.90083287932595), np.float64(196.6278057868376), np.float64(192.3814620081956), np.float64(186.11224687799972), np.float64(183.4646242435766)]","[np.int64(360), np.int64(1083), np.int64(778), np.int64(300), np.int64(552)]","[np.float64(0.0082561802869907), np.float64(0.014579058206305909), np.float64(0.008341364651658318), np.float64(0.011776619149477545), np.float64(0.015374304739834276)]","[np.str_('(NOUN, <-, PRON, nmod)'), np.str_('(NOUN, ->, ADV, obl)'), np.str_('(PRON, ->, PROPN, obl)'), np.str_('(SCONJ, ->, PRON, root)'), np.str_('(PRON, <-, ADV, nmod)')]",Zlotnikov
123,123,"[np.float64(283.14851995940876), np.float64(224.22878808264107), np.float64(186.67715844613667), np.float64(175.0831030304695), np.float64(173.44867390014537)]","[np.int64(1950), np.int64(1086), np.int64(381), np.int64(240), np.int64(1967)]","[np.float64(0.02039398071402339), np.float64(0.008648774199890425), np.float64(0.029324556731364658), np.float64(0.03024934402823262), np.float64(0.009099374812511938)]","[np.str_('(PUNCT, <-, ADV, root)'), np.str_('(VERB, ->, ADJ, nsubj)'), np.str_('(VERB, <-, DET, conj)'), np.str_('(ADJ, <-, DET, conj)'), np.str_('(NOUN, <-, ADV, csubj)')]",Zoschenko
